data;horario;n_da_ocorrencia;tipo_de_ocorrencia;km;trecho;sentido;tipo_de_acidente;automovel;bicicleta;caminhao;moto;onibus;outros;tracao_animal;transporte_de_cargas_especiais;trator_maquinas;utilitarios;ilesos;levemente_feridos;moderadamente_feridos;gravemente_feridos;mortos
"31/07/2020";"08:36:00";"214";"Sem vítima";"262";"BR-386/RS";"Sul";"Colisão - Lateral";0;0;0;0;0;0;0;1;0;1;3;0;0;0;0
"31/07/2020";"09:08:00";"219";"Sem vítima";"54";"BR-290/RS";"Oeste";"Colisão - Traseira";0;0;0;0;0;0;0;0;1;1;2;0;0;0;0
"31/07/2020";"11:21:00";"236";"Sem vítima";"11";"BR-101/RS";"Sul";"Colisão - Lateral";2;0;0;0;0;0;0;0;0;0;2;0;0;0;0
"01/08/2020";"10:29:00";"70";"Acidente s";"7";"BR-101/RS";"Sul";"Colisão - Lateral";1;0;0;0;0;0;0;1;0;0;6;0;0;0;0
"01/08/2020";"03:06:00";"121";"Acidente c";"231";"BR-386/RS";"Norte";"Colisão - Traseira";2;0;0;0;0;0;0;0;0;0;1;0;1;0;0
"01/08/2020";"03:15:00";"127";"Acidente s";"230";"BR-386/RS";"Norte";"Colisão - Traseira";1;0;0;0;0;0;0;1;0;0;3;0;0;0;0
"01/08/2020";"05:25:00";"159";"Acidente c";"27";"BR-290/RS";"Oeste";"Colisão - Transversal";0;0;0;1;0;0;0;0;0;1;4;0;0;0;1
"01/08/2020";"05:50:00";"163";"Acidente s";"30";"BR-290/RS";"Leste";"Queda de ribanceira";1;0;0;0;0;0;0;0;0;0;2;0;0;0;0
"01/08/2020";"06:17:00";"166";"Acidente s";"327";"BR-386/RS";"Norte";"Colisão - Lateral";2;0;0;0;0;0;0;0;0;0;2;0;0;0;0
"01/08/2020";"08:19:00";"179";"Acidente s";"68";"BR-290/RS";"Leste";"Queda de moto";0;0;0;1;0;0;0;0;0;0;1;0;0;0;0
"02/08/2020";"03:14:00";"11";"Acidente c";"9";"BR-290/RS";"Oeste";"Queda de moto";0;0;0;1;0;0;0;0;0;0;0;2;0;0;0
"02/08/2020";"03:40:00";"12";"Acidente c";"61";"BR-290/RS";"Oeste";"Saída de pista";0;0;1;0;0;0;0;0;0;0;0;0;1;0;0
"02/08/2020";"11:06:00";"58";"Acidente c";"10";"BR-101/RS";"Sul";"Colisão - Lateral";2;0;0;0;0;0;0;0;0;0;6;0;2;0;0
"02/08/2020";"08:40:00";"171";"Acidente s";"1";"BR-448/RS";"Norte";"Atropelamento de Animal";1;0;0;0;0;0;0;0;0;0;1;0;0;0;0
"03/08/2020";"03:20:00";"11";"Acidente s";"57";"BR-101/RS";"Sul";"Queda de ribanceira";1;0;0;0;0;0;0;0;0;0;1;0;0;0;0
"03/08/2020";"07:58:00";"37";"Acidente s";"436";"BR-386/RS";"Norte";"Colisão - Lateral";1;0;1;0;0;0;0;0;0;0;2;0;0;0;0
"03/08/2020";"10:24:00";"83";"Acidente c";"88";"BR-290/RS";"Leste";"Colisão - Traseira";0;0;0;0;0;0;0;2;0;0;1;0;0;0;1
"03/08/2020";"06:25:00";"175";"Acidente s";"72";"BR-290/RS";"Oeste";"Choque com objeto sobre a pista";1;0;0;0;0;0;0;0;0;0;1;0;0;0;0
"03/08/2020";"08:19:00";"190";"Acidente c";"236";"BR-386/RS";"Norte";"Queda de ribanceira";1;0;0;0;0;0;0;0;0;0;0;2;0;0;0
"04/08/2020";"07:07:00";"23";"Acidente s";"373";"BR-386/RS";"Sul";"Saída de pista";0;0;0;1;0;0;0;0;0;1;2;0;0;0;0
"04/08/2020";"10:09:00";"86";"Acidente s";"98";"BR-290/RS";"Oeste";"Engavetamento";4;0;0;0;0;0;0;0;0;0;4;0;0;0;0
"04/08/2020";"04:12:00";"168";"Acidente c";"77";"BR-101/RS";"Sul";"Queda de ribanceira";1;0;0;0;0;0;0;0;0;0;0;0;1;1;0
"04/08/2020";"04:14:00";"169";"Acidente s";"86";"BR-290/RS";"Leste";"Colisão - Lateral";1;0;1;0;0;0;0;0;0;0;2;0;0;0;0
"04/08/2020";"07:16:00";"193";"Acidente c";"87";"BR-290/RS";"Leste";"Colisão - Traseira";1;0;0;0;0;0;0;1;0;0;2;2;0;0;0
"04/08/2020";"09:38:00";"207";"Acidente s";"295";"BR-386/RS";"Norte";"Queda de Carga";0;0;0;0;0;0;0;0;0;1;2;0;0;0;0
"04/08/2020";"09:51:00";"208";"Acidente s";"60";"BR-290/RS";"Leste";"Choque - Sinalização";1;0;0;0;0;0;0;0;0;0;4;0;0;0;0
"05/08/2020";"01:21:00";"3";"Acidente s";"68";"BR-290/RS";"Oeste";"Queda de ribanceira";1;0;0;0;0;0;0;0;0;0;1;0;0;0;0
"05/08/2020";"05:06:00";"11";"Acidente s";"427";"BR-386/RS";"Sul";"Choque Defensa";1;0;0;0;0;0;0;0;0;0;1;0;0;0;0
"05/08/2020";"07:53:00";"30";"Acidente s";"89";"BR-290/RS";"Oeste";"Choque Barreira";1;0;0;0;0;0;0;0;0;0;1;0;0;0;0
"05/08/2020";"11:14:00";"92";"Acidente s";"16";"BR-448/RS";"Sul";"Colisão - Transversal";2;0;0;0;0;0;0;0;0;0;3;0;0;0;0
"05/08/2020";"11:17:00";"93";"Acidente s";"92";"BR-290/RS";"Oeste";"Outros";1;0;0;0;0;0;0;0;0;0;1;0;0;0;0
"05/08/2020";"11:19:00";"94";"Acidente c";"258";"BR-386/RS";"Norte";"Tombamento";0;0;1;0;0;0;0;0;0;0;1;1;0;0;0
"05/08/2020";"11:56:00";"102";"Acidente c";"255";"BR-386/RS";"Sul";"Tombamento";0;0;0;0;0;0;0;1;0;0;0;1;0;0;0
"05/08/2020";"12:08:00";"105";"Acidente c";"443";"BR-386/RS";"Norte";"Queda de ribanceira";1;0;0;0;0;0;0;0;0;0;0;1;0;0;0
"05/08/2020";"01:18:00";"118";"Acidente s";"15";"BR-448/RS";"Sul";"Choque Defensa";1;0;0;0;0;0;0;0;0;0;1;0;0;0;0
"05/08/2020";"02:19:00";"129";"Acidente c";"89.18";"BR-290/RS";"Leste";"Queda de moto";0;0;0;1;0;0;0;0;0;0;0;2;0;0;0
"05/08/2020";"06:19:00";"175";"Acidente c";"60";"BR-290/RS";"Oeste";"Colisão - Traseira";2;0;0;0;0;0;0;0;0;0;1;4;0;0;0
"05/08/2020";"08:15:00";"194";"Acidente s";"343";"BR-386/RS";"Sul";"Saída de pista";1;0;0;0;0;0;0;0;0;0;1;0;0;0;0
"05/08/2020";"08:26:00";"199";"Acidente s";"268";"BR-386/RS";"Sul";"Queda de ribanceira";1;0;0;0;0;0;0;1;0;0;3;0;0;0;0
"06/08/2020";"02:48:00";"11";"Acidente s";"279";"BR-386/RS";"Norte";"Queda de ribanceira";1;0;0;0;0;0;0;0;0;0;1;0;0;0;0
"06/08/2020";"08:33:00";"61";"Acidente s";"15";"BR-290/RS";"Leste";"Queda de ribanceira";1;0;0;0;0;0;0;0;0;0;2;0;0;0;0
"06/08/2020";"10:44:00";"89";"Acidente s";"260";"BR-386/RS";"Norte";"Colisão - Traseira";2;0;0;0;0;0;0;0;0;0;2;0;0;0;0
"06/08/2020";"11:51:00";"105";"Acidente s";"291";"BR-386/RS";"Norte";"Colisão - Traseira";1;0;0;0;0;0;0;1;0;0;3;0;0;0;0
"06/08/2020";"03:25:00";"147";"Acidente s";"350";"BR-386/RS";"Norte";"Colisão - Lateral";1;0;0;0;0;1;0;0;0;0;6;0;0;0;0
"06/08/2020";"06:33:00";"195";"Acidente s";"18";"BR-448/RS";"Sul";"Capotamento";1;0;0;0;0;0;0;0;0;0;1;0;0;0;0
"06/08/2020";"08:17:00";"205";"Acidente s";"14";"BR-101/RS";"Sul";"Choque com objeto sobre a pista";2;0;0;0;0;0;0;0;0;0;4;0;0;0;0
"07/08/2020";"05:27:00";"16";"Acidente c";"414";"BR-386/RS";"Norte";"Atropelamento de Animal";2;0;0;0;0;0;0;0;0;0;1;1;0;0;0
"07/08/2020";"11:02:00";"89";"Acidente s";"304";"BR-386/RS";"Norte";"Colisão - Lateral";1;0;0;0;0;0;0;1;0;0;2;0;0;0;0
"07/08/2020";"11:21:00";"97";"Acidente s";"306";"BR-386/RS";"Sul";"Colisão - Lateral";1;0;0;0;0;0;0;1;0;0;2;0;0;0;0
"07/08/2020";"12:15:00";"105";"Acidente s";"91";"BR-290/RS";"Oeste";"Colisão - Traseira";2;0;0;0;0;0;0;0;0;0;2;0;0;0;0
"07/08/2020";"03:44:00";"140";"Acidente s";"77";"BR-290/RS";"Leste";"Colisão - Traseira";2;0;0;0;0;0;0;0;0;0;2;0;0;0;0
"07/08/2020";"04:31:00";"150";"Acidente c";"344";"BR-386/RS";"Norte";"Colisão - Traseira";1;0;1;0;0;0;0;0;0;0;1;1;0;0;0
"07/08/2020";"04:37:00";"152";"Acidente c";"336";"BR-386/RS";"Norte";"Colisão - Traseira";0;0;0;1;0;0;0;1;0;0;1;1;0;0;0
"07/08/2020";"04:39:00";"154";"Acidente c";"336";"BR-386/RS";"Norte";"Queda de moto";0;0;0;1;0;0;0;0;0;0;1;1;0;0;0
"07/08/2020";"06:07:00";"166";"Acidente s";"91";"BR-290/RS";"Leste";"Colisão - Traseira";2;0;0;0;0;0;0;0;0;0;3;0;0;0;0
"07/08/2020";"08:01:00";"195";"Acidente c";"82";"BR-290/RS";"Oeste";"Capotamento";1;0;0;0;0;0;0;0;0;0;0;1;0;0;0
"08/08/2020";"02:01:00";"9";"Acidente s";"411";"BR-386/RS";"Norte";"Saída de pista";1;0;0;0;0;0;0;0;0;0;1;0;0;0;0
"08/08/2020";"03:13:00";"11";"Acidente c";"64";"BR-290/RS";"Oeste";"Capotamento";1;0;0;0;0;0;0;0;0;0;1;1;1;0;0
"08/08/2020";"08:24:00";"34";"Acidente s";"35";"BR-101/RS";"Norte";"Colisão - Traseira";0;0;0;1;0;0;0;1;0;0;2;0;0;0;0
"08/08/2020";"09:00:00";"42";"Acidente c";"96";"BR-290/RS";"Oeste";"Colisão - Traseira";2;0;0;0;0;0;0;0;0;0;5;1;0;0;0
"08/08/2020";"09:46:00";"53";"Acidente s";"234";"BR-386/RS";"Norte";"Colisão - Traseira";1;0;1;0;0;0;0;0;0;0;3;0;0;0;0
"08/08/2020";"11:50:00";"88";"Acidente c";"89";"BR-290/RS";"Oeste";"Choque Barreira";1;0;0;0;0;0;0;0;0;0;4;1;0;0;0
"08/08/2020";"12:35:00";"97";"Acidente s";"45";"BR-290/RS";"Oeste";"Capotamento";1;0;0;0;0;0;0;0;0;0;1;0;0;0;0
"08/08/2020";"08:00:00";"173";"Acidente s";"356";"BR-386/RS";"Sul";"Saída de pista";1;0;0;0;0;0;0;0;0;0;2;0;0;0;0
"08/08/2020";"08:24:00";"175";"Acidente c";"343";"BR-386/RS";"Ambos";"Colisão - Lateral";1;0;0;1;0;0;0;0;0;0;2;0;1;0;0
"09/08/2020";"12:27:00";"2";"Acidente c";"261";"BR-386/RS";"Norte";"Colisão - Traseira";2;0;0;0;0;0;0;0;0;0;3;2;0;0;0
"09/08/2020";"11:22:00";"59";"Acidente s";"94";"BR-290/RS";"Leste";"Colisão - Traseira";2;0;0;0;0;0;0;0;0;0;5;0;0;0;0
"09/08/2020";"05:15:00";"119";"Acidente c";"399";"BR-386/RS";"Norte";"Colisão - Transversal";2;0;0;0;0;0;0;0;0;0;0;1;0;0;0
"09/08/2020";"05:17:00";"121";"Acidente c";"72";"BR-101/RS";"Sul";"Colisão - Transversal";1;0;0;1;0;0;0;0;0;0;1;0;1;0;0
"09/08/2020";"06:49:00";"147";"Acidente c";"446";"BR-386/RS";"Sul";"Atropelamento de Animal";1;0;0;0;0;0;0;0;0;0;3;1;0;0;0
"09/08/2020";"07:58:00";"170";"Acidente c";"269";"BR-386/RS";"Norte";"Colisão - Traseira";2;0;0;0;0;0;0;0;0;0;3;1;0;0;0
"09/08/2020";"10:33:00";"203";"Acidente s";"92";"BR-290/RS";"Oeste";"Colisão - Traseira";2;0;0;0;0;0;0;0;0;0;2;0;0;0;0
"10/08/2020";"12:01:00";"1";"Acidente c";"26";"BR-101/RS";"Sul";"Colisão - Traseira";2;0;0;0;0;0;0;0;0;0;2;0;1;0;0
"10/08/2020";"05:47:00";"13";"Acidente s";"86";"BR-290/RS";"Oeste";"Queda de ribanceira";1;0;0;0;0;0;0;0;0;0;1;0;0;0;0
"10/08/2020";"08:29:00";"53";"Acidente s";"291";"BR-386/RS";"Norte";"Colisão - Traseira";1;0;0;0;0;0;0;1;0;0;3;0;0;0;0
"10/08/2020";"09:47:00";"87";"Acidente c";"426";"BR-386/RS";"Norte";"Colisão - Traseira";1;0;0;0;0;1;0;0;0;0;1;1;0;0;0
"10/08/2020";"10:07:00";"95";"Acidente s";"30";"BR-101/RS";"Sul";"Colisão - Lateral";1;0;1;0;0;0;0;0;0;0;4;0;0;0;0
"10/08/2020";"10:29:00";"103";"Acidente s";"295";"BR-386/RS";"Sul";"Choque com veículo na faixa de rolamento";2;0;0;0;0;0;0;0;0;0;5;0;0;0;0
"10/08/2020";"05:34:00";"208";"Acidente s";"16";"BR-448/RS";"Norte";"Colisão - Traseira";1;0;1;0;0;0;0;0;0;0;6;0;0;0;0
"10/08/2020";"05:40:00";"212";"Acidente s";"28";"BR-290/RS";"Leste";"Queda de ribanceira";0;0;1;0;0;0;0;0;0;0;1;0;0;0;0
"10/08/2020";"06:16:00";"217";"Acidente s";"13";"BR-101/RS";"Norte";"Queda de ribanceira";2;0;0;0;0;0;0;0;0;0;3;0;0;0;0
"10/08/2020";"06:34:00";"222";"Acidente s";"188";"BR-386/RS";"Sul";;1;0;1;0;0;0;0;0;0;0;3;0;0;0;0
"10/08/2020";"08:04:00";"241";"Acidente c";"379";"BR-386/RS";"Norte";"Colisão - Lateral";1;0;0;1;0;0;0;0;0;0;2;1;0;0;0
"11/08/2020";"11:57:00";"106";"Acidente s";"392";"BR-386/RS";"Sul";"Choque com veículo na faixa de rolamento";1;0;0;0;0;0;0;1;0;0;3;0;0;0;0
"11/08/2020";"04:15:00";"147";"Acidente s";"46";"BR-290/RS";"Oeste";"Choque Defensa";1;0;0;0;0;0;0;0;0;0;1;0;0;0;0
"11/08/2020";"05:07:00";"160";"Acidente c";"420";"BR-386/RS";"Norte";"Queda de ribanceira";1;0;0;0;0;0;0;0;0;0;0;1;0;0;0
"11/08/2020";"06:42:00";"185";"Acidente c";"92.26";"BR-290/RS";"Oeste";;2;0;0;0;0;0;0;0;0;0;1;4;0;0;0
"11/08/2020";"08:34:00";"201";"Atropelame";"417";"BR-386/RS";"Sul";"Atropelamento - Andarilho";0;0;0;0;0;1;0;0;0;0;0;1;0;0;0
"11/08/2020";"08:39:00";"202";"Atropelame";"5";"BR-101/RS";"Norte";;0;0;0;0;0;1;0;0;0;0;1;0;1;0;0
"11/08/2020";"08:50:00";"204";"Acidente s";"92";"BR-290/RS";"Leste";"Colisão - Traseira";2;0;0;0;0;0;0;0;0;0;2;0;0;0;0
"11/08/2020";"11:34:00";"216";"Acidente c";"365";"BR-386/RS";"Sul";"Tombamento";0;0;0;0;0;0;0;1;0;0;1;1;0;0;0
"12/08/2020";"12:21:00";"2";"Acidente s";"76";"BR-290/RS";"Oeste";"Queda de ribanceira";1;0;0;0;0;0;0;0;0;0;2;0;0;0;0
"12/08/2020";"04:12:00";"10";"Acidente s";"6";"BR-290/RS";"Oeste";"Queda de ribanceira";1;0;0;0;0;0;0;0;0;0;2;0;0;0;0
"12/08/2020";"05:22:00";"11";"Acidente s";"364";"BR-386/RS";"Norte";"Saída de pista";1;0;0;0;0;0;0;0;0;0;1;0;0;0;0
"12/08/2020";"07:59:00";"34";"Acidente s";"75";"BR-290/RS";"Leste";"Saída de pista";1;0;0;0;0;0;0;0;0;0;1;0;0;0;0
"12/08/2020";"09:52:00";"55";"Acidente s";"255";"BR-386/RS";"Sul";"Saída de pista";1;0;0;0;0;0;0;0;0;0;1;0;0;0;0
"12/08/2020";"12:14:00";"83";"Acidente s";"306";"BR-386/RS";"Sul";"Tombamento";0;0;0;0;0;0;0;1;0;0;1;0;0;0;0
"12/08/2020";"12:51:00";"92";"Acidente c";"373";"BR-386/RS";"Norte";"Colisão - Lateral";1;0;0;0;0;0;0;1;0;0;1;1;1;0;0
"12/08/2020";"02:35:00";"111";"Acidente s";"433";"BR-386/RS";"Sul";"Saída de pista";1;0;0;0;0;0;0;0;0;0;1;0;0;0;0
"12/08/2020";"07:23:00";"158";"Acidente s";"392";"BR-386/RS";"Sul";"Saída de pista";1;0;0;0;0;0;0;0;0;0;1;0;0;0;0
"12/08/2020";"07:55:00";"163";"Acidente s";"359";"BR-386/RS";"Norte";"Choque Defensa";1;0;0;0;0;0;0;0;0;0;1;0;0;0;0
"12/08/2020";"07:56:00";"165";"Acidente s";"86";"BR-290/RS";"Oeste";"Queda de ribanceira";1;0;0;0;0;0;0;0;0;0;1;0;0;0;0
"13/08/2020";"08:10:00";"21";"Acidente s";"91";"BR-290/RS";"Oeste";"Choque Defensa";1;0;0;0;0;0;0;0;0;0;1;0;0;0;0
"13/08/2020";"09:03:00";"35";"Acidente c";"343";"BR-386/RS";"Sul";"Colisão - Lateral";2;0;0;0;0;0;0;0;0;0;1;1;0;0;0
"13/08/2020";"04:28:00";"123";"Acidente s";"78";"BR-290/RS";"Leste";"Colisão - Traseira";2;0;0;0;0;0;0;0;0;0;1;0;0;0;0
"13/08/2020";"07:44:00";"161";"Acidente s";"306";"BR-386/RS";"Sul";"Choque Barreira";1;0;0;0;0;0;0;0;0;0;1;0;0;0;0
"13/08/2020";"08:12:00";"168";"Acidente s";"413";"BR-386/RS";"Norte";"Queda de ribanceira";1;0;0;0;0;0;0;0;0;0;2;0;0;0;0
"14/08/2020";"03:27:00";"9";"Acidente s";"445";"BR-386/RS";"Norte";"Atropelamento de Animal";0;0;0;0;0;0;0;0;0;1;1;0;0;0;0
"14/08/2020";"05:04:00";"10";"Acidente s";"9";"BR-290/RS";"Oeste";"Saída de pista";0;0;0;0;0;0;0;1;0;0;1;0;0;0;0
"14/08/2020";"07:17:00";"19";"Acidente s";"232";"BR-386/RS";"Sul";"Queda de ribanceira";0;0;1;0;0;0;0;0;0;0;2;0;0;0;0
"14/08/2020";"04:28:00";"151";"Acidente s";"13";"BR-290/RS";"Leste";"Saída de pista";1;0;0;0;0;0;0;0;0;0;1;0;0;0;0
"14/08/2020";"06:40:00";"178";"Acidente s";"76";"BR-290/RS";"Leste";"Queda de moto";1;0;0;0;0;0;0;0;0;0;2;0;0;0;0
"14/08/2020";"07:48:00";"192";"Acidente s";"342";"BR-386/RS";"Ambos";"Queda de ribanceira";1;0;0;0;0;0;0;0;0;0;2;0;0;0;0
"14/08/2020";"07:56:00";"195";"Acidente s";"349";"BR-386/RS";"Norte";"Colisão - Traseira";1;0;0;0;0;0;0;1;0;0;2;0;0;0;0
"14/08/2020";"08:21:00";"200";"Acidente s";"8";"BR-290/RS";"Leste";"Colisão - Traseira";1;0;0;0;0;0;0;0;0;0;2;0;0;0;0
"14/08/2020";"08:38:00";"203";"Acidente s";"35";"BR-290/RS";"Oeste";"Queda de ribanceira";1;0;0;0;0;0;0;0;0;0;1;0;0;0;0
"14/08/2020";"10:03:00";"217";"Acidente c";"441";"BR-386/RS";"Sul";"Queda de ribanceira";1;0;0;0;0;0;0;0;0;0;0;1;0;0;0
"14/08/2020";"10:03:00";"216";"Acidente c";"405";"BR-386/RS";"Norte";"Queda de ribanceira";1;0;0;0;0;0;0;0;0;0;3;1;1;0;0
"14/08/2020";"10:14:00";"219";"Acidente c";"339";"BR-386/RS";"Norte";"Colisão - Lateral";1;0;1;0;0;0;0;1;0;0;2;0;0;0;2
"15/08/2020";"05:42:00";"24";"Acidente s";"68";"BR-290/RS";"Oeste";"Queda de ribanceira";1;0;0;0;0;0;0;0;0;0;1;0;0;0;0
"15/08/2020";"05:11:00";"155";"Acidente s";"352";"BR-386/RS";"Sul";"Queda de ribanceira";1;0;0;0;0;0;0;0;0;0;2;0;0;0;0
"15/08/2020";"05:32:00";"162";"Acidente s";"28";"BR-290/RS";"Leste";"Choque com objeto sobre a pista";1;0;0;0;0;0;0;0;0;0;1;0;0;0;0
"15/08/2020";"05:55:00";"166";"Acidente c";"53";"BR-101/RS";"Sul";"Queda de ribanceira";0;0;0;1;0;0;0;0;0;0;1;1;0;0;0
"15/08/2020";"09:34:00";"198";"Acidente c";"10";"BR-448/RS";"Norte";"Choque Barreira";1;0;0;0;0;0;0;0;0;0;0;0;1;1;0
"16/08/2020";"01:28:00";"6";"Atropelame";"434";"BR-386/RS";"Sul";"Atropelamento - Morador/Trabalhador/Estudante";1;0;0;0;0;0;0;0;0;0;0;0;1;0;0
"16/08/2020";"05:15:00";"18";"Acidente s";"34";"BR-290/RS";"Oeste";"Atropelamento de Animal";1;0;0;0;0;0;0;0;0;0;1;0;0;0;0
"16/08/2020";"06:15:00";"19";"Acidente c";"30";"BR-101/RS";"Sul";"Queda de ribanceira";1;0;0;0;0;0;0;0;0;0;0;0;1;0;0
"16/08/2020";"02:10:00";"71";"Acidente s";"70";"BR-101/RS";"Sul";"Saída de pista";1;0;0;0;0;0;0;0;0;0;3;0;0;0;0
"16/08/2020";"03:04:00";"75";"Acidente c";"69";"BR-290/RS";"Oeste";"Queda de ribanceira";1;0;0;0;0;0;0;0;0;0;0;1;0;0;0
"16/08/2020";"04:43:00";"99";"Acidente s";"4";"BR-290/RS";"Leste";"Choque com veículo no acostamento";2;0;0;0;0;0;0;0;0;0;5;0;0;0;0
"16/08/2020";"05:32:00";"118";"Acidente s";"342";"BR-386/RS";"Sul";"Engavetamento";3;0;0;0;0;0;0;0;0;0;6;0;0;0;0
"16/08/2020";"06:31:00";"130";"Acidente c";"89";"BR-290/RS";"Oeste";"Queda de moto";0;0;0;1;0;0;0;0;0;0;0;1;0;0;0
"16/08/2020";"08:01:00";"152";"Acidente s";"52";"BR-101/RS";"Norte";"Queda de ribanceira";1;0;0;0;0;0;0;0;0;0;1;0;0;0;0
"17/08/2020";"08:14:00";"43";"Acidente s";"60";"BR-290/RS";"Oeste";"Colisão - Traseira";2;0;0;0;0;0;0;0;0;0;6;0;0;0;0
"17/08/2020";"10:20:00";"85";"Acidente c";"446";"BR-386/RS";"Sul";"Capotamento";1;0;0;0;0;0;0;0;0;0;0;1;0;0;0
"17/08/2020";"11:42:00";"101";"Acidente s";"295";"BR-386/RS";"Sul";"Colisão - Traseira";2;0;0;0;0;0;0;0;0;0;2;0;0;0;0
"17/08/2020";"11:56:00";"103";"Acidente s";"60";"BR-290/RS";"Leste";"Choque Praça - Cabine";0;0;0;0;0;0;0;1;0;0;2;0;0;0;0
"17/08/2020";"08:15:00";"194";"Acidente c";"344";"BR-386/RS";"Sul";"Outros";2;0;0;0;0;0;0;0;0;0;1;0;1;0;0
"17/08/2020";"08:33:00";"197";"Acidente s";"272";"BR-386/RS";"Sul";"Queda de moto";0;0;1;1;0;0;0;0;0;0;2;0;0;0;0
"17/08/2020";"10:18:00";"209";"Acidente c";"97";"BR-290/RS";"Oeste";"Choque Defensa";1;0;0;0;0;0;0;0;0;0;0;2;0;0;0
"17/08/2020";"11:23:00";"215";"Acidente c";"21";"BR-101/RS";"Sul";"Choque Defensa";1;0;0;0;0;0;0;0;0;0;0;0;3;0;0
"18/08/2020";"06:40:00";"17";"Acidente c";"28";"BR-290/RS";"Ambos";"Saída de pista";1;0;0;0;0;0;0;0;0;0;0;1;0;0;0
"18/08/2020";"08:11:00";"45";"Acidente c";"420";"BR-386/RS";"Norte";"Tombamento";0;0;0;0;0;0;0;1;0;0;0;1;0;0;0
"18/08/2020";"10:39:00";"90";"Acidente s";"42";"BR-290/RS";"Oeste";"Colisão - Traseira";2;0;0;0;0;0;0;0;0;0;5;0;0;0;0
"18/08/2020";"12:06:00";"102";"Acidente s";"40";"BR-101/RS";"Sul";"Saída de pista";1;0;0;0;0;0;0;0;0;0;2;0;0;0;0
"18/08/2020";"12:51:00";"115";"Acidente c";"386";"BR-386/RS";"Sul";"Queda de moto";0;0;0;1;0;0;0;0;0;0;0;0;0;1;0
"18/08/2020";"06:29:00";"176";"Acidente c";"434";"BR-386/RS";"Norte";"Colisão - Transversal";2;0;0;0;0;0;0;0;0;0;1;1;0;0;0
"18/08/2020";"08:56:00";"198";"Acidente s";"43";"BR-290/RS";"Oeste";"Queda de ribanceira";1;0;0;0;0;0;0;0;0;0;1;0;0;0;0
"19/08/2020";"07:23:00";"22";"Acidente s";"86";"BR-290/RS";"Oeste";"Colisão - Traseira";1;0;0;1;0;0;0;0;0;0;2;0;0;0;0
"19/08/2020";"12:21:00";"93";"Acidente c";"34";"BR-290/RS";"Leste";"Queda de ribanceira";0;0;0;0;0;0;0;1;0;0;0;0;1;0;0
"19/08/2020";"01:06:00";"110";"Acidente s";"60";"BR-290/RS";"Oeste";"Colisão - Traseira";1;0;0;0;0;0;0;1;0;0;2;0;0;0;0
"20/08/2020";"05:28:00";"14";"Acidente s";"17";"BR-290/RS";"Oeste";"Tombamento";0;0;0;0;0;0;0;0;0;1;1;0;0;0;0
"20/08/2020";"07:04:00";"21";"Acidente s";"12";"BR-448/RS";"Sul";"Colisão - Traseira";1;0;0;0;0;0;0;0;0;1;2;0;0;0;0
"20/08/2020";"10:12:00";"72";"Acidente s";"272";"BR-386/RS";"Norte";"Atropelamento de Animal";1;0;0;0;0;0;0;0;0;0;3;0;0;0;0
"20/08/2020";"10:50:00";"79";"Acidente s";"90";"BR-290/RS";"Oeste";"Queda de ribanceira";1;0;1;0;0;0;0;0;0;0;2;0;0;0;0
"20/08/2020";"11:25:00";"86";"Acidente c";"334";"BR-386/RS";"Sul";"Queda de ribanceira";1;0;0;0;0;0;0;0;0;0;3;0;1;0;0
"20/08/2020";"04:02:00";"134";"Acidente s";"76";"BR-290/RS";"Oeste";"Queda de moto";0;0;0;1;0;0;0;0;0;0;2;0;0;0;0
"20/08/2020";"06:27:00";"153";"Acidente s";"60";"BR-290/RS";"Oeste";"Colisão - Traseira";2;0;0;0;0;0;0;0;0;0;3;0;0;0;0
"20/08/2020";"08:56:00";"179";"Acidente s";"436";"BR-386/RS";"Norte";"Atropelamento de Animal";2;0;0;0;0;0;0;0;0;1;3;0;0;0;0
"21/08/2020";"02:44:00";"8";"Acidente s";"50";"BR-290/RS";"Oeste";"Atropelamento de Animal";1;0;0;0;0;0;0;0;0;0;3;0;0;0;0
"21/08/2020";"08:58:00";"76";"Acidente s";"268";"BR-386/RS";"Sul";"Colisão - Traseira";2;0;0;0;0;0;0;0;0;0;5;0;0;0;0
"21/08/2020";"11:19:00";"118";"Atropelame";"32";"BR-101/RS";"Sul";"Atropelamento - Esportista";1;0;0;1;0;0;0;0;0;0;2;1;0;0;0
"21/08/2020";"03:53:00";"178";"Acidente s";"97";"BR-290/RS";"Oeste";"Colisão - Traseira";2;0;0;0;0;0;0;0;0;0;2;0;0;0;0
"21/08/2020";"06:36:00";"220";"Acidente c";"347";"BR-386/RS";"Norte";"Colisão - Lateral";0;0;0;1;0;0;0;0;0;0;0;0;1;0;1
"21/08/2020";"07:08:00";"222";"Acidente s";"42";"BR-101/RS";"Norte";"Choque Defensa";1;0;0;0;0;0;0;0;0;0;2;0;0;0;0
"21/08/2020";"07:37:00";"232";"Acidente s";"423";"BR-386/RS";"Norte";"Queda de ribanceira";1;0;0;0;0;0;0;0;0;0;1;0;0;0;0
"21/08/2020";"08:37:00";"247";"Acidente s";"3";"BR-290/RS";"Leste";"Queda de ribanceira";0;0;0;0;0;0;0;1;0;0;1;0;0;0;0