data;horario;n_da_ocorrencia;tipo_de_ocorrencia;km;trecho;sentido;tipo_de_acidente;automovel;bicicleta;caminhao;moto;onibus;outros;tracao_animal;transporte_de_cargas_especiais;trator_maquinas;utilitarios;ilesos;levemente_feridos;moderadamente_feridos;gravemente_feridos;mortos
"03/10/2020";"04:47:00";"13";"Atropelame";"440";"BR-386/RS";"Sul";"Atropelamento - Morador/Trabalhador/Estudante";1;0;0;0;0;0;0;0;0;0;1;0;0;0;1
"03/10/2020";"07:47:00";"22";"Acidente s";"69";"BR-290/RS";"Oeste";"Queda de ribanceira";1;0;0;0;0;0;0;0;0;0;1;0;0;0;0
"03/10/2020";"07:52:00";"24";"Acidente s";"423";"BR-386/RS";"Sul";"Queda de ribanceira";1;0;0;0;0;0;0;0;0;0;1;0;0;0;0
"03/10/2020";"08:02:00";"26";"Acidente s";"443";"BR-386/RS";"Norte";"Saída de pista";1;0;0;0;0;0;0;0;0;0;1;0;0;0;0
"03/10/2020";"10:17:00";"46";"Acidente s";"262";"BR-386/RS";"Sul";"Colisão - Traseira";1;0;0;0;0;0;0;0;0;1;5;0;0;0;0
"03/10/2020";"10:58:00";"55";"Acidente c";"340";"BR-386/RS";"Norte";"Capotamento";1;0;0;0;0;0;0;0;0;0;0;1;0;0;0
"03/10/2020";"11:03:00";"57";"Acidente s";"270";"BR-386/RS";"Norte";"Colisão - Lateral";2;0;0;0;0;0;0;0;0;0;3;0;0;0;0
"03/10/2020";"11:32:00";"60";"Acidente s";"352";"BR-386/RS";"Norte";"Choque Defensa";1;0;0;0;0;0;0;0;0;0;1;0;0;0;0
"03/10/2020";"11:34:00";"62";"Acidente s";"82";"BR-290/RS";"Oeste";"Queda de ribanceira";1;0;0;0;0;0;0;0;0;0;1;0;0;0;0
"03/10/2020";"11:35:00";"63";"Acidente s";"445";"BR-386/RS";"Sul";"Saída de pista";1;0;0;0;0;0;0;0;0;0;1;0;0;0;0
"03/10/2020";"12:17:00";"70";"Acidente c";"15";"BR-448/RS";"Sul";"Choque Barreira";1;0;0;0;0;0;0;0;0;0;1;0;1;0;0
"03/10/2020";"12:20:00";"74";"Acidente s";"2";"BR-290/RS";"Leste";"Queda de ribanceira";1;0;0;0;0;0;0;0;0;0;2;0;0;0;0
"03/10/2020";"04:45:00";"97";"Acidente s";"65";"BR-290/RS";"Ambos";"Saída de pista";1;0;0;0;0;0;0;0;0;0;3;0;0;0;0
"03/10/2020";"05:21:00";"100";"Acidente s";"10";"BR-448/RS";"Norte";"Queda de ribanceira";1;0;0;0;0;0;0;0;0;0;2;0;0;0;0
"04/10/2020";"03:10:00";"6";"Acidente s";"14";"BR-448/RS";"Norte";"Saída de pista";1;0;0;0;0;0;0;0;0;0;1;0;0;0;0
"04/10/2020";"06:01:00";"12";"Acidente s";"60";"BR-290/RS";"Leste";"Choque Praça - Submarino";1;0;0;0;0;0;0;0;0;0;4;0;0;0;0
"04/10/2020";"10:28:00";"38";"Acidente c";"404";"BR-386/RS";"Sul";"Capotamento";1;0;0;0;0;0;0;0;0;0;0;1;1;0;0
"04/10/2020";"11:00:00";"44";"Acidente s";"345";"BR-386/RS";"Norte";"Queda de ribanceira";1;0;0;0;0;0;0;0;0;0;1;0;0;0;0
"04/10/2020";"12:34:00";"58";"Acidente s";"440";"BR-386/RS";"Norte";"Saída de pista";1;0;0;0;0;0;0;0;0;0;1;0;0;0;0
"04/10/2020";"03:30:00";"73";"Acidente c";"44";"BR-290/RS";"Leste";"Saída de pista";1;0;0;0;0;0;0;0;0;0;3;2;0;0;0
"04/10/2020";"04:10:00";"79";"Acidente s";"15";"BR-290/RS";"Leste";"Queda de ribanceira";0;0;1;0;0;0;0;0;0;0;1;0;0;0;0
"04/10/2020";"06:45:00";"111";"Acidente s";"92";"BR-290/RS";"Oeste";"Saída de pista";1;0;0;0;0;0;0;0;0;0;1;0;0;0;0
"05/10/2020";"07:05:00";"14";"Acidente c";"362";"BR-386/RS";"Norte";"Choque com veículo na faixa de rolamento";1;0;0;1;0;0;0;0;0;0;1;1;0;0;0
"05/10/2020";"07:59:00";"39";"Acidente s";"88";"BR-290/RS";"Oeste";"Engavetamento";4;0;0;0;0;0;0;0;0;0;4;0;0;0;0
"05/10/2020";"02:24:00";"144";"Acidente c";"79";"BR-101/RS";"Sul";"Queda de ribanceira";1;0;0;0;0;0;0;0;0;0;0;0;2;0;0
"05/10/2020";"05:04:00";"173";"Acidente s";"43";"BR-101/RS";"Norte";"Colisão - Lateral";2;0;0;0;0;0;0;0;0;0;4;0;0;0;0
"05/10/2020";"06:16:00";"178";"Acidente s";"91";"BR-290/RS";"Leste";"Colisão - Transversal";1;0;0;1;0;0;0;0;0;0;2;0;0;0;0
"05/10/2020";"06:23:00";"180";"Acidente s";"62";"BR-290/RS";"Oeste";"Atropelamento de Animal";1;0;0;0;0;0;0;0;0;0;3;0;0;0;0
"05/10/2020";"06:26:00";"181";"Acidente c";"194";"BR-386/RS";"Norte";"Queda de ribanceira";0;0;0;0;0;0;0;0;0;1;0;1;0;0;0
"05/10/2020";"11:21:00";"224";"Acidente s";"348";"BR-386/RS";"Sul";"Saída de pista";1;0;0;0;0;0;0;0;0;0;1;0;0;0;0
"06/10/2020";"05:00:00";"16";"Acidente s";"48";"BR-290/RS";"Leste";"Atropelamento de Animal";1;0;0;0;0;0;0;0;0;0;3;0;0;0;0
"06/10/2020";"09:31:00";"88";"Acidente s";"67";"BR-290/RS";"Leste";"Queda de ribanceira";1;0;0;0;0;0;0;1;0;0;3;0;0;0;0
"06/10/2020";"07:00:00";"200";"Acidente c";"342";"BR-386/RS";"Sul";"Atropelamento de Animal";1;0;0;1;0;0;0;0;0;0;1;0;1;0;0
"06/10/2020";"07:24:00";"204";"Acidente c";"60";"BR-101/RS";"Sul";"Colisão - Traseira";1;0;0;0;0;0;0;1;0;0;2;2;0;0;0
"06/10/2020";"07:32:00";"206";"Acidente s";"353";"BR-386/RS";"Sul";"Choque Defensa";1;0;0;0;0;0;0;0;0;0;2;0;0;0;0
"06/10/2020";"07:34:00";"207";"Acidente s";"84.56";"BR-290/RS";"Oeste";"Colisão - Lateral";2;0;0;0;0;0;0;0;0;0;2;0;0;0;0
"06/10/2020";"11:55:00";"234";"Acidente s";"407";"BR-386/RS";"Norte";"Saída de pista";1;0;0;0;0;0;0;0;0;0;1;0;0;0;0
"07/10/2020";"02:59:00";"155";"Acidente c";"248";"BR-386/RS";"Norte";"Colisão - Transversal";1;0;0;0;0;0;0;1;0;0;0;0;1;1;1
"07/10/2020";"06:18:00";"183";"Acidente s";"435";"BR-386/RS";"Sul";"Colisão - Lateral";2;0;0;0;0;0;0;0;0;0;2;0;0;0;0
"08/10/2020";"06:09:00";"10";"Acidente c";"72";"BR-101/RS";"Sul";"Colisão - Traseira";0;0;2;0;0;0;0;0;0;0;1;1;0;0;0
"08/10/2020";"12:19:00";"122";"Acidente s";"268";"BR-386/RS";"Sul";"Atropelamento de Animal";1;0;0;0;0;0;0;0;0;0;5;0;0;0;0
"08/10/2020";"03:57:00";"170";"Acidente s";"213";"BR-386/RS";"Norte";"Colisão - Lateral";2;0;0;0;0;0;0;0;0;0;3;0;0;0;0
"08/10/2020";"05:25:00";"184";"Acidente c";"372";"BR-386/RS";"Norte";"Colisão - Traseira";0;0;0;0;0;0;0;1;0;1;0;1;1;0;0
"08/10/2020";"05:56:00";"194";"Acidente s";"87";"BR-290/RS";"Leste";"Engavetamento";3;0;0;0;0;0;0;0;0;0;5;0;0;0;0
"08/10/2020";"06:10:00";"200";"Acidente s";"92";"BR-290/RS";"Leste";"Colisão - Traseira";1;0;0;0;0;0;0;0;0;0;1;0;0;0;0
"08/10/2020";"06:23:00";"202";"Acidente c";"435";"BR-386/RS";"Sul";"Colisão - Traseira";1;0;0;1;0;0;0;0;0;0;1;0;1;0;0
"08/10/2020";"09:48:00";"229";"Acidente c";"59";"BR-290/RS";"Oeste";"Colisão - Traseira";2;0;0;0;0;0;0;0;0;0;2;1;0;0;0
"09/10/2020";"10:31:00";"96";"Acidente s";"77";"BR-290/RS";"Oeste";"Choque Praça - Cabine";0;0;0;0;0;1;0;0;0;0;1;0;0;0;0
"09/10/2020";"02:38:00";"167";"Acidente s";"44";"BR-101/RS";"Sul";"Choque Barreira";1;0;0;0;0;0;0;0;0;0;1;0;0;0;0
"09/10/2020";"04:42:00";"196";"Acidente s";"85";"BR-290/RS";"Leste";"Colisão - Traseira";1;0;0;0;0;0;0;0;0;1;2;0;0;0;0
"09/10/2020";"05:47:00";"212";"Acidente s";"328";"BR-386/RS";"Sul";"Colisão - Traseira";2;0;0;0;0;0;0;0;0;0;3;0;0;0;0
"09/10/2020";"06:12:00";"218";"Acidente s";"436";"BR-386/RS";"Ambos";"Colisão - Traseira";2;0;0;0;0;0;0;0;0;0;2;0;0;0;0
"10/10/2020";"02:46:00";"13";"Acidente c";"3";"BR-101/RS";"Sul";"Colisão - Lateral";2;0;0;0;0;0;0;0;0;0;8;1;0;0;0
"10/10/2020";"07:46:00";"50";"Acidente s";"345";"BR-386/RS";"Norte";"Engavetamento";4;0;0;0;0;0;0;0;0;0;6;0;0;0;0
"10/10/2020";"08:38:00";"73";"Acidente s";"95.47";"BR-290/RS";"Oeste";"Colisão - Transversal";2;0;0;0;0;0;0;0;0;0;3;0;0;0;0
"10/10/2020";"09:22:00";"85";"Acidente c";"19";"BR-290/RS";"Leste";"Colisão - Traseira";2;0;0;0;0;0;0;0;0;0;5;2;0;0;0
"10/10/2020";"10:13:00";"100";"Acidente s";"410";"BR-386/RS";"Norte";"Colisão - Traseira";2;0;0;0;0;0;0;0;0;0;3;0;0;0;0
"10/10/2020";"10:36:00";"104";"Acidente s";"375";"BR-386/RS";"Sul";"Colisão - Traseira";2;0;0;0;0;0;0;0;0;0;5;0;0;0;0
"10/10/2020";"10:44:00";"108";"Acidente s";"32";"BR-290/RS";"Leste";"Colisão - Traseira";2;0;0;0;0;0;0;0;0;0;2;0;0;0;0
"10/10/2020";"10:58:00";"113";"Acidente c";"97";"BR-290/RS";"Oeste";;0;0;0;1;0;0;0;0;0;0;0;1;0;0;0
"10/10/2020";"11:54:00";"131";"Acidente s";"80";"BR-290/RS";"Leste";"Colisão - Lateral";1;0;0;0;0;0;0;0;0;1;5;0;0;0;0
"10/10/2020";"12:18:00";"134";"Acidente s";"345";"BR-386/RS";"Norte";"Colisão - Traseira";1;0;1;0;0;0;0;0;0;0;2;0;0;0;0
"10/10/2020";"02:57:00";"169";"Acidente s";"296";"BR-386/RS";"Norte";;0;0;0;0;0;0;0;1;0;0;1;0;0;0;0
"11/10/2020";"12:43:00";"110";"Acidente s";"60";"BR-290/RS";"Oeste";"Engavetamento";2;0;0;1;0;0;0;0;0;0;6;0;0;0;0
"11/10/2020";"02:26:00";"129";"Acidente s";"434";"BR-386/RS";"Norte";"Colisão - Traseira";2;0;0;0;0;0;0;0;0;0;3;0;0;0;0
"11/10/2020";"03:44:00";"145";"Acidente s";"74";"BR-101/RS";"Sul";"Outros";1;0;0;0;0;0;0;0;0;0;3;0;0;0;0
"11/10/2020";"04:27:00";"157";"Acidente s";"248";"BR-386/RS";"Sul";"Colisão - Lateral";2;0;0;0;0;0;0;0;0;0;7;0;0;0;0
"11/10/2020";"05:43:00";"176";"Acidente s";"92";"BR-290/RS";"Oeste";"Choque - Sinalização";0;0;0;1;0;0;0;0;0;0;2;0;0;0;0
"11/10/2020";"09:04:00";"223";"Acidente s";"1";"BR-101/RS";"Norte";"Saída de pista";1;0;0;0;0;0;0;0;0;0;3;0;0;0;0
"12/10/2020";"01:56:00";"8";"Acidente s";"418";"BR-386/RS";"Norte";"Atropelamento de Animal";1;0;0;0;0;0;0;0;0;0;1;0;0;0;0
"12/10/2020";"08:15:00";"28";"Acidente c";"71";"BR-101/RS";"Sul";"Saída de pista";1;0;0;0;0;0;0;0;0;0;0;0;1;0;0
"12/10/2020";"09:20:00";"39";"Acidente c";"15";"BR-448/RS";"Sul";"Colisão - Traseira";2;0;0;0;0;0;0;0;0;0;1;1;0;0;0
"12/10/2020";"09:23:00";"42";"Acidente s";"92";"BR-290/RS";"Leste";"Choque Defensa";2;0;0;0;0;0;0;0;0;0;3;0;0;0;0
"12/10/2020";"10:18:00";"50";"Acidente c";"232";"BR-386/RS";"Sul";"Queda de moto";1;0;0;0;0;0;0;0;0;0;1;1;0;0;0
"12/10/2020";"11:32:00";"77";"Acidente s";"325";"BR-386/RS";"Norte";"Colisão - Traseira";2;0;0;0;0;0;0;0;0;0;2;0;0;0;0
"12/10/2020";"12:55:00";"102";"Acidente c";"5";"BR-290/RS";"Oeste";"Queda de moto";0;0;0;1;0;0;0;0;0;0;1;1;0;0;0
"12/10/2020";"03:38:00";"146";"Acidente s";"392";"BR-386/RS";"Sul";"Colisão - Traseira";2;0;0;0;0;0;0;0;0;0;8;0;0;0;0
"12/10/2020";"04:10:00";"157";"Acidente s";"426";"BR-386/RS";"Sul";"Colisão - Traseira";2;0;0;0;0;0;0;0;0;0;2;0;0;0;0
"12/10/2020";"05:01:00";"180";"Acidente s";"24";"BR-101/RS";"Sul";"Engavetamento";3;0;0;0;0;0;0;0;0;0;9;0;0;0;0
"12/10/2020";"05:12:00";"185";"Acidente c";"430";"BR-386/RS";"Norte";"Colisão - Lateral";1;0;0;1;0;0;0;0;0;0;1;1;0;0;0
"12/10/2020";"06:04:00";"204";"Acidente c";"342";"BR-386/RS";"Norte";"Colisão - Transversal";1;0;0;1;0;0;0;0;0;0;1;1;0;0;0
"12/10/2020";"08:13:00";"251";"Acidente s";"442";"BR-386/RS";"Sul";"Colisão - Lateral";1;0;0;0;0;0;0;0;0;0;1;0;0;0;0
"12/10/2020";"08:48:00";"264";"Acidente c";"34";"BR-290/RS";"Oeste";"Queda de moto";0;0;0;1;0;0;0;0;0;0;0;2;0;0;0
"12/10/2020";"10:20:00";"275";"Acidente s";"57";"BR-290/RS";"Oeste";"Choque com objeto sobre a pista";1;0;0;0;0;0;0;0;0;0;1;0;0;0;0
"12/10/2020";"10:40:00";"282";"Acidente c";"71";"BR-290/RS";"Oeste";"Capotamento";1;0;0;0;0;0;0;0;0;0;0;2;0;0;0
"13/10/2020";"04:35:00";"20";"Acidente s";"69";"BR-290/RS";"Oeste";"Atropelamento de Animal";1;0;0;0;0;0;0;0;0;0;3;0;0;0;0
"13/10/2020";"07:53:00";"52";"Acidente c";"90";"BR-290/RS";"Oeste";"Colisão - Traseira";2;0;0;1;0;0;0;0;0;0;2;1;0;0;0
"13/10/2020";"08:21:00";"66";"Acidente s";"2";"BR-290/RS";"Leste";"Queda de ribanceira";1;0;0;0;0;0;0;0;0;0;1;0;0;0;0
"13/10/2020";"09:07:00";"80";"Acidente c";"16";"BR-448/RS";"Sul";"Engavetamento";3;0;0;0;0;0;0;0;0;0;3;0;0;1;0
"13/10/2020";"04:21:00";"195";"Acidente c";"345";"BR-386/RS";"Sul";"Colisão - Lateral";1;0;0;1;0;0;0;0;0;0;1;0;1;0;0
"13/10/2020";"04:33:00";"197";"Acidente c";"6";"BR-448/RS";"Norte";"Choque Barreira";0;0;1;0;0;0;0;0;0;0;0;1;0;0;0
"13/10/2020";"04:43:00";"204";"Acidente c";"20";"BR-101/RS";"Norte";"Colisão - Lateral";1;0;0;0;0;0;0;1;0;0;1;0;1;0;0
"13/10/2020";"04:56:00";"205";"Acidente s";"343";"BR-386/RS";"Sul";"Engavetamento";3;0;0;0;0;0;0;0;0;0;4;0;0;0;0
"13/10/2020";"07:27:00";"245";"Acidente s";"88";"BR-290/RS";"Leste";"Colisão - Traseira";2;0;0;0;0;0;0;0;0;0;2;0;0;0;0
"13/10/2020";"10:02:00";"257";"Acidente s";"70";"BR-290/RS";"Oeste";"Atropelamento de Animal";1;0;0;0;0;0;0;0;0;0;1;0;0;0;0
"14/10/2020";"01:55:00";"2";"Acidente s";"89";"BR-290/RS";"Oeste";"Queda de ribanceira";0;0;1;0;0;0;0;0;0;0;1;0;0;0;0
"14/10/2020";"05:14:00";"10";"Acidente s";"14";"BR-290/RS";"Leste";"Saída de pista";0;0;0;0;0;0;0;1;0;0;1;0;0;0;0
"14/10/2020";"07:07:00";"22";"Acidente s";"1";"BR-448/RS";"Sul";"Choque Defensa";1;0;0;0;0;0;0;0;0;0;1;0;0;0;0
"14/10/2020";"08:34:00";"70";"Acidente s";"84";"BR-290/RS";"Oeste";"Choque Defensa";0;0;1;0;0;0;0;0;0;0;2;0;0;0;0
"14/10/2020";"09:28:00";"85";"Acidente c";"268";"BR-386/RS";"Sul";"Tombamento";0;0;0;0;0;0;0;1;0;0;0;1;0;0;0
"14/10/2020";"10:17:00";"95";"Acidente c";"262";"BR-386/RS";"Sul";"Queda de moto";0;0;0;1;0;0;0;0;0;0;0;2;0;0;0
"14/10/2020";"01:14:00";"137";"Acidente c";"342";"BR-386/RS";"Norte";"Choque com veículo na faixa de rolamento";0;0;0;2;0;0;0;0;0;0;0;1;1;0;0
"14/10/2020";"08:47:00";"217";"Acidente s";"309";"BR-386/RS";"Sul";"Colisão - Traseira";1;0;0;0;0;1;0;0;0;0;2;0;0;0;0
"15/10/2020";"12:57:00";"5";"Acidente s";"16";"BR-101/RS";"Sul";"Atropelamento de Animal";1;0;0;0;0;0;0;0;0;0;2;0;0;0;0
"15/10/2020";"01:29:00";"7";"Acidente c";"407";"BR-386/RS";"Norte";"Choque Barreira";1;0;0;0;0;0;0;0;0;0;0;0;1;0;0
"15/10/2020";"07:05:00";"35";"Acidente s";"435";"BR-386/RS";"Norte";"Choque com veículo na faixa de rolamento";2;0;0;0;0;0;0;0;0;0;2;0;0;0;0
"15/10/2020";"12:34:00";"145";"Acidente s";"35";"BR-101/RS";"Sul";"Outros";1;0;0;0;0;1;0;0;0;0;2;0;0;0;0
"15/10/2020";"03:25:00";"180";"Acidente c";"72";"BR-290/RS";"Oeste";"Capotamento";1;0;0;0;0;0;0;0;0;0;0;0;1;0;0
"15/10/2020";"03:33:00";"183";"Acidente s";"35";"BR-101/RS";"Norte";"Colisão - Traseira";2;0;0;0;0;0;0;0;0;0;4;0;0;0;0
"15/10/2020";"05:14:00";"195";"Acidente s";"375";"BR-386/RS";"Sul";"Colisão - Traseira";2;0;0;0;0;0;0;0;0;0;5;0;0;0;0
"15/10/2020";"05:27:00";"199";"Acidente s";"60";"BR-290/RS";"Oeste";"Colisão - Lateral";1;0;0;0;0;0;0;0;0;1;2;0;0;0;0
"15/10/2020";"05:33:00";"202";"Acidente s";"73";"BR-290/RS";"Leste";"Queda de moto";0;0;0;1;0;0;0;0;0;0;2;0;0;0;0
"16/10/2020";"08:58:00";"73";"Acidente s";"412";"BR-386/RS";"Sul";"Saída de pista";1;0;0;0;0;0;0;0;0;0;4;0;0;0;0
"16/10/2020";"10:43:00";"110";"Acidente s";"284";"BR-386/RS";"Norte";"Colisão - Lateral";1;0;0;0;0;0;0;1;0;0;2;0;0;0;0
"16/10/2020";"01:32:00";"147";"Acidente s";"390";"BR-386/RS";"Norte";"Colisão - Lateral";1;0;0;0;0;0;0;1;0;0;5;0;0;0;0
"16/10/2020";"04:19:00";"187";"Acidente s";"426";"BR-386/RS";"Norte";"Colisão - Traseira";0;0;0;0;0;0;0;1;0;1;2;0;0;0;0
"16/10/2020";"11:26:00";"258";"Acidente s";"309";"BR-386/RS";"Sul";"Colisão - Traseira";1;0;0;0;0;0;0;0;0;0;1;0;0;0;0
"17/10/2020";"05:43:00";"19";"Acidente s";"85";"BR-101/RS";"Sul";"Saída de pista";1;0;0;0;0;0;0;0;0;0;2;0;0;0;0
"17/10/2020";"09:31:00";"65";"Acidente s";"86";"BR-290/RS";"Oeste";"Tombamento";0;0;0;0;0;0;0;0;0;1;2;0;0;0;0
"17/10/2020";"09:50:00";"69";"Acidente c";"98";"BR-290/RS";"Oeste";"Colisão - Traseira";1;0;0;0;0;0;0;0;0;1;1;1;0;0;0
"17/10/2020";"01:07:00";"105";"Acidente c";"95";"BR-290/RS";"Oeste";"Colisão - Traseira";1;0;0;1;0;0;0;0;0;0;1;0;1;0;0
"17/10/2020";"08:08:00";"201";"Acidente c";"84";"BR-101/RS";"Norte";"Choque - Poste";1;0;0;0;0;0;0;0;0;0;0;4;1;0;0
"18/10/2020";"06:08:00";"27";"Acidente c";"58";"BR-290/RS";"Oeste";"Capotamento";1;0;0;0;0;0;0;0;0;0;0;2;0;0;0
"18/10/2020";"07:42:00";"42";"Acidente s";"26";"BR-290/RS";"Oeste";"Colisão - Lateral";1;0;0;0;0;0;0;0;0;1;2;0;0;0;0
"18/10/2020";"08:46:00";"53";"Acidente c";"242";"BR-386/RS";"Sul";"Colisão - Transversal";2;0;0;0;0;0;0;0;0;0;0;3;2;0;0
"18/10/2020";"09:43:00";"65";"Acidente c";"1";"BR-290/RS";"Leste";"Queda de moto";0;0;0;1;0;0;0;0;0;0;0;0;1;0;0
"18/10/2020";"10:10:00";"70";"Acidente s";"215";"BR-386/RS";"Sul";"Saída de pista";0;0;1;0;0;0;0;0;0;0;1;0;0;0;0
"18/10/2020";"05:31:00";"162";"Acidente c";"216";"BR-386/RS";"Norte";"Colisão - Traseira";3;0;0;0;0;0;0;0;0;0;5;3;0;0;0
"19/10/2020";"03:36:00";"9";"Acidente s";"13";"BR-101/RS";"Norte";"Colisão - Traseira";2;0;0;0;0;0;0;0;0;0;6;0;0;0;0
"19/10/2020";"05:47:00";"15";"Acidente s";"44";"BR-101/RS";"Sul";"Colisão - Lateral";1;0;1;0;0;0;0;0;0;0;3;0;0;0;0
"19/10/2020";"08:14:00";"51";"Acidente s";"88";"BR-290/RS";"Oeste";"Colisão - Traseira";2;0;0;0;0;0;0;0;0;0;2;0;0;0;0
"19/10/2020";"08:46:00";"64";"Acidente s";"90";"BR-290/RS";"Oeste";"Colisão - Traseira";2;0;0;0;0;0;0;0;0;0;2;0;0;0;0
"19/10/2020";"10:54:00";"116";"Acidente s";"92";"BR-290/RS";"Leste";"Colisão - Lateral";1;0;1;0;0;0;0;0;0;0;5;0;0;0;0
"19/10/2020";"11:55:00";"124";"Acidente s";"92";"BR-290/RS";"Leste";"Colisão - Lateral";1;0;1;0;0;0;0;0;0;0;3;0;0;0;0
"19/10/2020";"02:32:00";"155";"Acidente s";"305";"BR-386/RS";"Norte";"Colisão - Traseira";1;0;0;0;0;0;0;1;0;0;3;0;0;0;0
"19/10/2020";"04:16:00";"184";"Acidente s";"264";"BR-386/RS";"Norte";"Atropelamento de Animal";1;0;0;0;0;0;0;0;0;0;2;0;0;0;0
"19/10/2020";"06:36:00";"217";"Acidente s";"343";"BR-386/RS";"Norte";"Colisão - Frontal";2;0;0;0;0;0;0;0;0;0;2;0;0;0;0
"19/10/2020";"07:20:00";"230";"Acidente s";"13";"BR-448/RS";"Sul";"Choque com objeto sobre a pista";2;0;0;0;0;0;0;0;0;0;2;0;0;0;0
"20/10/2020";"07:32:00";"32";"Acidente s";"436";"BR-386/RS";"Sul";"Colisão - Traseira";1;0;1;0;0;0;0;0;0;0;3;0;0;0;0
"20/10/2020";"08:13:00";"51";"Acidente s";"93.24";"BR-290/RS";"Oeste";"Colisão - Lateral";2;0;0;0;0;0;0;0;0;0;2;0;0;0;0
"20/10/2020";"02:24:00";"150";"Acidente s";"339";"BR-386/RS";"Sul";"Colisão - Lateral";1;0;0;0;0;0;0;1;0;0;3;0;0;0;0
"20/10/2020";"03:05:00";"155";"Acidente c";"41";"BR-290/RS";"Leste";"Capotamento";1;0;0;0;0;0;0;0;0;0;0;1;0;0;0
"21/10/2020";"12:18:00";"4";"Acidente c";"314";"BR-386/RS";"Norte";"Colisão - Frontal";0;0;0;0;0;0;0;1;0;1;0;1;1;0;1
"21/10/2020";"05:01:00";"12";"Acidente s";"35";"BR-290/RS";"Leste";"Saída de pista";0;0;0;0;0;0;0;0;0;1;1;0;0;0;0
"21/10/2020";"07:41:00";"34";"Acidente c";"20";"BR-448/RS";"Sul";"Queda de moto";0;0;0;1;0;0;0;0;0;0;0;0;0;0;1
"21/10/2020";"09:47:00";"81";"Acidente c";"92";"BR-290/RS";"Leste";"Colisão - Lateral";1;0;0;0;0;0;0;0;0;1;1;1;1;0;0
"21/10/2020";"10:24:00";"90";"Acidente c";"6";"BR-101/RS";"Norte";"Choque Barreira";1;0;0;0;0;0;0;0;0;0;0;1;1;0;0
"21/10/2020";"02:11:00";"135";"Acidente s";"63";"BR-101/RS";"Norte";"Colisão - Traseira";1;0;1;0;0;0;0;0;0;0;1;0;0;0;0
"21/10/2020";"08:16:00";"188";"Acidente s";"50";"BR-101/RS";"Norte";"Saída de pista";1;0;0;0;0;0;0;0;0;0;2;0;0;0;0
"21/10/2020";"08:28:00";"190";"Acidente s";"3";"BR-290/RS";"Leste";"Colisão - Lateral";1;0;0;0;0;0;0;1;0;0;2;0;0;0;0
"21/10/2020";"09:02:00";"193";"Acidente s";"39";"BR-290/RS";"Oeste";"Colisão - Traseira";0;0;2;0;0;0;0;0;0;0;2;0;0;0;0
"22/10/2020";"07:24:00";"19";"Acidente s";"353";"BR-386/RS";"Sul";"Colisão - Lateral";2;0;0;0;0;0;0;0;0;0;4;0;0;0;0
"22/10/2020";"10:12:00";"84";"Acidente s";"35";"BR-101/RS";"Norte";"Choque Praça - Submarino";1;0;0;0;0;0;0;0;0;0;5;0;0;0;0
"22/10/2020";"04:25:00";"156";"Acidente s";"28";"BR-101/RS";"Sul";"Saída de pista";0;0;1;0;0;0;0;0;0;0;1;0;0;0;0
"22/10/2020";"06:22:00";"174";"Acidente c";"44";"BR-290/RS";"Oeste";"Saída de pista";1;0;0;0;0;0;0;0;0;0;0;1;0;0;0
"22/10/2020";"06:26:00";"175";"Acidente s";"435";"BR-386/RS";"Norte";"Colisão - Lateral";0;0;1;1;0;0;0;0;0;0;2;0;0;0;0
"22/10/2020";"07:44:00";"188";"Acidente s";"396";"BR-386/RS";"Sul";"Queda de Carga";6;0;0;1;0;0;0;0;0;0;9;0;0;0;0
"22/10/2020";"09:34:00";"205";"Acidente c";"38";"BR-290/RS";"Oeste";"Colisão - Traseira";1;0;1;0;0;0;0;0;0;0;1;0;1;1;0
"23/10/2020";"07:53:00";"46";"Acidente s";"92";"BR-290/RS";"Leste";"Colisão - Lateral";2;0;1;0;0;0;0;0;0;0;3;0;0;0;0
"23/10/2020";"08:37:00";"70";"Acidente c";"62";"BR-101/RS";"Sul";"Choque - Poste";1;0;0;0;0;0;0;0;0;0;0;1;0;0;0
"23/10/2020";"08:44:00";"74";"Acidente s";"47.15";"BR-290/RS";"Oeste";"Choque com objeto sobre a pista";1;0;0;0;0;0;0;0;0;0;1;0;0;0;0
"24/10/2020";"09:18:00";"65";"Acidente s";"89";"BR-290/RS";"Leste";"Colisão - Lateral";1;0;0;0;0;0;0;1;0;0;6;0;0;0;0
"24/10/2020";"10:57:00";"87";"Acidente s";"325";"BR-386/RS";"Norte";"Colisão - Traseira";2;0;0;0;0;0;0;0;0;0;2;0;0;0;0
"24/10/2020";"11:27:00";"95";"Acidente c";"85.5";"BR-101/RS";"Norte";"Colisão - Traseira";1;0;0;1;0;0;0;0;0;0;4;0;0;1;0
"24/10/2020";"11:38:00";"99";"Acidente s";"54";"BR-290/RS";"Leste";"Capotamento";1;0;0;0;0;0;0;0;0;0;1;0;0;0;0
"24/10/2020";"12:20:00";"107";"Acidente s";"75";"BR-290/RS";"Leste";"Queda de moto";0;0;0;1;0;0;0;0;0;0;1;0;0;0;0
"24/10/2020";"01:16:00";"122";"Acidente s";"19";"BR-290/RS";"Oeste";"Choque Praça - Submarino";1;0;0;0;0;0;0;0;0;0;1;0;0;0;0
"24/10/2020";"02:46:00";"136";"Acidente s";"16";"BR-290/RS";"Leste";"Colisão - Transversal";1;0;1;0;0;0;0;0;0;0;3;0;0;0;0