data;horario;n_da_ocorrencia;tipo_de_ocorrencia;km;trecho;sentido;tipo_de_acidente;automovel;bicicleta;caminhao;moto;onibus;outros;tracao_animal;transporte_de_cargas_especiais;trator_maquinas;utilitarios;ilesos;levemente_feridos;moderadamente_feridos;gravemente_feridos;mortos
"09/12/2020";"09:50:00";"103";"Acidente s";"362";"BR-386/RS";"Norte";"Colisão - Lateral";1;0;0;0;0;0;0;1;0;0;3;0;0;0;0
"09/12/2020";"04:26:00";"188";"Acidente s";"95";"BR-290/RS";"Leste";"Colisão - Traseira";1;0;0;0;0;0;0;0;0;1;3;0;0;0;0
"09/12/2020";"06:30:00";"210";"Acidente c";"345";"BR-386/RS";"Sul";"Colisão - Traseira";1;0;1;1;0;0;0;0;0;0;2;0;0;1;0
"10/12/2020";"08:26:00";"70";"Atropelame";"75";"BR-290/RS";"Leste";"Atropelamento - Morador/Trabalhador/Estudante";1;0;0;0;0;0;0;0;0;0;2;0;0;1;0
"10/12/2020";"09:00:00";"86";"Acidente s";"74";"BR-290/RS";"Oeste";"Colisão - Traseira";1;0;1;0;0;0;0;0;0;0;2;0;0;0;0
"10/12/2020";"11:54:00";"159";"Acidente c";"348";"BR-386/RS";"Norte";"Colisão - Lateral";1;0;0;1;0;0;0;0;0;0;1;1;0;0;0
"10/12/2020";"04:05:00";"235";"Acidente s";"91";"BR-290/RS";"Oeste";"Choque Barreira";1;0;0;0;0;0;0;0;0;0;3;0;0;0;0
"10/12/2020";"04:57:00";"253";"Acidente s";"89";"BR-290/RS";"Oeste";"Colisão - Lateral";1;0;1;0;0;0;0;0;0;0;2;0;0;0;0
"10/12/2020";"07:12:00";"286";"Acidente s";"227";"BR-386/RS";"Sul";"Colisão - Lateral";2;0;0;0;0;0;0;0;0;0;2;0;0;0;0
"11/12/2020";"07:05:00";"28";"Acidente c";"343";"BR-386/RS";"Sul";"Colisão - Transversal";2;0;0;0;0;0;0;0;0;0;1;0;1;0;0
"11/12/2020";"07:52:00";"59";"Acidente s";"215";"BR-386/RS";"Sul";"Colisão - Traseira";1;0;1;0;0;0;0;0;0;0;2;0;0;0;0
"11/12/2020";"08:00:00";"69";"Acidente s";"445";"BR-386/RS";"Norte";"Engavetamento";3;0;0;0;0;0;0;0;0;0;3;0;0;0;0
"11/12/2020";"01:05:00";"189";"Acidente c";"343";"BR-386/RS";"Sul";"Colisão - Transversal";0;0;0;2;0;0;0;0;0;0;2;0;1;0;0
"11/12/2020";"02:49:00";"228";"Acidente c";"220";"BR-386/RS";"Norte";"Engavetamento";1;0;0;0;0;0;0;2;0;0;2;1;0;0;0
"11/12/2020";"04:52:00";"264";"Acidente s";"74";"BR-290/RS";"Oeste";"Colisão - Traseira";2;0;0;0;0;0;0;0;0;0;3;0;0;0;0
"11/12/2020";"06:05:00";"290";"Acidente c";"88";"BR-290/RS";"Leste";"Colisão - Traseira";2;0;0;0;0;0;0;0;0;0;1;1;0;0;0
"11/12/2020";"06:13:00";"294";"Acidente s";"372";"BR-386/RS";"Sul";"Queda de ribanceira";1;0;0;0;0;0;0;0;0;0;1;0;0;0;0
"11/12/2020";"10:52:00";"357";"Acidente s";"51";"BR-290/RS";"Oeste";"Choque com objeto sobre a pista";1;0;0;0;0;0;0;0;0;0;2;0;0;0;0
"12/12/2020";"12:33:00";"9";"Acidente s";"62";"BR-290/RS";"Oeste";"Colisão - Lateral";0;0;0;1;0;0;0;1;0;0;2;0;0;0;0
"12/12/2020";"01:14:00";"14";"Acidente s";"394";"BR-386/RS";"Sul";"Queda de ribanceira";1;0;0;0;0;0;0;0;0;0;1;0;0;0;0
"12/12/2020";"02:35:00";"18";"Acidente s";"431.36";"BR-386/RS";"Norte";"Saída de pista";1;0;0;0;0;0;0;0;0;0;1;0;0;0;0
"12/12/2020";"12:04:00";"136";"Acidente s";"22";"BR-448/RS";"Norte";"Choque Barreira";1;0;0;0;0;0;0;0;0;0;3;0;0;0;0
"12/12/2020";"12:31:00";"143";"Acidente s";"440";"BR-386/RS";"Norte";"Queda de ribanceira";1;0;0;0;0;0;0;0;0;0;1;0;0;0;0
"12/12/2020";"12:43:00";"146";"Acidente c";"443";"BR-386/RS";"Norte";"Colisão - Frontal";2;0;0;0;0;0;0;0;0;0;0;3;0;0;0
"12/12/2020";"04:31:00";"205";"Acidente s";"288";"BR-386/RS";"Norte";"Capotamento";1;0;0;0;0;0;0;0;0;0;1;0;0;0;0
"12/12/2020";"05:17:00";"218";"Acidente s";"435";"BR-386/RS";"Sul";"Colisão - Lateral";1;0;0;1;0;0;0;0;0;0;2;0;0;0;0
"12/12/2020";"07:24:00";"241";"Acidente s";"395";"BR-386/RS";"Norte";"Saída de pista";1;0;0;0;0;0;0;0;0;0;1;0;0;0;0
"12/12/2020";"09:30:00";"264";"Acidente c";"352";"BR-386/RS";"Sul";"Queda de moto";0;0;0;1;0;0;0;0;0;0;0;1;0;0;0
"12/12/2020";"09:59:00";"266";"Acidente s";"420";"BR-386/RS";"Sul";"Choque - Arvore";1;0;0;0;0;0;0;0;0;0;1;0;0;0;0
"12/12/2020";"10:17:00";"269";"Acidente c";"387";"BR-386/RS";"Sul";"Colisão - Traseira";1;0;0;1;0;0;0;0;0;0;0;1;0;0;0
"13/12/2020";"01:01:00";"5";"Acidente s";"68";"BR-290/RS";"Oeste";"Colisão - Traseira";2;0;0;0;0;0;0;0;0;0;4;0;0;0;0
"13/12/2020";"05:19:00";"20";"Acidente c";"354";"BR-386/RS";"Norte";"Queda de ribanceira";1;0;0;0;0;0;0;0;0;0;0;2;0;0;0
"13/12/2020";"02:02:00";"121";"Acidente s";"308";"BR-386/RS";"Sul";"Queda de ribanceira";1;0;0;0;0;0;0;0;0;0;3;0;0;0;0
"13/12/2020";"02:33:00";"133";"Acidente s";"236";"BR-386/RS";"Sul";"Queda de ribanceira";1;0;0;0;0;0;0;0;0;0;2;0;0;0;0
"13/12/2020";"02:44:00";"137";"Acidente s";"56";"BR-290/RS";"Leste";"Queda de ribanceira";1;0;0;0;0;0;0;0;0;0;5;0;0;0;0
"13/12/2020";"03:06:00";"143";"Acidente s";"67";"BR-290/RS";"Oeste";"Saída de pista";1;0;0;0;0;0;0;0;0;0;2;0;0;0;0
"13/12/2020";"03:59:00";"156";"Acidente s";"363";"BR-386/RS";"Norte";"Saída de pista";1;0;0;0;0;0;0;0;0;0;1;0;0;0;0
"13/12/2020";"04:21:00";"162";"Acidente s";"421";"BR-386/RS";"Sul";"Colisão - Traseira";2;0;0;0;0;0;0;0;0;0;3;0;0;0;0
"13/12/2020";"04:24:00";"164";"Acidente c";"9";"BR-448/RS";"Norte";"Saída de pista";0;0;0;1;0;0;0;0;0;0;0;1;0;0;0
"13/12/2020";"07:16:00";"219";"Acidente s";"319";"BR-386/RS";"Norte";"Saída de pista";0;0;0;0;0;0;0;0;0;1;1;0;0;0;0
"13/12/2020";"07:28:00";"223";"Acidente s";"347";"BR-386/RS";"Sul";"Saída de pista";2;0;0;0;0;0;0;0;0;0;2;0;0;0;0
"13/12/2020";"08:11:00";"238";"Acidente s";"86";"BR-290/RS";"Oeste";"Queda de ribanceira";1;0;0;0;0;0;0;0;0;0;1;0;0;0;0
"14/12/2020";"12:37:00";"7";"Acidente c";"68";"BR-290/RS";"Oeste";"Colisão - Traseira";2;0;0;0;0;0;0;0;0;0;0;3;1;0;0
"14/12/2020";"03:54:00";"18";"Acidente s";"414";"BR-386/RS";"Norte";"Saída de pista";1;0;0;0;0;0;0;0;0;0;1;0;0;0;0
"14/12/2020";"05:10:00";"22";"Acidente s";"55";"BR-290/RS";"Oeste";"Saída de pista";1;0;0;0;0;0;0;0;0;0;2;0;0;0;0
"14/12/2020";"05:48:00";"27";"Acidente c";"94";"BR-290/RS";"Leste";"Saída de pista";0;0;0;0;0;0;0;1;0;0;0;0;1;0;0
"14/12/2020";"09:27:00";"108";"Acidente s";"236";"BR-386/RS";"Norte";"Queda de ribanceira";0;0;0;0;0;0;0;1;0;0;1;0;0;0;0
"14/12/2020";"11:35:00";"162";"Acidente s";"345";"BR-386/RS";"Norte";"Colisão - Traseira";2;0;0;0;0;0;0;0;0;0;2;0;0;0;0
"14/12/2020";"12:35:00";"176";"Acidente s";"236";"BR-386/RS";"Sul";"Queda de ribanceira";1;0;0;0;0;0;0;0;0;0;1;0;0;0;0
"14/12/2020";"01:45:00";"188";"Acidente s";"426";"BR-386/RS";"Sul";"Colisão - Lateral";2;0;0;0;0;0;0;0;0;0;4;0;0;0;0
"14/12/2020";"05:57:00";"264";"Acidente s";"397";"BR-386/RS";"Norte";"Capotamento";1;0;0;0;0;0;0;0;0;0;1;0;0;0;0
"15/12/2020";"12:18:00";"4";"Acidente s";"19";"BR-101/RS";"Sul";"Saída de pista";1;0;0;0;0;0;0;0;0;0;1;0;0;0;0
"15/12/2020";"08:15:00";"72";"Acidente s";"86";"BR-290/RS";"Oeste";"Colisão - Traseira";1;0;0;0;0;0;0;0;0;1;2;0;0;0;0
"15/12/2020";"09:34:00";"105";"Acidente s";"60";"BR-290/RS";"Leste";"Colisão - Traseira";2;0;0;0;0;0;0;0;0;0;5;0;0;0;0
"15/12/2020";"10:11:00";"120";"Acidente s";"96";"BR-290/RS";"Oeste";"Colisão - Traseira";1;0;0;0;0;0;0;0;0;1;2;0;0;0;0
"15/12/2020";"01:22:00";"165";"Acidente s";"190";"BR-386/RS";"Norte";"Colisão - Traseira";2;0;0;0;0;0;0;0;0;0;3;0;0;0;0
"15/12/2020";"01:50:00";"181";"Acidente c";"423";"BR-386/RS";"Sul";"Queda de ribanceira";0;0;1;0;0;0;0;0;0;0;1;0;1;0;0
"15/12/2020";"01:52:00";"183";"Acidente c";"266";"BR-386/RS";"Norte";"Colisão - Lateral";1;0;0;0;0;0;0;1;0;0;2;0;1;0;0
"15/12/2020";"03:13:00";"196";"Acidente c";"426";"BR-386/RS";"Sul";"Queda de moto";0;0;0;1;0;0;0;0;0;0;0;0;1;0;0
"15/12/2020";"08:03:00";"257";"Acidente c";"53";"BR-290/RS";"Leste";"Queda de ribanceira";1;0;1;0;0;0;0;0;0;0;1;0;1;0;0
"16/12/2020";"02:16:00";"11";"Acidente s";"370";"BR-386/RS";"Norte";"Queda de ribanceira";0;0;0;0;0;0;0;0;0;1;1;0;0;0;0
"16/12/2020";"07:23:00";"39";"Acidente s";"91";"BR-290/RS";"Oeste";"Colisão - Lateral";1;0;1;0;0;0;0;0;0;0;3;0;0;0;0
"16/12/2020";"07:57:00";"57";"Acidente c";"2";"BR-448/RS";"Sul";"Engavetamento";4;0;0;0;0;0;0;0;0;0;3;2;0;0;0
"16/12/2020";"01:16:00";"180";"Acidente s";"280";"BR-386/RS";"Norte";"Colisão - Traseira";2;0;0;0;0;0;0;0;0;0;2;0;0;0;0
"16/12/2020";"02:38:00";"200";"Acidente c";"382";"BR-386/RS";"Sul";"Capotamento";1;0;0;0;0;0;0;0;0;0;0;1;0;0;0
"16/12/2020";"05:13:00";"237";"Acidente s";"86";"BR-101/RS";"Norte";"Tombamento";0;0;0;0;0;0;0;1;0;0;1;0;0;0;0
"16/12/2020";"09:24:00";"280";"Acidente s";"44";"BR-101/RS";"Norte";"Engavetamento";3;0;0;0;0;0;0;0;0;0;7;0;0;0;0
"16/12/2020";"10:26:00";"286";"Acidente s";"43";"BR-101/RS";"Sul";"Saída de pista";0;0;0;0;0;0;0;0;0;1;2;0;0;0;0
"17/12/2020";"04:28:00";"16";"Acidente s";"15";"BR-290/RS";"Oeste";"Saída de pista";0;0;1;0;0;0;0;0;0;0;1;0;0;0;0
"17/12/2020";"06:08:00";"24";"Acidente s";"44";"BR-101/RS";"Sul";"Queda de ribanceira";0;0;1;0;0;0;0;0;0;0;1;0;0;0;0
"17/12/2020";"07:24:00";"48";"Atropelame";"94";"BR-290/RS";"Oeste";"Atropelamento - Usuário";0;0;0;0;0;0;0;0;0;1;0;1;0;0;0
"17/12/2020";"08:16:00";"74";"Acidente s";"437";"BR-386/RS";"Norte";"Colisão - Traseira";1;0;1;0;0;0;0;0;0;0;4;0;0;0;0
"17/12/2020";"08:47:00";"85";"Acidente s";"435";"BR-386/RS";"Sul";"Colisão - Traseira";2;0;0;0;0;0;0;0;0;0;2;0;0;0;0
"17/12/2020";"12:03:00";"143";"Acidente s";"296";"BR-386/RS";"Norte";"Colisão - Traseira";2;0;0;0;0;0;0;0;0;0;2;0;0;0;0
"17/12/2020";"12:35:00";"154";"Acidente s";"397";"BR-386/RS";"Sul";"Colisão - Lateral";3;0;0;0;0;0;0;0;0;0;3;0;0;0;0
"17/12/2020";"08:16:00";"248";"Acidente s";"198.16";"BR-386/RS";"Sul";"Atropelamento de Animal";1;0;0;0;0;0;0;0;0;0;1;0;0;0;0
"18/12/2020";"12:45:00";"7";"Acidente s";"9";"BR-101/RS";"Sul";"Queda de ribanceira";1;0;0;0;0;0;0;0;0;0;1;0;0;0;0
"18/12/2020";"03:32:00";"14";"Acidente c";"67";"BR-290/RS";"Oeste";"Saída de pista";0;0;0;0;0;0;0;0;0;1;0;0;1;0;0
"18/12/2020";"08:21:00";"89";"Acidente s";"328";"BR-386/RS";"Norte";"Colisão - Traseira";2;0;0;0;0;0;0;0;0;1;3;0;0;0;0
"18/12/2020";"08:49:00";"107";"Acidente s";"95";"BR-290/RS";"Oeste";"Colisão - Traseira";2;0;0;0;0;0;0;0;0;0;2;0;0;0;0
"18/12/2020";"10:12:00";"144";"Atropelame";"24";"BR-101/RS";"Sul";"Queda de ribanceira";1;0;0;0;0;0;0;0;0;0;1;1;0;0;0
"18/12/2020";"12:04:00";"190";"Acidente s";"344";"BR-386/RS";"Norte";"Colisão - Lateral";2;0;0;0;0;0;0;0;0;0;2;0;0;0;0
"18/12/2020";"01:48:00";"224";"Acidente s";"97";"BR-290/RS";"Oeste";"Colisão - Traseira";2;0;0;0;0;0;0;0;0;0;2;0;0;0;0
"18/12/2020";"03:17:00";"253";"Acidente c";"285";"BR-386/RS";"Norte";"Queda de ribanceira";1;0;0;0;0;0;0;0;0;0;1;0;1;0;0
"18/12/2020";"04:49:00";"280";"Acidente c";"239";"BR-386/RS";"Norte";"Colisão - Traseira";2;0;0;0;0;0;0;0;0;0;5;2;0;0;0
"18/12/2020";"06:02:00";"306";"Acidente s";"48";"BR-290/RS";"Oeste";"Choque - Arvore";1;0;0;0;0;0;0;0;0;0;3;0;0;0;0
"18/12/2020";"08:30:00";"358";"Acidente s";"70";"BR-290/RS";"Leste";"Outros";1;0;0;0;0;0;0;0;0;0;1;0;0;0;0
"18/12/2020";"11:25:00";"389";"Acidente s";"69";"BR-290/RS";"Oeste";"Saída de pista";1;0;0;0;0;0;0;0;0;0;1;0;0;0;0
"19/12/2020";"01:04:00";"11";"Acidente s";"3";"BR-290/RS";"Leste";"Colisão - Frontal";0;0;0;0;0;0;0;0;0;1;1;0;0;0;0
"19/12/2020";"01:32:00";"14";"Acidente s";"307";"BR-386/RS";"Norte";"Saída de pista";0;0;0;0;0;0;0;1;0;0;1;0;0;0;0
"19/12/2020";"02:38:00";"20";"Acidente s";"36";"BR-290/RS";"Oeste";"Atropelamento de Animal";1;0;0;0;0;0;0;0;0;0;3;0;0;0;0
"19/12/2020";"05:05:00";"26";"Acidente s";"6";"BR-290/RS";"Oeste";"Capotamento";1;0;0;0;0;0;0;0;0;0;1;0;0;0;0
"19/12/2020";"12:20:00";"153";"Acidente c";"360";"BR-386/RS";"Norte";"Capotamento";1;0;0;0;0;0;0;0;0;0;0;0;0;2;0
"19/12/2020";"12:43:00";"157";"Acidente c";"45";"BR-101/RS";"Norte";"Colisão - Traseira";2;0;0;0;0;0;0;0;0;0;2;1;0;0;0
"19/12/2020";"01:40:00";"175";"Acidente s";"440";"BR-386/RS";"Sul";"Queda de ribanceira";1;0;0;0;0;0;0;0;0;0;1;0;0;0;0
"19/12/2020";"02:07:00";"183";"Acidente s";"252";"BR-386/RS";"Norte";"Queda de ribanceira";1;0;0;0;0;0;0;0;0;0;1;0;0;0;0
"19/12/2020";"02:32:00";"188";"Acidente c";"11";"BR-290/RS";"Leste";"Queda de ribanceira";1;0;0;0;0;0;0;0;0;0;2;3;0;0;0
"19/12/2020";"06:48:00";"250";"Acidente c";"70";"BR-290/RS";"Oeste";"Colisão - Traseira";2;0;0;0;0;0;0;0;0;0;2;2;0;0;0
"19/12/2020";"09:22:00";"273";"Acidente s";"80";"BR-101/RS";"Sul";"Saída de pista";1;0;0;0;0;0;0;0;0;0;3;0;0;0;0
"19/12/2020";"09:26:00";"277";"Acidente c";"92";"BR-290/RS";"Oeste";"Choque com veículo na faixa de rolamento";2;0;0;0;0;0;0;0;0;0;1;1;1;0;0
"20/12/2020";"01:12:00";"9";"Acidente s";"358";"BR-386/RS";"Norte";"Capotamento";0;0;1;0;0;0;0;0;0;0;1;0;0;0;0
"20/12/2020";"01:15:00";"10";"Acidente s";"214";"BR-386/RS";"Sul";"Saída de pista";1;0;0;0;0;0;0;0;0;0;1;0;0;0;0
"20/12/2020";"01:36:00";"11";"Acidente s";"3";"BR-101/RS";"Sul";"Capotamento";1;0;0;0;0;0;0;0;0;0;6;0;0;0;0
"20/12/2020";"03:28:00";"18";"Acidente s";"64";"BR-290/RS";"Oeste";"Capotamento";1;0;0;0;0;0;0;0;0;0;2;0;0;0;0
"20/12/2020";"05:53:00";"23";"Acidente s";"4";"BR-290/RS";"Oeste";"Saída de pista";1;0;0;0;0;0;0;0;0;0;3;0;0;0;0
"20/12/2020";"07:06:00";"29";"Acidente s";"293";"BR-386/RS";"Sul";"Capotamento";1;0;0;0;0;0;0;0;0;0;5;0;0;0;0
"20/12/2020";"10:18:00";"77";"Acidente c";"64";"BR-290/RS";"Oeste";"Queda de ribanceira";1;0;0;0;0;0;0;0;0;0;0;1;0;0;0
"20/12/2020";"11:35:00";"102";"Acidente s";"50";"BR-290/RS";"Oeste";"Queda de ribanceira";1;0;0;0;0;0;0;0;0;0;1;0;0;0;0
"20/12/2020";"01:50:00";"131";"Acidente c";"206";"BR-386/RS";"Norte";"Queda de ribanceira";1;0;0;0;0;0;0;0;0;0;1;1;0;0;0
"20/12/2020";"01:59:00";"134";"Acidente s";"334";"BR-386/RS";"Sul";"Colisão - Lateral";2;0;0;0;0;0;0;0;0;0;4;0;0;0;0
"20/12/2020";"02:13:00";"137";"Acidente s";"12";"BR-290/RS";"Oeste";"Saída de pista";1;0;0;0;0;0;0;0;0;0;2;0;0;0;0
"20/12/2020";"02:52:00";"145";"Acidente s";"310";"BR-386/RS";"Norte";"Colisão - Traseira";2;0;0;0;0;0;0;0;0;0;6;0;0;0;0
"20/12/2020";"06:23:00";"194";"Acidente c";"22";"BR-448/RS";"Sul";"Queda de Ponte/Viaduto";0;0;0;1;0;0;0;0;0;0;1;0;0;1;0
"20/12/2020";"07:24:00";"206";"Acidente s";"351";"BR-386/RS";"Norte";"Saída de pista";1;0;0;0;0;0;0;0;0;0;1;0;0;0;0
"21/12/2020";"01:45:00";"12";"Acidente c";"68";"BR-101/RS";"Sul";"Colisão - Traseira";0;0;1;1;0;0;0;0;0;0;1;0;0;0;1
"21/12/2020";"04:26:00";"22";"Acidente c";"51";"BR-290/RS";"Leste";"Queda de moto";0;0;0;1;0;0;0;0;0;0;0;0;1;0;0
"21/12/2020";"07:06:00";"261";"Acidente s";"8";"BR-448/RS";"Sul";"Colisão - Traseira";1;0;0;0;0;1;0;0;0;0;4;0;0;0;0
"21/12/2020";"12:35:00";"378";"Acidente c";"30";"BR-290/RS";"Leste";"Colisão - Traseira";1;0;0;1;0;0;0;0;0;0;3;0;2;0;0
"21/12/2020";"01:29:00";"394";"Acidente s";"10";"BR-448/RS";"Sul";"Colisão - Traseira";2;0;0;0;0;0;0;0;0;0;2;0;0;0;0
"21/12/2020";"09:48:00";"496";"Acidente c";"349.22";"BR-386/RS";"Norte";"Atropelamento - Usuário";1;0;0;1;0;0;0;0;0;0;4;0;1;0;0
"22/12/2020";"07:53:00";"575";"Acidente s";"96";"BR-290/RS";"Oeste";"Engavetamento";3;0;0;0;0;0;0;0;0;0;4;0;0;0;0
"22/12/2020";"08:30:00";"587";"Acidente s";"89";"BR-290/RS";"Oeste";"Queda de moto";0;0;0;1;0;0;0;0;0;0;2;0;0;0;0
"22/12/2020";"03:00:00";"715";"Acidente s";"393";"BR-386/RS";"Sul";"Saída de pista";0;0;1;0;0;0;0;0;0;0;1;0;0;0;0
"22/12/2020";"05:01:00";"757";"Acidente s";"426";"BR-386/RS";"Norte";"Colisão - Traseira";2;0;0;0;0;0;0;0;0;0;3;0;0;0;0
"22/12/2020";"05:53:00";"771";"Acidente c";"88";"BR-290/RS";"Leste";"Colisão - Lateral";0;0;0;1;0;1;0;0;0;0;0;0;1;0;0
"22/12/2020";"06:40:00";"784";"Acidente c";"75";"BR-290/RS";"Leste";"Colisão - Lateral";2;0;0;0;0;0;0;0;0;0;2;1;0;0;0
"22/12/2020";"06:57:00";"789";"Acidente s";"75";"BR-290/RS";"Leste";"Engavetamento";3;0;0;0;0;0;0;0;0;0;4;0;0;0;0
"22/12/2020";"08:40:00";"809";"Acidente s";"94";"BR-290/RS";"Oeste";"Capotamento";1;0;0;0;0;0;0;0;0;0;1;0;0;0;0
"22/12/2020";"10:24:00";"829";"Acidente s";"413";"BR-386/RS";"Sul";"Colisão - Transversal";2;0;0;0;0;0;0;0;0;0;2;0;0;0;0
"22/12/2020";"10:33:00";"830";"Acidente s";"190";"BR-386/RS";"Norte";"Atropelamento de Animal";1;0;0;0;0;0;0;0;0;0;2;0;0;0;0
"23/12/2020";"03:36:00";"14";"Acidente s";"52";"BR-290/RS";"Oeste";"Capotamento";1;0;0;0;0;0;0;0;0;0;2;0;0;0;0
"23/12/2020";"04:23:00";"16";"Acidente s";"56";"BR-290/RS";"Leste";"Queda de ribanceira";0;0;1;0;0;0;0;0;0;0;1;0;0;0;0
"23/12/2020";"07:43:00";"61";"Acidente s";"423";"BR-386/RS";"Norte";"Tombamento";1;0;0;0;0;0;0;0;0;0;1;0;0;0;0
"23/12/2020";"09:12:00";"117";"Acidente c";"94";"BR-290/RS";"Oeste";"Choque Defensa";1;0;0;0;0;0;0;0;0;0;0;2;0;0;0
"23/12/2020";"09:28:00";"127";"Acidente c";"4";"BR-290/RS";"Leste";"Queda de ribanceira";1;0;0;0;0;0;0;0;0;0;2;1;0;0;0
"23/12/2020";"12:39:00";"194";"Acidente c";"440";"BR-386/RS";"Norte";"Colisão - Traseira";1;0;0;0;0;1;0;0;0;0;1;0;1;0;0
"23/12/2020";"06:02:00";"311";"Acidente s";"76";"BR-290/RS";"Oeste";"Saída de pista";1;0;0;0;0;0;0;0;0;0;1;0;0;0;0
"23/12/2020";"10:42:00";"387";"Acidente s";"96";"BR-290/RS";"Oeste";"Engavetamento";3;0;0;0;0;0;0;0;0;0;3;0;0;0;0
"23/12/2020";"10:52:00";"389";"Acidente s";"4";"BR-290/RS";"Leste";"Queda de ribanceira";0;0;1;0;0;0;0;0;0;0;1;0;0;0;0
"24/12/2020";"12:37:00";"4";"Acidente c";"50";"BR-101/RS";"Norte";"Choque - Caixa de Captação/Fibra";0;0;0;1;0;0;0;0;0;0;0;1;0;0;0
"24/12/2020";"02:05:00";"13";"Acidente c";"78";"BR-101/RS";"Sul";"Saída de pista";1;0;0;0;0;0;0;0;0;0;2;1;0;0;0
"24/12/2020";"04:33:00";"23";"Acidente c";"294";"BR-386/RS";"Norte";"Colisão - Frontal";2;0;0;0;0;0;0;0;0;0;4;1;2;0;0
"24/12/2020";"06:39:00";"38";"Acidente s";"302";"BR-386/RS";"Norte";"Colisão - Traseira";2;0;0;0;0;0;0;0;0;0;2;0;0;0;0
"24/12/2020";"06:49:00";"42";"Acidente s";"86";"BR-101/RS";"Sul";"Colisão - Lateral";1;0;0;0;0;0;0;0;0;1;3;0;0;0;0
"24/12/2020";"07:05:00";"48";"Acidente s";"272";"BR-386/RS";"Norte";"Colisão - Lateral";1;0;0;0;0;0;0;0;0;0;3;0;0;0;0
"24/12/2020";"07:55:00";"69";"Acidente s";"204";"BR-386/RS";"Norte";"Colisão - Traseira";3;0;0;0;0;0;0;0;0;0;8;0;0;0;0
"24/12/2020";"08:50:00";"93";"Acidente s";"240";"BR-386/RS";"Sul";"Colisão - Lateral";1;0;0;0;0;0;0;0;0;0;5;0;0;0;0
"24/12/2020";"08:57:00";"98";"Acidente s";"345";"BR-386/RS";"Norte";"Colisão - Traseira";2;0;0;0;0;0;0;0;0;0;5;0;0;0;0
"24/12/2020";"09:04:00";"103";"Acidente s";"284";"BR-386/RS";"Norte";"Colisão - Traseira";2;0;0;0;0;0;0;0;0;0;2;0;0;0;0
"24/12/2020";"09:05:00";"104";"Acidente s";"251";"BR-386/RS";"Norte";"Colisão - Traseira";2;0;0;0;0;0;0;0;0;0;2;0;0;0;0
"24/12/2020";"09:29:00";"117";"Acidente s";"251";"BR-386/RS";"Norte";"Colisão - Traseira";2;0;0;0;0;0;0;0;0;0;4;0;0;0;0
"24/12/2020";"11:18:00";"174";"Acidente s";"204";"BR-386/RS";"Norte";"Engavetamento";3;0;0;0;0;0;0;0;0;0;10;0;0;0;0
"24/12/2020";"11:19:00";"175";"Acidente s";"61";"BR-101/RS";"Sul";"Colisão - Lateral";1;0;1;0;0;0;0;0;0;0;3;0;0;0;0
"24/12/2020";"04:28:00";"297";"Acidente s";"7";"BR-290/RS";"Oeste";"Colisão - Lateral";2;0;0;0;0;0;0;0;0;0;2;0;0;0;0
"24/12/2020";"05:57:00";"329";"Acidente c";"214";"BR-386/RS";"Norte";"Colisão - Lateral";2;0;0;0;0;0;0;0;0;0;1;0;2;0;0
"24/12/2020";"07:01:00";"338";"Acidente s";"60";"BR-290/RS";"Leste";"Colisão - Traseira";2;0;0;0;0;0;0;0;0;0;2;0;0;0;0
"24/12/2020";"07:04:00";"339";"Acidente s";"401";"BR-386/RS";"Norte";"Saída de pista";1;0;0;0;0;0;0;0;0;0;1;0;0;0;0
"24/12/2020";"09:00:00";"360";"Acidente s";"336";"BR-386/RS";"Norte";"Saída de pista";1;0;0;0;0;0;0;0;0;0;1;0;0;0;0
"25/12/2020";"04:04:00";"20";"Acidente c";"16";"BR-290/RS";"Leste";"Queda de ribanceira";1;0;0;0;0;0;0;0;0;0;0;2;0;0;0
"25/12/2020";"05:16:00";"26";"Acidente s";"345";"BR-386/RS";"Norte";"Capotamento";1;0;0;0;0;0;0;0;0;0;1;0;0;0;0
"25/12/2020";"06:48:00";"32";"Acidente s";"307";"BR-386/RS";"Norte";"Queda de ribanceira";1;0;0;0;0;0;0;0;0;0;3;0;0;0;0
"25/12/2020";"09:16:00";"66";"Acidente c";"75";"BR-290/RS";"Leste";"Colisão - Traseira";2;0;0;0;0;0;0;0;0;0;6;2;0;0;0
"25/12/2020";"02:52:00";"145";"Acidente s";"59";"BR-290/RS";"Oeste";"Colisão - Traseira";2;0;0;0;0;0;0;0;0;0;4;0;0;0;0
"25/12/2020";"03:36:00";"159";"Acidente s";"59";"BR-290/RS";"Leste";"Queda de ribanceira";1;0;0;0;0;0;0;0;0;0;3;0;0;0;0
"25/12/2020";"08:53:00";"238";"Acidente s";"90";"BR-290/RS";"Leste";"Queda de ribanceira";1;0;0;0;0;0;0;0;0;0;1;0;0;0;0
"26/12/2020";"02:28:00";"4";"Acidente c";"43";"BR-101/RS";"Sul";"Choque Barreira";1;0;0;0;0;0;0;0;0;0;0;1;1;0;0
"26/12/2020";"04:55:00";"9";"Acidente c";"18";"BR-290/RS";"Oeste";"Choque - Arvore";1;0;0;0;0;0;0;0;0;0;2;1;1;0;0
"26/12/2020";"10:30:00";"80";"Acidente c";"268";"BR-386/RS";"Sul";"Queda de moto";0;0;0;1;0;0;0;0;0;0;0;0;1;0;0