data;horario;n_da_ocorrencia;tipo_de_ocorrencia;km;trecho;sentido;tipo_de_acidente;automovel;bicicleta;caminhao;moto;onibus;outros;tracao_animal;transporte_de_cargas_especiais;trator_maquinas;utilitarios;ilesos;levemente_feridos;moderadamente_feridos;gravemente_feridos;mortos
"26/12/2020";"12:47:00";"133";"Acidente s";"179";"BR-386/RS";"Sul";"Choque Defensa";1;0;0;0;0;0;0;0;0;0;6;0;0;0;0
"26/12/2020";"04:14:00";"185";"Acidente c";"23";"BR-101/RS";"Sul";"Atropelamento de Animal";0;0;0;1;0;0;0;0;0;0;0;1;0;0;0
"26/12/2020";"09:16:00";"239";"Acidente s";"25";"BR-290/RS";"Leste";"Atropelamento de Animal";1;0;0;0;0;0;0;0;0;0;2;0;0;0;0
"26/12/2020";"09:57:00";"241";"Acidente s";"349";"BR-386/RS";"Sul";"Choque Barreira";1;0;0;0;0;0;0;0;0;0;1;0;0;0;0
"27/12/2020";"12:55:00";"4";"Acidente s";"82";"BR-290/RS";"Oeste";"Queda de ribanceira";1;0;0;0;0;0;0;0;0;0;1;0;0;0;0
"27/12/2020";"05:21:00";"18";"Acidente c";"41";"BR-290/RS";"Oeste";"Queda de ribanceira";1;0;0;0;0;0;0;0;0;0;0;1;0;0;0
"27/12/2020";"07:28:00";"39";"Acidente c";"3";"BR-101/RS";"Norte";"Queda de ribanceira";1;0;0;0;0;0;0;0;0;0;1;0;1;0;0
"27/12/2020";"08:08:00";"52";"Acidente c";"256";"BR-386/RS";"Norte";"Colisão - Frontal";2;0;0;0;0;0;0;0;0;0;3;4;1;1;0
"27/12/2020";"09:35:00";"74";"Acidente c";"67";"BR-101/RS";"Norte";"Queda de moto";0;0;0;0;0;0;0;0;0;0;0;0;1;0;0
"27/12/2020";"11:18:00";"103";"Acidente c";"256";"BR-386/RS";"Sul";"Engavetamento";2;0;0;0;0;0;0;2;0;0;3;2;0;0;0
"27/12/2020";"12:26:00";"117";"Acidente s";"20";"BR-448/RS";"Sul";"Choque Barreira";1;0;0;0;0;0;0;0;0;0;1;0;0;0;0
"27/12/2020";"12:41:00";"119";"Acidente s";"405";"BR-386/RS";"Norte";"Queda de ribanceira";1;0;0;0;0;0;0;0;0;0;4;0;0;0;0
"27/12/2020";"01:29:00";"129";"Acidente s";"22";"BR-101/RS";"Norte";"Colisão - Lateral";2;0;0;0;0;0;0;0;0;0;6;0;0;0;0
"27/12/2020";"02:01:00";"137";"Acidente c";"69";"BR-290/RS";"Oeste";"Colisão - Traseira";2;0;0;0;0;0;0;0;0;0;1;3;1;0;0
"27/12/2020";"03:53:00";"170";"Acidente s";"64";"BR-290/RS";"Oeste";"Saída de pista";1;0;0;0;0;0;0;0;0;0;1;0;0;0;0
"27/12/2020";"04:27:00";"181";"Acidente s";"22";"BR-448/RS";"Sul";"Saída de pista";1;0;0;0;0;0;0;0;0;0;1;0;0;0;0
"27/12/2020";"04:43:00";"188";"Acidente c";"215";"BR-386/RS";"Norte";"Colisão - Traseira";2;0;0;0;0;0;0;0;0;0;3;1;0;0;0
"27/12/2020";"04:50:00";"192";"Acidente s";"242";"BR-386/RS";"Sul";"Saída de pista";1;0;0;0;0;0;0;0;0;0;2;0;0;0;0
"27/12/2020";"05:48:00";"211";"Acidente c";"316";"BR-386/RS";"Norte";"Saída de pista";1;0;0;0;0;0;0;0;0;0;1;1;0;0;0
"27/12/2020";"08:35:00";"260";"Acidente s";"375";"BR-386/RS";"Sul";"Saída de pista";1;0;0;0;0;0;0;0;0;0;1;0;0;0;0
"28/12/2020";"12:56:00";"9";"Acidente s";"75";"BR-290/RS";"Oeste";"Colisão - Lateral";0;0;0;0;0;0;0;1;0;1;2;0;0;0;0
"28/12/2020";"04:56:00";"17";"Acidente c";"433";"BR-386/RS";"Norte";"Colisão - Lateral";0;0;1;0;0;0;0;0;0;1;2;0;0;1;0
"28/12/2020";"05:00:00";"18";"Acidente s";"9";"BR-290/RS";"Leste";"Atropelamento de Animal";1;0;0;0;0;0;0;0;0;0;4;0;0;0;0
"28/12/2020";"10:30:00";"126";"Acidente s";"298";"BR-386/RS";"Sul";"Colisão - Traseira";2;0;0;0;0;0;0;0;0;0;5;0;0;0;0
"28/12/2020";"11:32:00";"153";"Acidente s";"334";"BR-386/RS";"Sul";"Colisão - Traseira";2;0;0;0;0;0;0;0;0;0;4;0;0;0;0
"28/12/2020";"01:15:00";"194";"Acidente s";"42";"BR-290/RS";"Oeste";"Colisão - Lateral";1;0;0;0;0;0;0;0;0;0;4;0;0;0;0
"28/12/2020";"03:36:00";"247";"Acidente c";"26";"BR-101/RS";"Sul";"Queda de ribanceira";1;0;0;0;0;0;0;0;0;0;0;1;0;0;0
"28/12/2020";"04:00:00";"254";"Acidente s";"343";"BR-386/RS";"Sul";"Colisão - Traseira";3;0;0;0;0;0;0;0;0;0;4;0;0;0;0
"28/12/2020";"04:48:00";"264";"Acidente s";"92";"BR-290/RS";"Oeste";"Colisão - Traseira";1;0;0;0;0;0;0;0;0;1;2;0;0;0;0
"29/12/2020";"01:34:00";"8";"Acidente s";"19";"BR-290/RS";"Leste";"Colisão - Transversal";1;0;1;0;0;0;0;0;0;0;5;0;0;0;0
"29/12/2020";"05:01:00";"18";"Acidente c";"48";"BR-290/RS";"Oeste";"Colisão - Traseira";2;0;0;0;0;0;0;0;0;0;1;1;1;1;0
"29/12/2020";"09:07:00";"86";"Acidente s";"240";"BR-386/RS";"Sul";"Colisão - Traseira";2;0;0;0;0;0;0;0;0;0;6;0;0;0;0
"29/12/2020";"03:40:00";"228";"Acidente s";"14";"BR-290/RS";"Oeste";"Queda de ribanceira";1;0;0;0;0;0;0;0;0;0;1;0;0;0;0
"29/12/2020";"05:53:00";"284";"Acidente c";"347";"BR-386/RS";"Norte";"Colisão - Traseira";0;0;0;1;0;0;0;1;0;0;1;1;0;0;0
"29/12/2020";"08:40:00";"318";"Acidente c";"23";"BR-290/RS";"Oeste";"Queda de moto";0;0;0;1;0;0;0;0;0;0;0;2;0;0;0
"30/12/2020";"02:47:00";"13";"Acidente s";"60";"BR-101/RS";"Norte";"Atropelamento de Animal";1;0;0;0;0;0;0;0;0;0;4;0;0;0;0
"30/12/2020";"05:00:00";"21";"Acidente s";"51";"BR-101/RS";"Norte";"Queda de ribanceira";1;0;0;0;0;0;0;0;0;0;4;0;0;0;0
"30/12/2020";"07:35:00";"50";"Acidente s";"15";"BR-101/RS";"Sul";"Queda de ribanceira";1;0;0;0;0;0;0;0;0;0;1;0;0;0;0
"30/12/2020";"10:33:00";"141";"Acidente s";"19";"BR-290/RS";"Leste";"Colisão - Traseira";2;0;0;0;0;0;0;0;0;0;2;0;0;0;0
"30/12/2020";"12:12:00";"189";"Acidente c";"30";"BR-290/RS";"Oeste";"Queda de ribanceira";2;0;0;0;0;0;0;0;0;0;5;1;0;0;0
"30/12/2020";"01:06:00";"212";"Acidente s";"394";"BR-386/RS";"Sul";"Choque Barreira";1;0;0;0;0;0;0;0;0;0;2;0;0;0;0
"30/12/2020";"01:25:00";"222";"Acidente c";"257";"BR-386/RS";"Norte";"Colisão - Traseira";1;0;1;0;0;0;0;0;0;0;4;1;0;0;0
"30/12/2020";"01:37:00";"226";"Acidente s";"19";"BR-290/RS";"Leste";"Colisão - Traseira";1;0;0;0;0;0;0;1;0;0;2;0;0;0;0
"30/12/2020";"01:51:00";"231";"Acidente s";"368";"BR-386/RS";"Norte";"Colisão - Traseira";2;0;0;0;0;0;0;0;0;0;3;0;0;0;0
"30/12/2020";"01:57:00";"235";"Acidente s";"417";"BR-386/RS";"Sul";"Saída de pista";1;0;0;0;0;0;0;0;0;0;4;0;0;0;0
"30/12/2020";"02:16:00";"251";"Acidente c";"22";"BR-448/RS";"Sul";"Capotamento";1;0;0;0;0;0;0;0;0;0;1;1;0;0;0
"30/12/2020";"03:23:00";"267";"Acidente s";"68";"BR-290/RS";"Leste";"Colisão - Traseira";1;0;0;0;0;0;0;0;0;0;2;0;0;0;0
"30/12/2020";"05:16:00";"306";"Acidente s";"419";"BR-386/RS";"Norte";"Choque Defensa";1;0;0;0;0;0;0;0;0;0;1;0;0;0;0
"30/12/2020";"08:21:00";"384";"Acidente s";"19";"BR-290/RS";"Oeste";"Colisão - Traseira";1;0;0;0;0;1;0;0;0;0;5;0;0;0;0
"30/12/2020";"09:19:00";"403";"Acidente s";"9";"BR-290/RS";"Leste";;0;0;0;1;0;0;0;0;0;0;1;0;0;0;0
"30/12/2020";"09:19:00";"404";"Acidente s";"26";"BR-290/RS";"Leste";"Colisão - Traseira";2;0;0;0;0;0;0;0;0;0;7;0;0;0;0
"30/12/2020";"10:18:00";"418";"Acidente s";"19";"BR-290/RS";"Leste";"Colisão - Traseira";2;0;0;0;0;0;0;0;0;0;8;0;0;0;0
"30/12/2020";"11:19:00";"430";"Acidente s";"2";"BR-290/RS";"Leste";"Colisão - Traseira";2;0;0;0;0;0;0;0;0;0;3;0;0;0;0
"31/12/2020";"12:16:00";"7";"Acidente c";"245";"BR-386/RS";"Sul";"Colisão - Frontal";2;0;0;0;0;0;0;0;0;0;0;4;1;0;0
"31/12/2020";"12:22:00";"9";"Acidente c";"420";"BR-386/RS";"Sul";"Choque Barreira";1;0;0;0;0;0;0;0;0;0;0;0;1;0;0
"31/12/2020";"12:25:00";"10";"Acidente s";"392";"BR-386/RS";"Sul";"Choque Barreira";0;0;0;0;0;0;0;0;0;1;2;0;0;0;0
"31/12/2020";"07:08:00";"64";"Acidente c";"76";"BR-101/RS";"Norte";"Queda de ribanceira";1;0;0;0;0;0;0;0;0;0;1;1;0;0;0
"31/12/2020";"07:16:00";"69";"Acidente s";"89";"BR-290/RS";"Oeste";"Queda de moto";0;0;0;1;0;0;0;0;0;0;1;0;0;0;0
"31/12/2020";"07:55:00";"86";"Acidente s";"5";"BR-290/RS";"Leste";"Colisão - Traseira";2;0;0;0;0;0;0;0;0;0;8;0;0;0;0
"31/12/2020";"09:37:00";"122";"Acidente s";"19";"BR-290/RS";"Oeste";"Choque Defensa";1;0;0;0;0;0;0;0;0;0;1;0;0;0;0
"31/12/2020";"10:48:00";"141";"Acidente c";"92";"BR-290/RS";"Leste";"Choque Defensa";1;0;0;0;0;0;0;0;0;0;2;1;0;0;0
"31/12/2020";"02:21:00";"189";"Acidente s";"362";"BR-386/RS";"Norte";"Saída de pista";1;0;0;0;0;0;0;0;0;0;3;0;0;0;0
"31/12/2020";"03:43:00";"223";"Acidente c";"1";"BR-290/RS";"Leste";"Colisão - Traseira";1;0;0;1;0;0;0;0;0;0;1;1;0;0;0
"31/12/2020";"04:07:00";"237";"Acidente s";"84";"BR-290/RS";"Oeste";"Choque Defensa";1;0;0;0;0;0;0;0;0;0;1;0;0;0;0
"31/12/2020";"05:07:00";"262";"Acidente s";"11";"BR-290/RS";"Leste";"Colisão - Traseira";2;0;0;0;0;0;0;0;0;0;8;0;0;0;0
"31/12/2020";"05:32:00";"271";"Acidente s";"12";"BR-290/RS";"Leste";"Engavetamento";4;0;0;1;0;0;0;0;0;0;5;0;0;0;0
"31/12/2020";"06:15:00";"289";"Acidente s";"3";"BR-290/RS";"Leste";"Colisão - Traseira";0;0;0;0;0;0;0;0;0;0;6;0;0;0;0
"31/12/2020";"11:43:00";"350";"Acidente s";"19";"BR-290/RS";"Leste";"Colisão - Lateral";2;0;0;0;0;0;0;0;0;0;4;0;0;0;0
"01/01/2021";"10:40:00";"96";"Acidente c";"26";"BR-290/RS";"Leste";"Colisão - Traseira";1;0;0;0;0;0;0;0;0;0;3;0;2;0;0
"01/01/2021";"12:21:00";"114";"Acidente c";"330";"BR-386/RS";"Sul";"Colisão - Lateral";2;0;0;0;0;0;0;0;0;0;1;1;0;0;0
"01/01/2021";"12:59:00";"123";"Acidente C";"79";"BR-101/RS";"Sul";"Queda de moto";1;0;0;1;0;0;0;0;0;0;3;0;0;1;0
"01/01/2021";"02:31:00";"141";"Acidente c";"81";"BR-290/RS";"Leste";"Colisão - Traseira";0;0;0;1;0;0;0;0;0;0;2;0;0;0;0
"01/01/2021";"05:13:00";"188";"Acidente C";"35";"BR-101/RS";"Sul";"Colisão - Traseira";1;0;0;1;0;0;0;0;0;0;3;1;0;0;0
"01/01/2021";"05:21:00";"194";"Acidente c";"354";"BR-386/RS";"Sul";"Saída de pista";2;0;0;0;0;0;0;0;0;0;9;0;0;0;0
"02/01/2021";"06:25:00";"28";"Acidente C";"334";"BR-386/RS";"Sul";"Queda de ribanceira";0;0;0;1;0;0;0;0;0;0;0;0;1;0;0
"02/01/2021";"10:12:00";"78";"Acidente c";"262";"BR-386/RS";"Sul";"Colisão - Traseira";2;0;0;0;0;0;0;0;0;0;2;0;0;0;0
"02/01/2021";"01:27:00";"153";"Acidente c";"26";"BR-290/RS";"Oeste";"Queda de ribanceira";1;0;0;0;0;0;0;0;0;0;4;0;0;0;0
"02/01/2021";"06:51:00";"265";"Acidente C";"1";"BR-290/RS";"Oeste";"Colisão - Traseira";1;0;0;0;0;0;0;1;0;0;0;3;0;0;0
"02/01/2021";"08:22:00";"287";"Acidente s";"1";"BR-290/RS";"Oeste";"Colisão - Traseira";3;0;0;0;0;0;0;0;0;0;8;0;0;0;0
"02/01/2021";"11:17:00";"337";"Acidente s";"49";"BR-290/RS";"Oeste";"Colisão - Traseira";2;0;0;0;0;0;0;0;0;0;2;0;0;0;0
"03/01/2021";"12:10:00";"3";"Acidente s";"188";"BR-386/RS";"Norte";"Queda de ribanceira";2;0;0;0;0;0;0;0;0;0;2;0;0;0;0
"03/01/2021";"12:58:00";"10";"Acidente c";"296";"BR-386/RS";"Sul";"Engavetamento";1;0;0;0;0;0;0;0;0;0;4;0;0;0;0
"03/01/2021";"03:40:00";"24";"Acidente s";"255";"BR-386/RS";"Sul";"Capotamento";2;0;0;0;0;0;0;0;0;0;2;0;0;0;0
"03/01/2021";"09:22:00";"90";"Acidente C";"17";"BR-290/RS";"Leste";"Engavetamento";1;0;0;0;0;0;0;0;0;0;3;2;0;0;0
"03/01/2021";"09:39:00";"102";"Acidente C";"5";"BR-290/RS";"Oeste";"Colisão - Traseira";3;0;0;0;0;0;0;0;0;0;10;1;0;0;0
"03/01/2021";"10:18:00";"118";"Acidente s";"86";"BR-101/RS";"Sul";"Engavetamento";1;0;0;0;0;0;0;0;0;0;1;0;0;0;0
"03/01/2021";"12:38:00";"188";"Acidente s";"43";"BR-101/RS";"Norte";"Colisão - Traseira";5;0;0;0;0;0;0;0;0;0;5;0;0;0;0
"03/01/2021";"01:15:00";"206";"Acidente s";"64";"BR-290/RS";"Leste";"Colisão - Traseira";2;0;0;0;0;0;0;0;0;0;2;0;0;0;0
"03/01/2021";"01:19:00";"209";"Acidente s";"7";"BR-290/RS";"Oeste";"Colisão - Traseira";4;0;0;0;0;0;0;0;0;0;3;0;0;0;0
"03/01/2021";"03:52:00";"285";"Acidente s";"82";"BR-290/RS";"Oeste";"Queda de ribanceira";1;0;0;1;0;0;0;0;0;0;2;0;0;0;0
"03/01/2021";"05:41:00";"361";"Acidente s";"92";"BR-290/RS";"Oeste";"Queda de moto";1;0;0;0;0;0;0;0;0;0;2;0;0;0;0
"03/01/2021";"06:01:00";"375";"Acidente s";"258";"BR-386/RS";"Norte";"Colisão - Traseira";0;0;0;1;0;0;0;0;0;0;2;0;0;0;0
"03/01/2021";"06:29:00";"390";"Acidente c";"40";"BR-290/RS";"Oeste";"Colisão - Lateral";2;0;0;0;0;0;0;0;0;0;5;0;0;0;0
"03/01/2021";"06:53:00";"401";"Acidente C";"46";"BR-290/RS";"Oeste";"Queda de moto";1;0;0;1;0;0;0;0;0;0;1;1;0;0;0
"03/01/2021";"07:40:00";"424";"Acidente s";"16";"BR-290/RS";"Oeste";;0;0;0;1;0;0;0;0;0;0;2;0;0;0;0
"03/01/2021";"09:33:00";"462";"Acidente s";"17";"BR-290/RS";"Oeste";"Colisão - Traseira";1;0;0;0;0;0;0;0;0;0;1;0;0;0;0
"03/01/2021";"10:13:00";"478";"Acidente c";"30";"BR-290/RS";"Oeste";"Colisão - Traseira";2;0;0;0;0;0;0;0;0;0;5;0;0;0;0
"04/01/2021";"02:02:00";"20";"Acidente c";"81";"BR-290/RS";"Oeste";"Queda de moto";1;0;0;0;0;0;0;0;0;0;4;0;0;0;0
"04/01/2021";"06:41:00";"49";"Acidente C";"292";"BR-386/RS";"Norte";"Choque Barreira";1;0;0;0;0;0;0;0;0;0;2;1;0;0;0
"04/01/2021";"12:25:00";"188";"Acidente c";"94";"BR-290/RS";"Leste";"Colisão - Lateral";1;0;0;0;0;0;0;0;0;0;0;1;0;0;0
"04/01/2021";"01:28:00";"210";"Acidente C";"92";"BR-290/RS";"Leste";"Colisão - Lateral";0;0;0;1;0;0;0;0;0;0;0;0;1;0;0
"04/01/2021";"04:23:00";"277";"Acidente c";"43";"BR-290/RS";"Oeste";"Saída de pista";1;0;1;0;0;0;0;0;0;0;2;0;0;0;0
"04/01/2021";"05:33:00";"306";"Acidente c";"255";"BR-386/RS";"Sul";"Colisão - Frontal";1;0;0;0;0;0;0;0;0;0;0;0;0;1;1
"04/01/2021";"06:36:00";"324";"Acidente c";"32";"BR-101/RS";"Norte";"Colisão - Traseira";1;0;0;1;0;0;0;0;0;0;0;0;1;0;1
"04/01/2021";"08:17:00";"347";"Atropelame";"78";"BR-101/RS";"Norte";"Atropelamento - Andarilho";2;0;0;0;0;0;0;0;0;0;2;1;0;0;0
"04/01/2021";"11:03:00";"376";"Acidente c";"384";"BR-386/RS";"Sul";"Saída de pista";1;0;0;0;0;0;0;0;0;0;2;0;0;0;1
"05/01/2021";"06:10:00";"28";"Acidente c";"22";"BR-290/RS";"Leste";"Tombamento";1;0;0;0;0;0;0;0;0;0;1;0;0;0;0
"05/01/2021";"06:28:00";"30";"Acidente s";"232";"BR-386/RS";"Sul";"Colisão - Lateral";2;0;0;0;0;0;0;0;0;1;4;0;0;0;0
"05/01/2021";"08:29:00";"82";"Acidente c";"296";"BR-386/RS";"Sul";"Tombamento";1;0;0;1;0;0;0;0;0;0;1;1;0;0;0
"05/01/2021";"10:26:00";"123";"Acidente c";"71";"BR-290/RS";"Oeste";"Colisão - Traseira";0;0;0;0;0;0;0;0;0;1;0;0;1;0;0
"05/01/2021";"11:52:00";"145";"Acidente c";"11";"BR-290/RS";"Leste";"Saída de pista";0;0;0;0;0;0;0;2;0;0;2;0;0;0;0
"05/01/2021";"03:30:00";"199";"Acidente c";"80";"BR-290/RS";"Oeste";"Queda de moto";0;0;0;0;0;0;0;1;0;0;0;1;0;0;0
"05/01/2021";"03:37:00";"203";"Acidente C";"75";"BR-290/RS";"Leste";"Choque Defensa";1;0;0;1;0;0;0;0;0;0;2;0;1;0;0
"05/01/2021";"05:41:00";"238";"Acidente C";"75";"BR-290/RS";"Oeste";"Colisão - Lateral";1;0;0;0;0;0;0;0;0;0;0;2;0;0;0
"05/01/2021";"06:13:00";"248";"Acidente c";"370";"BR-386/RS";"Sul";"Colisão - Transversal";0;0;0;1;0;0;0;0;0;0;1;1;0;0;0
"06/01/2021";"12:54:00";"3";"Acidente s";"6";"BR-290/RS";"Oeste";"Saída de pista";2;0;0;0;0;0;0;0;0;0;7;0;0;0;0
"06/01/2021";"01:32:00";"7";"Acidente c";"67";"BR-290/RS";"Oeste";"Colisão - Traseira";1;0;0;0;0;0;0;1;0;0;3;0;0;0;0
"06/01/2021";"01:48:00";"10";"Acidente s";"10";"BR-448/RS";"Norte";"Choque - Poste";1;0;0;0;0;0;0;0;0;0;2;0;0;0;0
"06/01/2021";"06:46:00";"31";"Acidente C";"3";"BR-290/RS";"Oeste";"Colisão - Traseira";1;0;0;1;0;0;0;0;0;0;2;1;0;0;0
"06/01/2021";"08:58:00";"98";"Acidente c";"1";"BR-290/RS";"Oeste";"Queda de ribanceira";1;0;1;0;0;0;0;0;0;0;1;0;0;0;1
"06/01/2021";"12:22:00";"166";"Acidente C";"277";"BR-386/RS";"Norte";"Colisão - Traseira";2;0;0;0;0;0;0;0;0;0;9;1;0;0;0
"06/01/2021";"01:54:00";"190";"Acidente c";"296";"BR-386/RS";"Sul";"Colisão - Lateral";1;0;0;0;0;0;0;0;0;0;1;0;0;0;0
"06/01/2021";"02:55:00";"208";"Acidente s";"414";"BR-386/RS";"Norte";"Colisão - Traseira";2;0;0;0;0;0;0;0;0;0;1;0;0;0;0
"06/01/2021";"05:05:00";"248";"Acidente c";"294";"BR-386/RS";"Sul";"Choque com veículo na faixa de rolamento";1;0;0;0;0;0;0;0;0;0;1;0;0;0;0
"07/01/2021";"12:03:00";"2";"Acidente s";"47";"BR-290/RS";"Oeste";"Queda de ribanceira";1;0;1;0;0;0;0;0;0;0;2;0;0;0;0
"07/01/2021";"07:16:00";"41";"Acidente c";"80";"BR-290/RS";"Leste";"Queda de moto";1;0;0;0;0;0;0;0;0;0;0;1;0;0;0
"07/01/2021";"08:48:00";"89";"Acidente C";"87";"BR-290/RS";"Leste";"Colisão - Traseira";1;0;0;0;0;0;0;0;0;0;0;0;1;0;0
"07/01/2021";"08:53:00";"92";"Acidente s";"87";"BR-290/RS";"Leste";"Colisão - Traseira";1;0;0;0;0;0;0;0;0;0;1;0;0;0;0
"07/01/2021";"11:19:00";"158";"Acidente s";"35";"BR-290/RS";"Leste";"Engavetamento";1;0;0;0;0;0;0;0;0;0;2;0;0;0;0
"07/01/2021";"11:30:00";"160";"Acidente c";"319";"BR-386/RS";"Sul";"Capotamento";0;0;0;1;0;0;0;0;0;0;0;1;0;0;0
"07/01/2021";"05:15:00";"269";"Acidente c";"357";"BR-386/RS";"Norte";"Capotamento";1;0;1;0;0;0;0;0;0;0;3;0;0;0;0
"07/01/2021";"11:00:00";"347";"Acidente s";"30";"BR-290/RS";"Leste";"Queda de ribanceira";2;0;1;0;0;0;0;0;0;0;6;0;0;0;0
"08/01/2021";"03:40:00";"15";"Acidente s";"64";"BR-101/RS";"Sul";"Atropelamento de Animal";0;0;1;0;0;0;0;0;0;1;3;0;0;0;0
"08/01/2021";"05:42:00";"20";"Acidente c";"53";"BR-290/RS";"Oeste";"Queda de ribanceira";2;0;0;0;0;0;0;0;0;0;2;0;0;0;0
"08/01/2021";"07:27:00";"38";"Acidente s";"368";"BR-386/RS";"Norte";"Colisão - Lateral";2;0;0;0;0;0;0;0;0;0;7;0;0;0;0
"08/01/2021";"09:44:00";"103";"Acidente c";"80";"BR-290/RS";"Leste";"Queda de moto";0;0;0;0;0;0;0;0;0;1;2;0;0;0;0
"08/01/2021";"12:13:00";"142";"Acidente C";"94";"BR-290/RS";"Oeste";"Colisão - Traseira";1;0;0;0;0;0;0;0;0;0;0;1;0;0;0
"08/01/2021";"02:38:00";"185";"Acidente C";"88";"BR-290/RS";"Leste";"Colisão - Traseira";0;0;0;1;0;0;0;0;0;0;0;1;0;0;0
"08/01/2021";"03:16:00";"204";"Acidente s";"79";"BR-290/RS";"Leste";"Engavetamento";2;0;0;0;0;0;0;0;0;0;5;0;0;0;0
"08/01/2021";"04:14:00";"225";"Acidente c";"430";"BR-386/RS";"Sul";"Colisão - Frontal";3;0;0;0;0;0;0;0;0;0;3;0;0;0;0
"08/01/2021";"05:26:00";"247";"Acidente c";"26";"BR-290/RS";"Leste";"Colisão - Traseira";2;0;0;0;0;0;0;0;0;0;1;3;2;0;0
"08/01/2021";"05:44:00";"252";"Acidente C";"28";"BR-290/RS";"Leste";"Engavetamento";1;0;1;0;0;0;0;0;0;0;1;2;0;0;0
"08/01/2021";"06:29:00";"264";"Acidente s";"92";"BR-290/RS";"Oeste";"Colisão - Traseira";3;0;0;0;0;0;0;0;0;0;7;0;0;0;0
"08/01/2021";"09:43:00";"328";"Acidente s";"3";"BR-290/RS";"Leste";"Colisão - Traseira";2;0;0;0;0;0;0;0;0;0;2;0;0;0;0
"09/01/2021";"01:04:00";"10";"Acidente c";"414";"BR-386/RS";"Norte";"Capotamento";1;0;0;0;0;0;0;0;0;0;0;0;0;0;1
"09/01/2021";"07:34:00";"52";"Acidente c";"13";"BR-448/RS";"Sul";"Capotamento";0;0;0;1;0;0;0;0;0;0;1;0;0;0;0
"09/01/2021";"08:47:00";"78";"Acidente s";"96";"BR-290/RS";"Oeste";"Choque Defensa";1;0;0;0;0;0;0;0;0;0;3;0;0;0;0
"09/01/2021";"09:29:00";"96";"Acidente c";"79";"BR-101/RS";"Norte";"Colisão - Lateral";1;0;0;0;0;0;0;0;0;0;0;1;0;0;0
"09/01/2021";"04:26:00";"228";"Acidente C";"68";"BR-290/RS";"Oeste";"Colisão - Lateral";1;0;0;0;0;0;0;0;0;0;2;0;2;0;0
"09/01/2021";"04:55:00";"239";"Acidente s";"52";"BR-101/RS";"Sul";"Choque Barreira";1;0;0;0;0;0;0;0;0;0;1;0;0;0;0
"09/01/2021";"10:48:00";"315";"Acidente c";"211";"BR-386/RS";"Sul";"Saída de pista";1;0;0;0;0;0;0;1;0;0;2;2;1;0;0
"10/01/2021";"01:30:00";"13";"Acidente c";"68";"BR-290/RS";"Leste";"Saída de pista";2;0;0;0;0;0;0;0;0;0;0;1;0;0;0
"10/01/2021";"01:48:00";"15";"Acidente s";"79";"BR-101/RS";"Sul";"Saída de pista";1;0;0;0;0;0;0;0;0;0;2;0;0;0;0
"10/01/2021";"08:57:00";"74";"Acidente s";"74";"BR-290/RS";"Oeste";"Colisão - Traseira";2;0;0;0;0;0;0;0;0;0;7;0;0;0;0
"10/01/2021";"04:06:00";"166";"Acidente s";"91";"BR-290/RS";"Leste";"Queda de moto";0;0;0;1;0;0;0;1;0;0;2;0;0;0;0
"10/01/2021";"05:16:00";"187";"Acidente c";"348";"BR-386/RS";"Sul";"Colisão - Traseira";0;0;0;1;0;0;0;0;0;0;1;0;0;0;0
"10/01/2021";"05:29:00";"193";"Acidente C";"18";"BR-290/RS";"Oeste";"Colisão - Traseira";2;0;0;0;0;0;0;0;0;0;7;1;0;0;0
"10/01/2021";"08:52:00";"273";"Acidente s";"10";"BR-101/RS";"Sul";"Colisão - Lateral";1;0;0;1;0;0;0;0;0;0;4;0;0;0;0
"11/01/2021";"06:43:00";"23";"Acidente c";"377";"BR-386/RS";"Norte";"Tombamento";2;0;0;0;0;0;0;0;0;0;4;0;0;0;0
"11/01/2021";"08:25:00";"72";"Acidente c";"87";"BR-290/RS";"Oeste";"Colisão - Traseira";2;0;0;0;0;0;0;0;0;0;5;0;0;0;0
"11/01/2021";"08:45:00";"82";"Acidente s";"98";"BR-290/RS";"Oeste";"Queda de moto";0;0;0;0;0;0;0;0;0;1;2;0;0;0;0
"11/01/2021";"09:16:00";"101";"Acidente C";"60";"BR-290/RS";"Oeste";"Colisão - Lateral";1;0;0;0;0;0;0;0;0;0;0;1;0;0;0
"11/01/2021";"10:20:00";"129";"Acidente c";"86";"BR-290/RS";"Oeste";;2;0;0;0;0;0;0;0;0;0;1;1;0;0;0
"11/01/2021";"01:23:00";"194";"Acidente s";"52";"BR-101/RS";"Ambos";"Queda de ribanceira";0;0;0;1;0;0;0;0;0;0;1;0;0;0;0
"11/01/2021";"06:26:00";"299";"Acidente C";"387";"BR-386/RS";"Norte";"Colisão - Transversal";0;0;0;1;0;0;0;0;0;0;0;1;0;0;0
"11/01/2021";"11:42:00";"377";"Acidente s";"356";"BR-386/RS";"Norte";"Saída de pista";1;0;0;0;0;0;0;0;0;0;2;0;0;0;0
"12/01/2021";"03:46:00";"23";"Acidente s";"41";"BR-290/RS";"Leste";"Queda de ribanceira";1;0;0;0;0;0;0;0;0;0;2;0;0;0;0
"12/01/2021";"06:09:00";"29";"Acidente s";"30";"BR-101/RS";"Sul";"Queda de ribanceira";1;0;0;0;0;0;0;0;0;0;2;0;0;0;0