data;horario;n_da_ocorrencia;tipo_de_ocorrencia;km;trecho;sentido;tipo_de_acidente;automovel;bicicleta;caminhao;moto;onibus;outros;tracao_animal;transporte_de_cargas_especiais;trator_maquinas;utilitarios;ilesos;levemente_feridos;moderadamente_feridos;gravemente_feridos;mortos
"12/01/2021";"09:17:00";"105";"Acidente s";"41";"BR-290/RS";"Oeste";"Queda de ribanceira";1;0;0;0;0;0;0;0;0;0;1;0;0;0;0
"12/01/2021";"12:17:00";"167";"Acidente c";"415";"BR-386/RS";"Norte";"Colisão - Lateral";1;0;0;0;0;0;0;0;0;0;1;0;0;0;0
"12/01/2021";"05:33:00";"244";"Acidente C";"2";"BR-290/RS";"Oeste";"Capotamento";1;0;0;1;0;0;0;0;0;0;5;0;1;0;0
"13/01/2021";"03:23:00";"12";"Acidente c";"27";"BR-290/RS";"Leste";"Queda de ribanceira";0;0;1;0;0;0;0;0;0;0;0;1;1;0;0
"13/01/2021";"08:49:00";"69";"Acidente c";"15";"BR-101/RS";"Sul";"Queda de ribanceira";0;0;1;0;0;0;0;0;0;0;1;0;0;0;0
"13/01/2021";"05:54:00";"227";"Acidente C";"269";"BR-386/RS";"Sul";"Colisão - Traseira";1;0;0;0;0;0;0;0;0;0;0;1;0;0;0
"13/01/2021";"06:23:00";"232";"Acidente c";"182";"BR-386/RS";"Sul";"Queda de moto";1;0;1;0;0;0;0;0;0;0;2;0;0;0;0
"13/01/2021";"06:47:00";"239";"Acidente c";"92";"BR-290/RS";"Oeste";"Queda de moto";1;0;0;0;0;0;0;0;0;0;0;1;0;0;0
"13/01/2021";"07:48:00";"247";"Acidente c";"27";"BR-101/RS";"Sul";"Colisão - Lateral";0;0;0;1;0;0;0;0;0;0;1;1;0;0;0
"13/01/2021";"10:43:00";"264";"Acidente C";"41";"BR-290/RS";"Leste";"Queda de ribanceira";1;0;0;0;0;1;0;0;0;0;5;1;0;0;0
"14/01/2021";"07:15:00";"23";"Acidente s";"75";"BR-101/RS";"Ambos";"Saída de pista";0;0;0;0;0;1;0;1;0;0;2;0;0;0;0
"14/01/2021";"07:26:00";"27";"Acidente c";"86";"BR-290/RS";"Leste";"Queda de ribanceira";1;0;0;0;0;0;0;0;0;0;2;0;0;0;0
"14/01/2021";"08:11:00";"52";"Acidente c";"19";"BR-290/RS";"Leste";"Choque Defensa";2;0;0;0;0;0;0;0;0;0;5;0;0;0;0
"14/01/2021";"02:16:00";"147";"Acidente s";"92";"BR-290/RS";"Leste";"Colisão - Lateral";1;0;0;0;0;0;0;0;0;0;1;0;0;0;0
"14/01/2021";"04:03:00";"174";"Acidente C";"404";"BR-386/RS";"Sul";"Queda de ribanceira";1;0;0;0;0;0;0;0;0;0;0;1;0;0;0
"14/01/2021";"05:34:00";"195";"Acidente C";"336";"BR-386/RS";"Norte";"Colisão - Lateral";1;0;0;0;0;0;0;0;0;0;0;2;0;0;0
"14/01/2021";"05:49:00";"197";"Acidente s";"88";"BR-290/RS";"Leste";"Colisão - Traseira";2;0;0;0;0;0;0;0;0;0;4;0;0;0;0
"14/01/2021";"07:31:00";"217";"Acidente c";"353";"BR-386/RS";"Sul";"Colisão - Lateral";0;0;1;0;0;0;0;0;0;0;1;0;0;0;0
"14/01/2021";"09:06:00";"237";"Acidente s";"376";"BR-386/RS";"Sul";"Choque com objeto sobre a pista";2;0;0;0;0;0;0;0;0;0;2;0;0;0;0
"14/01/2021";"09:08:00";"238";"Acidente C";"245";"BR-386/RS";"Sul";"Colisão - Lateral";1;0;0;1;0;0;0;0;0;0;3;0;1;0;0
"15/01/2021";"06:00:00";"31";"Acidente C";"94";"BR-290/RS";"Oeste";"Colisão - Lateral";0;0;0;1;0;0;0;0;0;0;0;2;0;0;0
"15/01/2021";"07:37:00";"44";"Acidente c";"442";"BR-386/RS";"Norte";"Queda de ribanceira";0;0;0;1;0;0;0;0;0;0;0;0;0;0;1
"15/01/2021";"08:51:00";"96";"Acidente s";"91";"BR-290/RS";"Ambos";;2;0;0;0;0;0;0;0;0;0;7;0;0;0;0
"15/01/2021";"12:09:00";"166";"Acidente s";"308";"BR-386/RS";"Norte";"Queda de ribanceira";1;0;0;0;0;0;0;0;0;0;2;0;0;0;0
"15/01/2021";"03:23:00";"213";"Acidente c";"86";"BR-101/RS";"Sul";"Colisão - Lateral";1;0;0;0;0;0;0;0;0;0;1;0;0;0;0
"15/01/2021";"03:30:00";"216";"Acidente s";"354";"BR-386/RS";"Sul";"Colisão - Lateral";0;0;0;1;0;0;0;0;0;0;1;0;0;0;0
"15/01/2021";"03:51:00";"222";"Acidente c";"12";"BR-448/RS";"Norte";"Queda de moto";0;0;1;0;0;0;0;0;0;0;1;0;0;0;0
"15/01/2021";"04:24:00";"228";"Acidente c";"349";"BR-386/RS";"Norte";"Colisão - Traseira";1;0;0;1;0;0;0;0;0;0;1;1;0;0;0
"15/01/2021";"09:33:00";"309";"Acidente c";"92";"BR-290/RS";"Oeste";"Queda de moto";1;0;1;0;0;0;0;0;0;0;2;0;0;0;0
"15/01/2021";"09:39:00";"311";"Acidente C";"18";"BR-290/RS";"Leste";"Colisão - Transversal";2;0;0;0;0;0;0;0;0;0;1;0;0;1;0
"16/01/2021";"01:19:00";"12";"Acidente s";"81";"BR-290/RS";"Leste";"Queda de ribanceira";1;0;0;0;0;0;0;0;0;0;2;0;0;0;0
"16/01/2021";"02:08:00";"16";"Acidente s";"217";"BR-386/RS";"Sul";"Colisão - Lateral";1;0;0;0;0;0;0;0;0;1;4;0;0;0;0
"16/01/2021";"04:46:00";"26";"Acidente c";"331";"BR-386/RS";"Norte";"Queda de ribanceira";1;0;0;0;0;0;0;0;0;0;1;0;0;0;0
"16/01/2021";"05:48:00";"35";"Acidente s";"354";"BR-386/RS";"Sul";;1;0;0;0;0;0;0;0;0;0;3;0;0;0;0
"16/01/2021";"07:16:00";"48";"Acidente c";"423";"BR-386/RS";"Sul";"Colisão - Frontal";2;0;0;0;0;0;0;0;0;0;1;0;0;0;0
"16/01/2021";"07:23:00";"51";"Acidente c";"304";"BR-386/RS";"Sul";"Colisão - Lateral";1;0;0;0;0;0;0;0;0;0;1;0;0;0;0
"16/01/2021";"09:00:00";"90";"Acidente s";"60";"BR-290/RS";"Leste";"Colisão - Lateral";1;0;0;0;0;0;0;0;0;0;1;0;0;0;0
"16/01/2021";"02:13:00";"203";"Acidente s";"59";"BR-290/RS";"Leste";"Capotamento";1;0;0;0;0;0;0;0;0;0;1;0;0;0;0
"16/01/2021";"02:13:00";"201";"Acidente C";"396";"BR-386/RS";"Sul";"Colisão - Lateral";0;0;0;1;0;0;0;0;0;0;0;1;0;0;0
"16/01/2021";"02:19:00";"205";"Acidente C";"94";"BR-290/RS";"Oeste";"Choque Defensa";1;0;0;0;0;0;0;0;0;1;3;2;0;1;0
"16/01/2021";"02:32:00";"213";"Acidente c";"382";"BR-386/RS";"Sul";"Choque Talude";2;0;0;0;0;0;0;0;0;0;3;0;0;1;0
"16/01/2021";"02:35:00";"214";"Acidente s";"95";"BR-290/RS";"Oeste";"Teste Wanderson";1;0;0;0;0;0;0;0;0;1;2;0;0;0;0
"16/01/2021";"03:00:00";"220";"Acidente c";"306";"BR-386/RS";"Norte";"Colisão - Traseira";2;0;0;0;0;0;0;0;0;0;3;0;0;0;0
"16/01/2021";"03:17:00";"229";"Acidente s";"86";"BR-101/RS";"Norte";"Capotamento";1;0;0;0;0;0;0;0;0;0;2;0;0;0;0
"16/01/2021";"03:40:00";"239";"Acidente s";"352";"BR-386/RS";"Norte";"Engavetamento";1;0;0;0;0;0;0;0;0;0;1;0;0;0;0
"16/01/2021";"04:20:00";"249";"Acidente c";"395";"BR-386/RS";"Sul";"Choque Talude";1;0;0;0;0;0;0;0;0;0;1;1;0;1;0
"16/01/2021";"04:50:00";"261";"Acidente C";"50";"BR-290/RS";"Oeste";"Capotamento";1;0;0;0;0;0;0;0;0;0;0;3;0;0;0
"16/01/2021";"04:51:00";"262";"Acidente s";"306";"BR-386/RS";"Norte";"Colisão - Traseira";1;0;0;0;0;0;0;0;0;0;5;0;0;0;0
"16/01/2021";"05:04:00";"264";"Acidente s";"305";"BR-386/RS";"Sul";"Saída de pista";3;0;0;0;0;0;0;0;0;0;4;0;0;0;0
"16/01/2021";"05:14:00";"266";"Acidente C";"65";"BR-290/RS";"Oeste";"Queda de ribanceira";1;0;0;0;0;0;0;0;0;0;0;4;3;0;0
"16/01/2021";"06:13:00";"273";"Acidente s";"92";"BR-290/RS";"Oeste";"Colisão - Lateral";1;0;0;0;0;0;0;0;0;0;2;0;0;0;0
"16/01/2021";"06:27:00";"274";"Acidente s";"86";"BR-290/RS";"Leste";"Saída de pista";2;0;0;0;0;0;0;0;0;0;2;0;0;0;0
"16/01/2021";"11:35:00";"324";"Acidente s";"14";"BR-290/RS";"Leste";"Queda de ribanceira";1;0;0;0;0;0;0;0;0;0;1;0;0;0;0
"17/01/2021";"04:57:00";"15";"Acidente C";"96";"BR-290/RS";"Oeste";"Choque Defensa";1;0;0;0;0;0;0;0;0;0;1;0;1;0;0
"17/01/2021";"06:01:00";"18";"Acidente s";"13";"BR-290/RS";"Leste";"Queda de ribanceira";1;0;0;0;0;0;0;0;0;0;2;0;0;0;0
"17/01/2021";"11:43:00";"83";"Acidente c";"299";"BR-386/RS";"Norte";"Colisão - Frontal";1;0;0;0;0;0;0;0;0;0;1;0;0;0;0
"17/01/2021";"01:28:00";"102";"Acidente c";"60";"BR-290/RS";"Oeste";"Colisão - Traseira";1;0;0;0;0;0;0;0;0;0;1;0;0;0;0
"17/01/2021";"01:29:00";"103";"Acidente s";"54";"BR-290/RS";"Oeste";"Colisão - Lateral";1;0;0;0;0;0;0;0;0;0;1;0;0;0;0
"17/01/2021";"02:00:00";"109";"Acidente c";"21";"BR-290/RS";"Leste";"Saída de pista";1;0;0;0;0;0;0;1;0;0;0;0;1;1;0
"17/01/2021";"02:18:00";"113";"Acidente C";"16";"BR-290/RS";"Leste";"Queda de ribanceira";2;0;0;0;0;0;0;0;0;0;2;2;0;0;0
"17/01/2021";"03:49:00";"132";"Acidente s";"338";"BR-386/RS";"Sul";"Queda de ribanceira";2;0;0;0;0;0;0;0;0;0;2;0;0;0;0
"17/01/2021";"05:36:00";"159";"Acidente s";"92";"BR-290/RS";"Leste";"Colisão - Lateral";1;0;0;0;0;0;0;0;0;0;1;0;0;0;0
"17/01/2021";"06:32:00";"185";"Acidente s";"415";"BR-386/RS";"Sul";"Colisão - Traseira";2;0;0;0;0;0;0;0;0;0;3;0;0;0;0
"17/01/2021";"06:54:00";"193";"Acidente s";"34";"BR-290/RS";"Oeste";"Colisão - Traseira";2;0;0;0;0;0;0;0;0;0;2;0;0;0;0
"17/01/2021";"07:08:00";"195";"Acidente s";"423";"BR-386/RS";"Sul";"Saída de pista";2;0;0;0;0;0;0;0;0;0;8;0;0;0;0
"17/01/2021";"07:13:00";"199";"Acidente s";"420";"BR-386/RS";"Ambos";"Saída de pista";1;0;0;0;0;0;0;0;0;0;1;0;0;0;0
"17/01/2021";"07:13:00";"198";"Acidente s";"93";"BR-290/RS";"Leste";"Choque Barreira";1;0;0;0;0;0;0;0;0;0;4;0;0;0;0
"17/01/2021";"07:39:00";"207";"Acidente s";"93";"BR-290/RS";"Leste";"Colisão - Transversal";3;0;0;0;0;0;0;0;0;0;3;0;0;0;0
"17/01/2021";"10:19:00";"234";"Acidente s";"38";"BR-290/RS";"Leste";"Queda de ribanceira";2;0;0;0;0;0;0;0;0;0;4;0;0;0;0
"17/01/2021";"11:39:00";"247";"Acidente s";"445";"BR-386/RS";"Norte";"Atropelamento de Animal";1;0;0;0;0;0;0;0;0;0;4;0;0;0;0
"18/01/2021";"07:50:00";"59";"Acidente s";"353";"BR-386/RS";"Sul";"Choque Defensa";0;0;1;0;0;0;0;0;0;0;1;0;0;0;0
"18/01/2021";"08:20:00";"77";"Acidente s";"35";"BR-290/RS";"Leste";"Queda de ribanceira";1;0;0;0;0;0;0;0;0;0;1;0;0;0;0
"18/01/2021";"09:50:00";"116";"Acidente s";"21";"BR-101/RS";"Sul";"Colisão - Lateral";1;0;0;0;0;0;0;0;0;0;2;0;0;0;0
"18/01/2021";"04:53:00";"217";"Acidente s";"60";"BR-290/RS";"Leste";"Colisão - Lateral";1;0;0;0;0;0;0;0;0;0;1;0;0;0;0
"18/01/2021";"05:43:00";"229";"Acidente s";"1";"BR-290/RS";"Leste";"Tombamento";1;0;0;0;0;0;0;0;0;1;2;0;0;0;0
"18/01/2021";"09:58:00";"270";"Acidente s";"86";"BR-290/RS";"Leste";"Saída de pista";1;0;0;0;0;0;0;1;0;0;2;0;0;0;0
"19/01/2021";"12:29:00";"7";"Acidente s";"61";"BR-290/RS";"Oeste";"Atropelamento de Animal";0;0;0;0;0;1;0;1;0;0;2;0;0;0;0
"19/01/2021";"08:05:00";"64";"Acidente C";"95";"BR-290/RS";"Oeste";"Colisão - Traseira";1;0;0;1;0;0;0;0;0;0;1;1;0;0;0
"19/01/2021";"10:14:00";"112";"Acidente s";"324";"BR-386/RS";"Sul";"Queda de ribanceira";1;0;0;0;0;0;0;0;0;0;2;0;0;0;0
"19/01/2021";"11:29:00";"136";"Acidente s";"87";"BR-290/RS";"Oeste";"Colisão - Traseira";2;0;0;0;0;0;0;0;0;0;3;0;0;0;0
"19/01/2021";"01:52:00";"159";"Acidente s";"309";"BR-386/RS";"Norte";"Colisão - Traseira";1;0;0;0;0;0;0;0;0;0;4;0;0;0;0
"19/01/2021";"03:31:00";"192";"Acidente s";"362";"BR-386/RS";"Sul";"Colisão - Lateral";1;0;0;0;0;0;0;0;0;0;1;0;0;0;0
"19/01/2021";"05:20:00";"213";"Atropelame";"42";"BR-101/RS";"Sul";"Atropelamento - Andarilho";2;0;0;0;0;0;0;0;0;0;4;0;0;0;0
"19/01/2021";"05:26:00";"216";"Acidente c";"352";"BR-386/RS";"Norte";"Colisão - Lateral";1;0;0;0;0;0;0;0;0;1;4;0;0;0;0
"19/01/2021";"09:22:00";"254";"Acidente C";"23";"BR-290/RS";"Oeste";"Colisão - Traseira";0;0;1;0;0;0;0;0;0;0;0;0;1;0;0
"20/01/2021";"11:30:00";"182";"Acidente s";"67";"BR-101/RS";"Norte";"Colisão - Lateral";1;0;0;0;0;0;0;1;0;0;3;0;0;0;0
"20/01/2021";"03:54:00";"242";"Acidente s";"83";"BR-290/RS";"Oeste";"Queda de moto";0;0;0;1;0;0;0;0;0;0;1;0;0;0;0
"21/01/2021";"04:42:00";"12";"Acidente c";"41";"BR-290/RS";"Oeste";"Queda de ribanceira";1;0;0;0;0;0;0;0;0;0;0;1;0;0;0
"21/01/2021";"07:44:00";"48";"Acidente c";"357.04";"BR-386/RS";"Sul";"Queda de ribanceira";2;0;0;0;0;0;0;0;0;0;2;0;0;0;0
"21/01/2021";"11:37:00";"144";"Acidente C";"31";"BR-290/RS";"Leste";"Queda de ribanceira";1;0;0;0;0;0;0;0;0;0;1;1;0;0;0
"21/01/2021";"01:25:00";"174";"Acidente s";"92";"BR-290/RS";"Leste";"Colisão - Transversal";1;0;0;0;0;0;0;0;0;0;1;0;0;0;0
"22/01/2021";"02:34:00";"12";"Acidente s";"64";"BR-290/RS";"Oeste";"Outros";1;0;0;0;0;0;0;0;0;0;1;0;0;0;0
"22/01/2021";"07:31:00";"43";"Acidente s";"351";"BR-386/RS";"Norte";"Queda de ribanceira";1;0;0;0;0;0;0;0;0;0;2;0;0;0;0
"22/01/2021";"12:57:00";"174";"Acidente c";"439";"BR-386/RS";"Norte";"Tombamento";1;0;0;0;0;0;0;0;0;0;1;0;0;0;0
"22/01/2021";"03:36:00";"212";"Acidente C";"350";"BR-386/RS";"Norte";"Colisão - Lateral";1;0;0;0;0;0;0;0;0;1;3;1;0;0;0
"22/01/2021";"05:37:00";"239";"Acidente s";"1";"BR-101/RS";"Norte";"Colisão - Traseira";2;0;0;0;0;0;0;0;0;0;3;0;0;0;0
"22/01/2021";"06:45:00";"262";"Acidente s";"69";"BR-290/RS";"Leste";"Choque com objeto sobre a pista";2;0;0;0;0;0;0;0;0;0;11;0;0;0;0
"23/01/2021";"03:28:00";"32";"Acidente s";"273";"BR-386/RS";"Sul";"Saída de pista";0;0;0;1;0;0;0;0;0;0;1;0;0;0;0
"23/01/2021";"06:38:00";"48";"Acidente C";"60";"BR-290/RS";"Leste";"Colisão - Lateral";2;0;0;0;0;0;0;0;0;0;2;0;1;0;0
"23/01/2021";"09:05:00";"97";"Acidente C";"279";"BR-386/RS";"Norte";"Queda de ribanceira";1;0;0;0;0;0;0;0;0;0;2;1;1;0;0
"23/01/2021";"09:46:00";"112";"Acidente s";"75";"BR-290/RS";"Leste";"Choque Defensa";0;0;1;0;0;0;0;0;0;0;1;0;0;0;0
"23/01/2021";"11:23:00";"141";"Atropelame";"437";"BR-386/RS";"Sul";;2;0;0;0;0;0;0;0;0;0;2;0;0;0;0
"23/01/2021";"11:38:00";"144";"Acidente s";"29";"BR-101/RS";"Norte";"Queda de ribanceira";1;0;0;0;0;0;0;0;0;0;1;0;0;0;0
"23/01/2021";"05:26:00";"236";"Acidente c";"86";"BR-101/RS";"Norte";"Colisão - Transversal";2;0;0;0;0;0;0;0;0;0;2;0;0;0;0
"23/01/2021";"11:59:00";"298";"Acidente c";"271";"BR-386/RS";"Sul";"Capotamento";1;0;0;0;0;0;0;0;0;0;0;1;0;0;0
"24/01/2021";"02:51:00";"14";"Acidente s";"189";"BR-386/RS";"Norte";"Capotamento";1;0;0;0;0;0;0;0;0;0;3;0;0;0;0
"24/01/2021";"11:12:00";"81";"Acidente C";"44";"BR-290/RS";"Leste";"Queda de ribanceira";1;0;0;0;0;0;0;0;0;0;0;0;1;0;0
"24/01/2021";"02:16:00";"118";"Acidente s";"60";"BR-290/RS";"Oeste";"Colisão - Traseira";1;0;0;0;0;0;0;0;0;0;1;0;0;0;0
"24/01/2021";"04:07:00";"145";"Acidente s";"61";"BR-290/RS";"Oeste";"Queda de ribanceira";1;0;0;0;0;0;0;0;0;0;2;0;0;0;0
"24/01/2021";"05:01:00";"161";"Acidente s";"57";"BR-290/RS";"Oeste";"Colisão - Traseira";1;0;0;0;0;0;0;0;0;0;2;0;0;0;0
"24/01/2021";"05:21:00";"166";"Acidente s";"362";"BR-386/RS";"Sul";"Colisão - Lateral";2;0;0;0;0;0;0;0;0;0;2;0;0;0;0
"24/01/2021";"06:02:00";"177";"Acidente s";"413";"BR-386/RS";"Norte";"Choque - Meio Fio";2;0;0;0;0;0;0;0;0;0;3;0;0;0;0
"24/01/2021";"06:42:00";"186";"Acidente c";"440";"BR-386/RS";"Norte";"Queda de moto";1;0;0;0;0;0;0;0;0;0;2;0;0;0;0
"24/01/2021";"08:44:00";"221";"Acidente c";"246";"BR-386/RS";"Norte";"Queda de ribanceira";0;0;0;1;0;0;0;0;0;0;1;1;0;0;0
"25/01/2021";"05:31:00";"28";"Acidente c";"17";"BR-290/RS";"Leste";"Capotamento";1;0;0;0;0;0;0;1;0;0;2;0;1;0;0
"25/01/2021";"09:09:00";"96";"Acidente c";"36";"BR-101/RS";"Sul";"Queda de ribanceira";1;0;0;1;0;0;0;0;0;0;1;0;0;1;0
"25/01/2021";"12:50:00";"193";"Acidente c";"362";"BR-386/RS";"Sul";"Colisão - Lateral";2;0;0;0;0;0;0;0;0;0;0;2;0;0;0
"25/01/2021";"02:33:00";"228";"Acidente c";"80";"BR-290/RS";"Leste";"Colisão - Traseira";1;0;0;0;0;0;0;0;0;0;3;0;1;0;0
"26/01/2021";"06:57:00";"31";"Acidente C";"21";"BR-448/RS";"Sul";"Colisão - Lateral";1;0;0;0;0;0;0;0;0;0;3;1;0;0;0
"26/01/2021";"09:26:00";"110";"Acidente c";"89";"BR-290/RS";"Leste";;1;0;0;0;0;0;0;0;0;1;7;0;0;0;0
"26/01/2021";"10:42:00";"154";"Acidente c";"7";"BR-101/RS";"Sul";"Colisão - Lateral";1;0;0;0;0;0;0;0;0;0;0;1;0;0;0
"26/01/2021";"01:02:00";"194";"Acidente C";"307";"BR-386/RS";"Norte";"Queda de ribanceira";2;0;0;0;0;0;0;0;0;0;2;0;1;0;0
"26/01/2021";"02:02:00";"214";"Acidente s";"413";"BR-386/RS";"Norte";"Queda de ribanceira";1;0;0;0;0;0;0;0;0;0;1;0;0;0;0
"26/01/2021";"03:07:00";"239";"Acidente c";"444";"BR-386/RS";"Sul";"Queda de ribanceira";1;0;0;0;0;0;0;0;0;0;1;0;0;0;0
"26/01/2021";"09:47:00";"319";"Atropelame";"86";"BR-290/RS";"Oeste";;0;0;0;0;0;0;0;0;0;0;0;1;0;0;0
"26/01/2021";"10:24:00";"322";"Acidente c";"396";"BR-386/RS";"Norte";"Saída de pista";1;0;0;0;0;0;0;0;0;0;0;0;1;0;0
"27/01/2021";"12:32:00";"4";"Acidente s";"72";"BR-290/RS";"Oeste";"Queda de moto";0;0;1;0;0;0;0;0;0;0;1;0;0;0;0
"27/01/2021";"02:51:00";"11";"Acidente s";"16";"BR-448/RS";"Sul";"Atropelamento de Animal";1;0;0;0;0;0;0;0;0;0;1;0;0;0;0
"27/01/2021";"05:38:00";"19";"Acidente c";"22";"BR-101/RS";"Sul";"Colisão - Traseira";0;0;0;0;0;0;0;2;0;0;1;0;1;0;0
"27/01/2021";"07:21:00";"30";"Acidente c";"241";"BR-386/RS";"Norte";"Colisão - Lateral";1;0;0;0;0;0;0;0;0;0;2;0;0;0;0
"27/01/2021";"09:42:00";"83";"Acidente c";"417";"BR-386/RS";"Sul";"Tombamento";1;0;0;0;0;0;0;0;0;0;3;0;0;0;0
"27/01/2021";"05:51:00";"187";"Acidente s";"37";"BR-290/RS";"Leste";"Queda de ribanceira";1;0;0;0;0;0;0;0;0;0;1;0;0;0;0
"27/01/2021";"06:11:00";"191";"Acidente C";"35";"BR-101/RS";"Sul";"Colisão - Lateral";1;0;0;0;0;0;0;1;0;0;1;0;1;0;0
"27/01/2021";"06:22:00";"192";"Acidente C";"10";"BR-290/RS";"Leste";"Capotamento";0;0;1;0;0;0;0;0;0;0;0;1;0;0;0
"27/01/2021";"07:54:00";"212";"Acidente s";"304";"BR-386/RS";"Norte";"Tombamento";1;0;0;0;0;0;0;0;0;0;1;0;0;0;0
"27/01/2021";"08:05:00";"214";"Acidente s";"368";"BR-386/RS";"Sul";"Saída de pista";2;0;0;0;0;0;0;0;0;0;4;0;0;0;0
"28/01/2021";"01:54:00";"18";"Acidente C";"307";"BR-386/RS";"Norte";"Saída de pista";1;0;0;0;0;0;0;0;0;0;0;1;0;0;0
"28/01/2021";"09:40:00";"103";"Acidente s";"401";"BR-386/RS";"Sul";"Queda de moto";0;0;1;0;0;0;0;0;0;0;2;0;0;0;0
"28/01/2021";"11:24:00";"122";"Acidente c";"335";"BR-386/RS";"Sul";"Saída de pista";0;0;0;1;0;0;0;0;0;0;1;0;0;0;0
"28/01/2021";"05:59:00";"202";"Acidente s";"60";"BR-290/RS";"Oeste";"Engavetamento";3;0;0;0;0;0;0;0;0;0;1;0;0;0;0
"28/01/2021";"09:45:00";"254";"Acidente s";"351";"BR-386/RS";"Norte";"Choque Defensa";1;0;0;0;0;0;0;0;0;0;1;0;0;0;0
"28/01/2021";"10:51:00";"264";"Acidente c";"45";"BR-290/RS";"Leste";"Saída de pista";1;0;0;0;0;0;0;0;0;0;1;0;1;0;0
"29/01/2021";"03:13:00";"17";"Acidente s";"318";"BR-386/RS";"Sul";"Saída de pista";1;0;1;0;0;0;0;0;0;0;5;0;0;0;0
"29/01/2021";"08:33:00";"78";"Acidente c";"13";"BR-448/RS";"Sul";"Queda de moto";0;0;1;0;0;0;0;0;0;0;1;0;0;0;0
"29/01/2021";"08:50:00";"92";"Acidente c";"94";"BR-290/RS";"Leste";"Capotamento";1;0;0;1;0;0;0;0;0;0;2;0;0;0;0
"29/01/2021";"09:34:00";"109";"Acidente c";"44";"BR-101/RS";"Norte";"Choque com veículo na faixa de rolamento";0;0;1;0;0;0;0;0;0;0;1;0;0;0;0
"29/01/2021";"10:00:00";"119";"Acidente C";"335.17";"BR-386/RS";"Sul";"Queda de ribanceira";1;0;0;0;0;0;0;0;0;0;1;1;0;0;0
"29/01/2021";"11:44:00";"149";"Acidente C";"47";"BR-101/RS";"Norte";"Colisão - Traseira";1;0;0;0;0;0;0;0;0;0;0;0;1;0;0
"29/01/2021";"12:12:00";"155";"Acidente C";"346";"BR-386/RS";"Sul";"Colisão - Traseira";0;0;0;1;0;0;0;1;0;0;1;0;1;0;0
"29/01/2021";"12:19:00";"157";"Acidente s";"437";"BR-386/RS";"Norte";"Colisão - Lateral";0;0;0;0;0;0;0;0;0;1;1;0;0;0;0
"29/01/2021";"01:52:00";"186";"Acidente c";"72";"BR-290/RS";"Leste";"Colisão - Traseira";2;0;0;0;0;0;0;0;0;0;1;0;0;0;0
"29/01/2021";"02:24:00";"197";"Acidente c";"73";"BR-290/RS";"Leste";"Colisão - Traseira";1;0;0;0;0;0;0;0;0;1;3;0;0;0;0
"29/01/2021";"03:52:00";"219";"Acidente C";"361";"BR-386/RS";"Norte";"Choque Barreira";0;0;0;1;0;0;0;0;0;1;3;2;0;0;0
"29/01/2021";"05:31:00";"248";"Acidente c";"307";"BR-386/RS";"Sul";"Colisão - Lateral";1;0;0;1;0;0;0;0;0;0;1;1;0;0;0
"29/01/2021";"05:36:00";"250";"Acidente c";"87";"BR-101/RS";"Norte";"Colisão - Lateral";1;0;0;0;0;0;0;0;0;0;3;0;0;0;0
"29/01/2021";"05:43:00";"251";"Acidente c";"92";"BR-290/RS";"Leste";"Colisão - Traseira";2;0;0;0;0;0;0;0;0;0;0;1;1;0;1
"29/01/2021";"05:53:00";"255";"Acidente c";"40";"BR-290/RS";"Oeste";"Queda de ribanceira";2;0;0;0;0;0;0;0;0;0;1;1;0;0;0
"29/01/2021";"06:33:00";"266";"Acidente s";"345";"BR-386/RS";"Sul";"Tombamento";2;0;0;0;0;0;0;0;0;0;2;0;0;0;0
"29/01/2021";"07:13:00";"278";"Acidente C";"96";"BR-290/RS";"Oeste";"Colisão - Traseira";1;0;0;0;0;0;0;0;0;0;0;1;0;0;0
"30/01/2021";"12:54:00";"8";"Acidente s";"91";"BR-290/RS";"Leste";"Choque Barreira";1;0;0;0;0;0;0;0;0;0;1;0;0;0;0
"30/01/2021";"05:38:00";"25";"Acidente s";"346";"BR-386/RS";"Sul";"Queda de ribanceira";2;0;0;0;0;0;0;0;0;0;2;0;0;0;0
"30/01/2021";"05:54:00";"27";"Acidente s";"357";"BR-386/RS";"Norte";"Queda de ribanceira";2;0;0;0;0;0;0;0;0;0;5;0;0;0;0
"30/01/2021";"08:47:00";"83";"Acidente c";"88";"BR-290/RS";"Oeste";"Capotamento";1;0;0;0;0;0;0;0;0;0;1;0;0;0;0
"30/01/2021";"09:38:00";"104";"Acidente s";"92";"BR-290/RS";"Leste";"Colisão - Lateral";2;0;0;0;0;0;0;0;0;0;1;0;0;0;0
"30/01/2021";"02:02:00";"182";"Acidente s";"31";"BR-101/RS";"Sul";"Colisão - Lateral";1;0;0;0;0;0;0;0;0;0;1;0;0;0;0
"30/01/2021";"02:37:00";"193";"Acidente s";"413";"BR-386/RS";"Norte";"Queda de ribanceira";1;0;0;0;0;0;0;0;0;0;1;0;0;0;0
"30/01/2021";"03:26:00";"204";"Acidente c";"379";"BR-386/RS";"Norte";"Colisão - Lateral";1;0;0;0;0;0;0;0;0;0;0;0;0;0;1
"30/01/2021";"05:18:00";"230";"Acidente s";"215";"BR-386/RS";"Sul";"Colisão - Transversal";2;0;0;0;0;0;0;0;0;0;2;0;0;0;0
"30/01/2021";"06:59:00";"250";"Acidente s";"71";"BR-290/RS";"Oeste";"Capotamento";1;0;0;0;0;0;0;0;0;0;1;0;0;0;0