data;horario;n_da_ocorrencia;tipo_de_ocorrencia;km;trecho;sentido;tipo_de_acidente;automovel;bicicleta;caminhao;moto;onibus;outros;tracao_animal;transporte_de_cargas_especiais;trator_maquinas;utilitarios;ilesos;levemente_feridos;moderadamente_feridos;gravemente_feridos;mortos
"19/02/2021";"09:45:00";"114";"Acidente c";"353";"BR-386/RS";"Sul";"Colisão - Traseira";1;0;0;1;0;0;0;0;0;0;1;1;0;0;0
"19/02/2021";"10:08:00";"126";"Acidente s";"39";"BR-290/RS";"Leste";"Saída de pista";1;0;0;0;0;0;0;0;0;0;1;0;0;0;0
"19/02/2021";"11:00:00";"143";"Acidente c";"248";"BR-386/RS";"Norte";"Engavetamento";5;0;0;0;0;0;0;0;0;0;13;1;0;0;0
"19/02/2021";"01:50:00";"179";"Acidente s";"4";"BR-290/RS";"Oeste";"Choque - Sinalização";1;0;0;0;0;0;0;0;0;0;1;0;0;0;0
"19/02/2021";"03:33:00";"207";"Acidente s";"413";"BR-386/RS";"Norte";"Choque - Poste";1;0;0;0;0;0;0;0;0;0;1;0;0;0;0
"19/02/2021";"03:41:00";"209";"Acidente s";"94";"BR-290/RS";"Leste";"Engavetamento";3;0;0;0;0;0;0;0;0;0;3;0;0;0;0
"19/02/2021";"04:14:00";"216";"Acidente c";"76";"BR-290/RS";"Oeste";"Capotamento";1;0;0;0;0;0;0;0;0;0;0;2;1;0;0
"19/02/2021";"05:44:00";"233";"Acidente s";"88";"BR-290/RS";"Leste";"Colisão - Traseira";2;0;0;0;0;0;0;0;0;0;2;0;0;0;0
"19/02/2021";"07:10:00";"260";"Acidente c";"271";"BR-386/RS";"Sul";"Colisão - Traseira";2;0;0;0;0;0;0;0;0;0;2;1;0;1;0
"19/02/2021";"07:12:00";"263";"Acidente c";"253";"BR-386/RS";"Norte";"Engavetamento";4;0;0;0;0;0;0;0;0;0;5;1;0;0;0
"19/02/2021";"07:36:00";"266";"Acidente s";"92";"BR-290/RS";"Leste";"Colisão - Lateral";1;0;0;0;0;0;0;1;0;0;2;0;0;0;0
"19/02/2021";"08:46:00";"278";"Acidente s";"19";"BR-290/RS";"Leste";"Colisão - Lateral";1;0;1;0;0;0;0;0;0;0;5;0;0;0;0
"20/02/2021";"11:09:00";"113";"Acidente c";"11";"BR-101/RS";"Sul";"Colisão - Traseira";1;0;1;0;0;0;0;0;0;0;1;0;2;0;0
"20/02/2021";"03:21:00";"166";"Acidente s";"359";"BR-386/RS";"Norte";"Capotamento";1;0;0;0;0;0;0;0;0;0;1;0;0;0;0
"20/02/2021";"03:22:00";"170";"Acidente c";"273";"BR-386/RS";"Sul";"Queda de moto";0;0;0;1;0;0;0;0;0;0;0;0;1;0;0
"21/02/2021";"12:22:00";"1";"Acidente s";"1";"BR-448/RS";"Sul";"Choque Defensa";0;0;0;0;0;0;0;0;0;1;1;0;0;0;0
"21/02/2021";"05:35:00";"184";"Acidente c";"349";"BR-386/RS";"Norte";"Colisão - Traseira";1;0;0;1;0;0;0;0;0;0;2;1;0;0;0
"21/02/2021";"05:35:00";"185";"Acidente s";"400";"BR-386/RS";"Norte";"Saída de pista";1;0;0;0;0;0;0;0;0;0;3;0;0;0;0
"21/02/2021";"09:49:00";"238";"Acidente s";"40";"BR-290/RS";"Oeste";"Engavetamento";2;0;0;0;0;0;0;1;0;0;8;0;0;0;0
"22/02/2021";"09:34:00";"114";"Acidente s";"28";"BR-290/RS";"Oeste";"Capotamento";1;0;0;0;0;0;0;0;0;0;1;0;0;0;0
"22/02/2021";"09:48:00";"122";"Acidente s";"426";"BR-386/RS";"Sul";;2;0;0;0;0;0;0;0;0;0;2;0;0;0;0
"22/02/2021";"11:28:00";"150";"Atropelame";"68";"BR-101/RS";"Norte";"Atropelamento - Funcionário";1;0;0;0;0;0;0;0;0;0;0;1;0;0;0
"22/02/2021";"05:47:00";"277";"Acidente c";"398";"BR-386/RS";"Sul";;0;0;1;0;0;0;0;0;0;0;1;5;0;0;0
"23/02/2021";"06:36:00";"19";"Acidente s";"8";"BR-290/RS";"Leste";"Queda de ribanceira";1;0;0;0;0;0;0;0;0;0;1;0;0;0;0
"23/02/2021";"07:21:00";"36";"Acidente c";"342";"BR-386/RS";"Norte";"Colisão - Lateral";1;0;0;1;0;0;0;0;0;0;1;1;0;0;0
"23/02/2021";"07:45:00";"44";"Acidente s";"377";"BR-386/RS";"Sul";"Capotamento";1;0;0;0;0;0;0;0;0;0;2;0;0;0;0
"23/02/2021";"12:17:00";"138";"Acidente c";"261";"BR-386/RS";"Sul";"Colisão - Frontal";0;0;1;0;0;0;0;1;0;0;0;1;1;0;0
"23/02/2021";"07:25:00";"227";"Acidente s";"302";"BR-386/RS";"Sul";"Saída de pista";1;0;0;0;0;0;0;0;0;0;1;0;0;0;0
"23/02/2021";"08:25:00";"236";"Acidente c";"81";"BR-101/RS";"Sul";"Atropelamento de Animal";1;0;0;0;0;0;0;0;0;0;3;1;0;0;0
"23/02/2021";"10:00:00";"250";"Acidente s";"80";"BR-290/RS";"Leste";"Queda de ribanceira";1;0;0;0;0;0;0;0;0;0;1;0;0;0;0
"24/02/2021";"07:32:00";"213";"Acidente c";"15";"BR-448/RS";"Norte";"Tombamento";0;0;0;0;0;0;0;1;0;0;0;1;0;0;0
"24/02/2021";"08:41:00";"232";"Acidente c";"95";"BR-290/RS";"Leste";"Queda de moto";0;0;0;1;0;0;0;0;0;0;0;2;0;0;0
"24/02/2021";"10:00:00";"245";"Acidente c";"407";"BR-386/RS";"Sul";"Colisão - Lateral";0;0;0;2;0;0;0;0;0;0;0;2;0;0;0
"25/02/2021";"04:44:00";"12";"Acidente s";"27";"BR-101/RS";"Sul";"Saída de pista";0;0;0;0;0;0;0;0;0;1;1;0;0;0;0
"25/02/2021";"05:13:00";"192";"Acidente s";"91";"BR-290/RS";"Leste";"Colisão - Lateral";1;0;0;0;0;0;0;1;0;0;2;0;0;0;0
"25/02/2021";"05:46:00";"199";"Acidente s";"17";"BR-448/RS";"Norte";"Colisão - Lateral";1;0;0;0;0;0;0;0;0;1;2;0;0;0;0
"26/02/2021";"03:38:00";"12";"Acidente s";"274";"BR-386/RS";"Norte";"Colisão - Lateral";1;0;0;0;0;1;0;0;0;0;2;0;0;0;0
"26/02/2021";"04:55:00";"18";"Atropelame";"346";"BR-386/RS";"Norte";;0;0;0;0;0;1;0;0;0;0;0;0;0;0;1
"26/02/2021";"06:13:00";"21";"Acidente s";"41";"BR-290/RS";"Oeste";"Capotamento";1;0;0;0;0;0;0;0;0;0;4;0;0;0;0
"26/02/2021";"06:23:00";"251";"Atropelame";"440";"BR-386/RS";"Norte";"Atropelamento - Usuário";1;0;0;0;0;0;0;0;0;0;1;0;1;0;0
"27/02/2021";"06:53:00";"200";"Acidente c";"380";"BR-386/RS";"Ambos";"Colisão - Transversal";1;0;0;1;0;0;0;0;0;0;1;0;1;0;0
"27/02/2021";"10:41:00";"223";"Acidente s";"373";"BR-386/RS";"Sul";"Atropelamento de Animal";1;0;0;0;0;0;0;0;0;0;3;0;0;0;0
"28/02/2021";"10:11:00";"64";"Acidente s";"69";"BR-290/RS";"Oeste";"Colisão - Lateral";1;0;0;0;0;0;0;1;0;0;2;0;0;0;0
"28/02/2021";"02:47:00";"115";"Acidente s";"219";"BR-386/RS";"Sul";"Colisão - Lateral";2;0;0;0;0;0;0;0;0;0;5;0;0;0;0
"28/02/2021";"05:41:00";"158";"Acidente s";"63";"BR-101/RS";"Norte";"Saída de pista";1;0;0;0;0;0;0;0;0;0;1;0;0;0;0
"28/02/2021";"06:11:00";"162";"Acidente c";"38";"BR-290/RS";"Oeste";"Engavetamento";5;0;0;0;0;0;0;0;0;0;8;1;0;0;0
"28/02/2021";"06:11:00";"163";"Acidente s";"14";"BR-101/RS";"Sul";"Capotamento";1;0;0;0;0;0;0;0;0;0;2;0;0;0;0
"28/02/2021";"06:45:00";"170";"Acidente s";"39";"BR-290/RS";"Oeste";"Capotamento";1;0;0;0;0;0;0;0;0;0;1;0;0;0;0
"28/02/2021";"07:05:00";"177";"Acidente c";"368";"BR-386/RS";"Sul";"Atropelamento - Usuário";1;0;0;1;0;0;0;0;0;0;1;0;0;0;1
"28/02/2021";"08:15:00";"195";"Acidente s";"38";"BR-101/RS";"Norte";"Choque Defensa";1;0;0;0;0;0;0;0;0;0;1;0;0;0;0
"01/03/2021";"05:38:00";"13";"Acidente s";"73";"BR-101/RS";"Sul";"Colisão - Traseira";0;0;1;0;0;1;0;0;0;0;3;0;0;0;0
"01/03/2021";"01:35:00";"112";"Acidente s";"244";"BR-386/RS";"Norte";"Saída de pista";1;0;0;0;0;0;0;0;0;0;1;0;0;0;0
"01/03/2021";"02:44:00";"132";"Acidente s";"388";"BR-386/RS";"Norte";"Colisão - Lateral";1;0;0;0;0;1;0;0;0;0;2;0;0;0;0
"01/03/2021";"05:44:00";"169";"Acidente s";"248";"BR-386/RS";"Norte";"Colisão - Traseira";0;0;0;0;0;2;0;0;0;0;2;0;0;0;0
"01/03/2021";"09:48:00";"203";"Acidente c";"86";"BR-101/RS";"Norte";"Tombamento";0;0;0;0;0;0;0;1;0;0;0;0;2;0;0
"01/03/2021";"11:42:00";"207";"Acidente c";"351";"BR-386/RS";"Norte";"Colisão - Lateral";0;0;0;2;0;0;0;0;0;0;0;2;0;0;0
"02/03/2021";"05:46:00";"15";"Acidente c";"308";"BR-386/RS";"Sul";"Colisão - Traseira";0;0;2;0;0;0;0;0;0;0;1;1;0;0;0
"02/03/2021";"05:58:00";"16";"Acidente s";"64";"BR-290/RS";"Oeste";;0;0;0;0;1;0;0;0;0;0;1;0;0;0;0
"02/03/2021";"01:01:00";"127";"Acidente s";"62";"BR-290/RS";"Leste";"Queda de ribanceira";0;0;0;0;0;0;0;0;0;1;1;0;0;0;0
"02/03/2021";"01:41:00";"132";"Acidente s";"13";"BR-448/RS";"Norte";"Colisão - Transversal";2;0;0;0;0;0;0;0;0;0;2;0;0;0;0
"02/03/2021";"05:30:00";"174";"Acidente s";"10";"BR-448/RS";"Norte";"Colisão - Traseira";1;0;0;0;0;0;0;0;0;1;4;0;0;0;0
"02/03/2021";"05:50:00";"179";"Acidente s";"385";"BR-386/RS";"Norte";"Saída de pista";1;0;0;0;0;0;0;0;0;0;1;0;0;0;0
"02/03/2021";"06:17:00";"186";"Acidente c";"363";"BR-386/RS";"Norte";"Colisão - Transversal";1;0;0;1;0;0;0;0;0;0;1;0;1;0;0
"02/03/2021";"06:33:00";"187";"Acidente s";"390";"BR-386/RS";"Norte";"Colisão - Traseira";2;0;0;0;0;0;0;0;0;0;1;0;0;0;0
"03/03/2021";"09:45:00";"106";"Acidente s";"236";"BR-386/RS";"Norte";"Queda de ribanceira";2;0;0;0;0;0;0;0;0;0;7;0;0;0;0
"03/03/2021";"02:53:00";"180";"Acidente s";"276";"BR-386/RS";"Sul";"Queda de ribanceira";0;0;1;0;0;0;0;0;0;0;2;0;0;0;0
"03/03/2021";"03:11:00";"191";"Acidente c";"290";"BR-386/RS";"Norte";;1;0;1;0;0;0;0;0;0;0;1;0;2;1;0
"03/03/2021";"10:44:00";"255";"Acidente s";"26";"BR-290/RS";"Leste";"Tombamento";0;0;0;0;0;0;0;1;0;0;1;0;0;0;0
"04/03/2021";"02:15:00";"8";"Acidente s";"360";"BR-386/RS";"Sul";"Queda de ribanceira";1;0;0;0;0;0;0;0;0;0;1;0;0;0;0
"04/03/2021";"03:35:00";"179";"Acidente s";"396";"BR-386/RS";"Norte";"Queda de ribanceira";1;0;0;0;0;0;0;0;0;0;1;0;0;0;0
"04/03/2021";"05:17:00";"196";"Acidente c";"16";"BR-290/RS";"Oeste";"Capotamento";1;0;0;0;0;0;0;0;0;0;1;1;1;0;0
"04/03/2021";"05:48:00";"199";"Acidente s";"10";"BR-290/RS";"Leste";"Queda de ribanceira";1;0;0;0;0;0;0;0;0;0;1;0;0;0;0
"04/03/2021";"06:10:00";"203";"Acidente s";"22";"BR-290/RS";"Oeste";"Queda de ribanceira";1;0;0;0;0;0;0;0;0;0;1;0;0;0;0
"04/03/2021";"07:09:00";"207";"Acidente c";"446";"BR-386/RS";"Sul";"Colisão - Traseira";2;0;0;0;0;0;0;0;0;0;1;1;0;0;0
"04/03/2021";"08:29:00";"218";"Acidente s";"397";"BR-386/RS";"Norte";"Atropelamento de Animal";1;0;0;0;0;0;0;0;0;0;2;0;0;0;0
"04/03/2021";"11:27:00";"237";"Acidente s";"33";"BR-290/RS";"Leste";"Queda de ribanceira";0;0;0;0;0;0;0;0;0;1;1;0;0;0;0
"05/03/2021";"05:39:00";"11";"Acidente c";"67";"BR-101/RS";"Sul";"Queda de moto";0;0;0;1;0;0;0;0;0;0;0;1;1;0;0
"05/03/2021";"12:40:00";"123";"Acidente c";"353";"BR-386/RS";"Norte";"Queda de ribanceira";1;0;0;0;0;0;0;0;0;0;1;1;0;0;0
"05/03/2021";"03:51:00";"155";"Acidente s";"411";"BR-386/RS";"Sul";"Queda de ribanceira";1;0;0;0;0;0;0;0;0;0;1;0;0;0;0
"05/03/2021";"06:07:00";"183";"Acidente s";"437";"BR-386/RS";"Norte";"Colisão - Traseira";2;0;0;0;0;0;0;0;0;0;2;0;0;0;0
"05/03/2021";"06:55:00";"197";"Acidente c";"5";"BR-290/RS";"Leste";"Colisão - Frontal";2;0;0;0;0;0;0;0;0;0;2;1;2;0;0
"05/03/2021";"08:00:00";"211";"Acidente s";"4.38";"BR-290/RS";"Leste";"Saída de pista";1;0;0;0;0;0;0;0;0;0;1;0;0;0;0
"06/03/2021";"02:13:00";"14";"Acidente s";"82";"BR-290/RS";"Oeste";"Queda de ribanceira";0;0;0;0;1;0;0;0;0;0;1;0;0;0;0
"06/03/2021";"06:31:00";"20";"Acidente c";"296";"BR-386/RS";"Norte";"Tombamento";0;0;0;0;0;0;0;1;0;0;0;1;0;0;0
"06/03/2021";"10:55:00";"80";"Acidente s";"92";"BR-290/RS";"Oeste";"Queda de moto";0;0;0;1;0;0;0;0;0;0;1;0;0;0;0
"06/03/2021";"03:45:00";"129";"Acidente s";"395";"BR-386/RS";"Sul";"Colisão - Traseira";1;0;0;0;0;1;0;0;0;0;2;0;0;0;0
"06/03/2021";"06:22:00";"145";"Acidente s";"39";"BR-290/RS";"Leste";"Capotamento";1;0;0;0;0;0;0;0;0;0;1;0;0;0;0
"07/03/2021";"07:00:00";"12";"Acidente c";"65";"BR-101/RS";"Sul";"Colisão - Traseira";0;0;1;1;0;0;0;0;0;0;0;0;0;1;0
"07/03/2021";"12:10:00";"54";"Acidente c";"2";"BR-290/RS";"Oeste";"Queda de moto";0;0;0;1;0;0;0;0;0;0;1;0;1;0;0
"08/03/2021";"08:31:00";"82";"Acidente s";"92";"BR-290/RS";"Leste";"Queda de ribanceira";1;0;0;0;0;0;0;0;0;0;1;0;0;0;0
"08/03/2021";"11:11:00";"137";"Acidente s";"44";"BR-101/RS";"Norte";"Colisão - Traseira";0;0;2;0;0;0;0;0;0;0;2;0;0;0;0
"08/03/2021";"10:18:00";"272";"Acidente s";"308";"BR-386/RS";"Norte";"Tombamento";0;0;1;0;0;0;0;0;0;0;1;0;0;0;0
"09/03/2021";"05:58:00";"15";"Acidente s";"1";"BR-290/RS";"Oeste";"Queda de ribanceira";1;0;0;0;0;0;0;0;0;0;1;0;0;0;0
"09/03/2021";"07:29:00";"38";"Acidente s";"16";"BR-448/RS";"Norte";;1;0;0;0;0;0;0;0;0;0;1;0;0;0;0
"09/03/2021";"08:26:00";"61";"Acidente s";"87";"BR-290/RS";"Leste";"Colisão - Lateral";1;0;1;0;0;0;0;0;0;0;2;0;0;0;0
"09/03/2021";"09:35:00";"98";"Acidente s";"37";"BR-101/RS";"Sul";"Capotamento";1;0;0;0;0;0;0;0;0;0;1;0;0;0;0
"09/03/2021";"02:29:00";"157";"Acidente s";"263";"BR-386/RS";"Norte";"Engavetamento";1;0;0;0;0;3;0;0;0;0;8;0;0;0;0
"09/03/2021";"04:04:00";"180";"Acidente s";"263";"BR-386/RS";"Norte";"Colisão - Lateral";0;0;0;0;0;2;0;0;0;0;2;0;0;0;0
"10/03/2021";"10:45:00";"119";"Acidente s";"22";"BR-101/RS";"Norte";"Colisão - Lateral";1;0;0;0;0;0;0;0;0;1;2;0;0;0;0
"10/03/2021";"01:01:00";"148";"Acidente s";"251";"BR-386/RS";"Norte";"Colisão - Traseira";2;0;0;0;0;0;0;0;0;0;4;0;0;0;0
"10/03/2021";"02:12:00";"156";"Acidente s";"35";"BR-101/RS";"Norte";"Colisão - Traseira";1;0;1;0;0;0;0;0;0;0;2;0;0;0;0
"10/03/2021";"05:09:00";"189";"Acidente c";"75";"BR-290/RS";"Leste";"Queda de moto";0;0;0;1;0;0;0;0;0;0;1;1;0;0;0
"10/03/2021";"05:37:00";"194";"Acidente s";"6";"BR-290/RS";"Oeste";"Queda de ribanceira";1;0;0;0;0;0;0;0;0;0;1;0;0;0;0
"10/03/2021";"06:54:00";"200";"Acidente c";"343";"BR-386/RS";"Norte";"Colisão - Lateral";0;0;0;1;0;0;0;0;0;0;1;1;0;0;0
"10/03/2021";"10:39:00";"225";"Acidente c";"214";"BR-386/RS";"Norte";"Colisão - Lateral";1;0;0;0;0;0;0;1;0;0;2;2;0;0;0
"11/03/2021";"09:01:00";"97";"Acidente c";"420";"BR-386/RS";"Norte";"Queda de moto";0;0;0;1;0;0;0;0;0;0;0;1;0;0;0
"11/03/2021";"11:34:00";"141";"Acidente c";"25";"BR-290/RS";"Leste";"Choque - Arvore";1;0;0;0;0;0;0;0;0;0;0;0;1;0;0
"11/03/2021";"05:48:00";"208";"Acidente c";"16";"BR-448/RS";"Norte";"Capotamento";1;0;0;0;0;0;0;0;0;0;0;0;1;0;0
"12/03/2021";"03:17:00";"186";"Acidente c";"280";"BR-386/RS";"Sul";"Colisão - Frontal";3;0;0;0;0;0;0;0;0;0;0;2;2;0;0
"12/03/2021";"05:16:00";"208";"Acidente s";"432";"BR-386/RS";"Sul";"Colisão - Traseira";1;0;0;0;0;1;0;0;0;0;2;0;0;0;0
"12/03/2021";"06:16:00";"219";"Acidente c";"332";"BR-386/RS";"Norte";"Colisão - Frontal";2;0;1;0;0;0;0;0;0;0;2;0;0;1;0
"12/03/2021";"07:55:00";"236";"Acidente s";"222";"BR-386/RS";"Norte";"Queda de ribanceira";1;0;0;0;0;0;0;0;0;0;1;0;0;0;0
"13/03/2021";"12:04:00";"1";"Acidente c";"80";"BR-290/RS";"Oeste";"Tombamento";0;0;0;0;0;0;0;0;0;1;1;1;0;0;0
"13/03/2021";"01:35:00";"15";"Acidente s";"26";"BR-290/RS";"Oeste";"Saída de pista";1;0;0;0;0;0;0;0;0;0;1;0;0;0;0
"13/03/2021";"11:44:00";"111";"Acidente c";"350";"BR-386/RS";"Norte";"Choque Barreira";0;0;1;0;0;0;0;0;0;0;0;0;0;0;1
"13/03/2021";"05:10:00";"155";"Acidente c";"19";"BR-290/RS";"Oeste";"Colisão - Traseira";2;0;0;0;0;0;0;0;0;0;4;1;0;0;0
"13/03/2021";"06:10:00";"167";"Acidente s";"4";"BR-290/RS";"Oeste";"Queda de ribanceira";1;0;0;0;0;0;0;0;0;0;4;0;0;0;0
"13/03/2021";"06:36:00";"171";"Acidente c";"88";"BR-290/RS";"Leste";"Queda de moto";0;0;0;1;0;0;0;0;0;0;0;2;0;0;0
"13/03/2021";"09:54:00";"189";"Acidente c";"403";"BR-386/RS";"Norte";"Queda de moto";0;0;0;1;0;0;0;0;0;0;0;0;1;0;0
"13/03/2021";"10:28:00";"190";"Acidente c";"77";"BR-290/RS";"Leste";"Colisão - Traseira";2;0;0;0;0;0;0;0;0;0;3;3;0;0;0
"14/03/2021";"05:48:00";"17";"Acidente c";"4";"BR-101/RS";"Sul";"Colisão - Lateral";2;0;0;0;0;0;0;0;0;0;2;1;0;0;0
"14/03/2021";"12:42:00";"87";"Acidente s";"3";"BR-448/RS";"Sul";"Choque Barreira";1;0;0;0;0;0;0;0;0;0;1;0;0;0;0
"14/03/2021";"05:39:00";"141";"Acidente c";"17";"BR-101/RS";"Sul";"Queda de moto";0;0;0;1;0;0;0;0;0;0;0;0;2;0;0
"14/03/2021";"05:46:00";"143";"Acidente s";"372";"BR-386/RS";"Sul";"Queda de ribanceira";1;0;0;0;0;0;0;0;0;0;1;0;0;0;0
"15/03/2021";"06:51:00";"26";"Acidente s";"316";"BR-386/RS";"Norte";"Queda de moto";0;0;0;1;0;0;0;0;0;0;1;0;0;0;0
"15/03/2021";"01:42:00";"145";"Acidente s";"96";"BR-290/RS";"Oeste";"Choque Barreira";1;0;0;0;0;0;0;0;0;0;1;0;0;0;0
"15/03/2021";"02:15:00";"156";"Acidente s";"92";"BR-290/RS";"Leste";;0;0;1;0;0;0;0;0;0;0;1;0;0;0;0
"15/03/2021";"06:31:00";"203";"Acidente c";"85";"BR-101/RS";"Sul";"Choque Defensa";0;0;0;0;0;0;0;0;0;0;0;0;1;0;0
"16/03/2021";"05:35:00";"14";"Acidente c";"346";"BR-386/RS";"Sul";"Queda de moto";0;0;0;1;0;0;0;0;0;0;0;1;0;0;0
"17/03/2021";"02:02:00";"5";"Acidente c";"92";"BR-290/RS";"Oeste";"Tombamento";0;0;0;0;0;0;0;1;0;0;0;1;0;0;0
"17/03/2021";"04:26:00";"12";"Acidente s";"346";"BR-386/RS";"Sul";"Choque Defensa";1;0;0;0;0;0;0;0;0;0;1;0;0;0;0
"17/03/2021";"04:48:00";"13";"Acidente s";"256";"BR-386/RS";"Sul";"Queda de ribanceira";1;0;0;0;0;0;0;0;0;0;3;0;0;0;0
"17/03/2021";"07:44:00";"34";"Acidente s";"79";"BR-290/RS";"Oeste";"Choque Barreira";1;0;0;0;0;0;0;0;0;0;3;0;0;0;0
"17/03/2021";"07:58:00";"39";"Acidente s";"35";"BR-101/RS";"Sul";"Colisão - Traseira";0;0;1;0;0;1;0;0;0;0;2;0;0;0;0
"17/03/2021";"09:18:00";"76";"Acidente c";"386";"BR-386/RS";"Sul";"Colisão - Lateral";2;0;0;0;0;0;0;0;0;0;6;0;2;0;0
"17/03/2021";"10:10:00";"93";"Acidente c";"335";"BR-386/RS";"Norte";"Colisão - Lateral";0;0;0;1;0;0;0;1;0;0;1;0;1;0;0
"17/03/2021";"07:27:00";"221";"Acidente s";"223";"BR-386/RS";"Sul";"Atropelamento de Animal";1;0;0;0;0;0;0;0;0;0;3;0;0;0;0
"17/03/2021";"07:42:00";"223";"Acidente s";"50";"BR-101/RS";"Sul";"Colisão - Traseira";1;0;0;0;0;1;0;0;0;0;2;0;0;0;0
"18/03/2021";"02:48:00";"165";"Acidente s";"439";"BR-386/RS";"Norte";"Colisão - Traseira";2;0;0;0;0;0;0;0;0;0;3;0;0;0;0
"18/03/2021";"05:13:00";"199";"Acidente s";"351";"BR-386/RS";"Norte";"Colisão - Traseira";2;0;0;0;0;0;0;0;0;0;2;0;0;0;0
"18/03/2021";"07:56:00";"223";"Acidente s";"356";"BR-386/RS";"Norte";"Choque Defensa";1;0;0;0;0;0;0;0;0;0;4;0;0;0;0
"18/03/2021";"09:16:00";"236";"Acidente s";"306";"BR-386/RS";"Sul";"Colisão - Traseira";0;0;0;0;0;0;0;2;0;0;2;0;0;0;0
"19/03/2021";"04:25:00";"13";"Acidente s";"62";"BR-290/RS";"Leste";"Colisão - Lateral";1;0;0;0;0;0;0;0;0;0;1;0;0;0;0
"19/03/2021";"04:41:00";"201";"Acidente s";"75";"BR-290/RS";"Oeste";"Colisão - Traseira";1;0;0;1;0;0;0;0;0;0;2;0;0;0;0
"19/03/2021";"04:43:00";"203";"Acidente s";"35";"BR-101/RS";"Norte";"Colisão - Traseira";1;0;0;0;0;0;0;1;0;0;2;0;0;0;0
"19/03/2021";"09:43:00";"265";"Acidente s";"392";"BR-386/RS";"Norte";"Colisão - Transversal";2;0;0;0;0;0;0;0;0;0;6;0;0;0;0
"20/03/2021";"04:33:00";"164";"Acidente s";"16";"BR-448/RS";"Norte";"Queda de moto";0;0;0;1;0;0;0;0;0;0;2;0;0;0;0
"20/03/2021";"06:28:00";"181";"Acidente c";"49";"BR-101/RS";"Sul";"Colisão - Transversal";0;0;2;0;0;0;0;0;0;0;2;1;0;0;0
"20/03/2021";"10:10:00";"215";"Acidente s";"52.03";"BR-101/RS";"Sul";"Atropelamento de Animal";1;0;0;0;0;0;0;0;0;0;2;0;0;0;0
"21/03/2021";"09:39:00";"45";"Acidente s";"422";"BR-386/RS";"Sul";"Choque - Meio Fio";1;0;0;0;0;0;0;0;0;0;1;0;0;0;0
"21/03/2021";"11:07:00";"62";"Acidente s";"16";"BR-290/RS";"Leste";"Queda de ribanceira";1;0;0;0;0;0;0;0;0;0;1;0;0;0;0
"21/03/2021";"11:21:00";"66";"Acidente c";"43";"BR-290/RS";"Oeste";"Queda de moto";0;0;0;1;0;0;0;0;0;0;0;1;0;0;0
"21/03/2021";"11:49:00";"71";"Acidente s";"424";"BR-386/RS";"Norte";"Queda de ribanceira";1;0;0;0;0;0;0;0;0;0;2;0;0;0;0
"21/03/2021";"03:31:00";"94";"Acidente s";"60";"BR-290/RS";"Oeste";;2;0;0;0;0;0;0;0;0;0;2;0;0;0;0
"21/03/2021";"06:51:00";"132";"Acidente s";"263";"BR-386/RS";"Norte";"Queda de moto";0;0;0;1;0;0;0;0;0;0;2;0;0;0;0
"21/03/2021";"07:31:00";"139";"Acidente s";"75";"BR-290/RS";"Leste";"Choque Defensa";1;0;0;0;0;0;0;0;0;0;1;0;0;0;0
"21/03/2021";"08:51:00";"147";"Acidente s";"51";"BR-290/RS";"Oeste";"Saída de pista";1;0;0;0;0;0;0;0;0;0;1;0;0;0;0
"22/03/2021";"06:19:00";"22";"Acidente s";"22";"BR-448/RS";"Norte";"Tombamento";1;0;0;0;0;0;0;1;0;0;2;0;0;0;0
"22/03/2021";"09:06:00";"73";"Acidente s";"229";"BR-386/RS";"Norte";"Queda de ribanceira";0;0;0;0;0;0;0;0;0;1;1;0;0;0;0
"22/03/2021";"10:33:00";"104";"Acidente s";"86";"BR-101/RS";"Sul";"Choque - Meio Fio";2;0;0;0;0;0;0;0;0;0;2;0;0;0;0
"22/03/2021";"06:16:00";"217";"Acidente c";"432";"BR-386/RS";"Norte";"Colisão - Traseira";1;0;1;0;0;0;0;0;0;0;1;1;0;0;0
"23/03/2021";"12:01:00";"1";"Acidente s";"282";"BR-386/RS";"Sul";"Queda de ribanceira";1;0;0;0;0;0;0;0;0;0;2;0;0;0;0
"23/03/2021";"07:08:00";"23";"Acidente s";"356";"BR-386/RS";"Sul";"Choque - Meio Fio";1;0;0;0;0;0;0;0;0;0;1;0;0;0;0
"23/03/2021";"07:27:00";"30";"Acidente c";"400";"BR-386/RS";"Norte";"Colisão - Traseira";0;0;0;0;0;0;0;0;0;2;8;1;1;0;0
"23/03/2021";"07:40:00";"33";"Acidente s";"439";"BR-386/RS";"Norte";"Colisão - Traseira";1;0;0;0;0;0;0;1;0;0;2;0;0;0;0
"23/03/2021";"07:47:00";"37";"Acidente s";"22";"BR-448/RS";"Sul";"Colisão - Lateral";1;0;0;0;0;0;0;0;0;1;2;0;0;0;0
"23/03/2021";"08:05:00";"43";"Acidente s";"22";"BR-448/RS";"Norte";"Choque Barreira";1;0;0;0;0;0;0;0;0;0;1;0;0;0;0
"23/03/2021";"08:27:00";"48";"Acidente s";"26";"BR-290/RS";"Leste";"Colisão - Traseira";1;0;0;0;0;0;0;1;0;0;2;0;0;0;0
"23/03/2021";"08:40:00";"54";"Acidente s";"248";"BR-386/RS";"Norte";"Colisão - Lateral";2;0;0;0;0;0;0;0;0;0;2;0;0;0;0
"23/03/2021";"09:04:00";"71";"Acidente s";"22";"BR-448/RS";"Sul";"Colisão - Traseira";2;0;0;0;0;0;0;0;0;0;2;0;0;0;0