data;horario;n_da_ocorrencia;tipo_de_ocorrencia;km;trecho;sentido;tipo_de_acidente;automovel;bicicleta;caminhao;moto;onibus;outros;tracao_animal;transporte_de_cargas_especiais;trator_maquinas;utilitarios;ilesos;levemente_feridos;moderadamente_feridos;gravemente_feridos;mortos
"23/03/2021";"10:10:00";"87";"Acidente s";"236";"BR-386/RS";"Norte";"Queda de ribanceira";1;0;0;0;0;0;0;0;0;0;1;0;0;0;0
"23/03/2021";"11:34:00";"110";"Acidente s";"28";"BR-101/RS";"Sul";"Saída de pista";1;0;0;0;0;0;0;0;0;0;1;0;0;0;0
"23/03/2021";"03:43:00";"152";"Acidente s";"85";"BR-290/RS";"Leste";"Colisão - Traseira";1;0;1;0;0;0;0;0;0;0;5;0;0;0;0
"23/03/2021";"04:07:00";"156";"Acidente s";"412";"BR-386/RS";"Sul";"Queda de ribanceira";1;0;0;0;0;0;0;0;0;0;1;0;0;0;0
"23/03/2021";"04:08:00";"158";"Acidente s";"15";"BR-448/RS";"Norte";"Colisão - Lateral";1;0;0;0;0;0;0;1;0;0;2;0;0;0;0
"23/03/2021";"05:21:00";"173";"Acidente s";"92";"BR-290/RS";"Leste";"Colisão - Lateral";2;0;0;0;0;0;0;0;0;0;2;0;0;0;0
"24/03/2021";"06:09:00";"16";"Acidente s";"47";"BR-290/RS";"Leste";"Queda de ribanceira";0;0;0;0;0;0;0;0;0;1;2;0;0;0;0
"24/03/2021";"08:06:00";"61";"Acidente c";"343";"BR-386/RS";"Sul";"Colisão - Lateral";1;0;0;1;0;0;0;0;0;0;2;1;0;0;0
"24/03/2021";"01:30:00";"138";"Acidente s";"426";"BR-386/RS";"Sul";"Choque Praça - Cabine";0;0;1;0;0;0;0;0;0;0;1;0;0;0;0
"24/03/2021";"04:37:00";"174";"Acidente s";"22";"BR-448/RS";"Sul";"Tombamento";0;0;0;0;0;0;0;1;0;0;1;0;0;0;0
"24/03/2021";"04:45:00";"177";"Acidente c";"348";"BR-386/RS";"Norte";"Colisão - Traseira";1;0;0;1;0;0;0;0;0;0;1;1;0;0;0
"24/03/2021";"05:01:00";"178";"Acidente c";"267";"BR-386/RS";"Sul";"Colisão - Transversal";2;0;0;0;0;0;0;0;0;0;2;2;0;0;0
"24/03/2021";"11:05:00";"221";"Acidente s";"350.28";"BR-386/RS";"Norte";"Choque Barreira";1;0;0;0;0;0;0;0;0;0;1;0;0;0;0
"25/03/2021";"06:40:00";"17";"Acidente c";"418";"BR-386/RS";"Norte";"Saída de pista";1;0;0;0;0;0;0;0;0;0;0;0;1;0;0
"25/03/2021";"06:40:00";"194";"Acidente s";"76";"BR-290/RS";"Oeste";"Colisão - Lateral";2;0;0;0;0;0;0;0;0;0;4;0;0;0;0
"25/03/2021";"07:38:00";"204";"Acidente c";"347";"BR-386/RS";"Sul";"Colisão - Traseira";1;0;0;1;0;0;0;0;0;0;1;0;0;1;0
"25/03/2021";"08:57:00";"218";"Acidente s";"348.27";"BR-386/RS";"Sul";"Saída de pista";1;0;0;0;0;0;0;0;0;0;3;0;0;0;0
"25/03/2021";"09:27:00";"221";"Acidente s";"20";"BR-101/RS";"Norte";"Choque Barreira";0;0;0;0;0;0;0;1;0;0;1;0;0;0;0
"25/03/2021";"09:38:00";"224";"Acidente c";"305";"BR-386/RS";"Norte";"Colisão - Frontal";1;0;1;0;0;0;0;0;0;0;1;1;0;0;0
"26/03/2021";"05:12:00";"16";"Acidente c";"50";"BR-101/RS";"Sul";"Queda de ribanceira";0;0;1;0;0;0;0;0;0;0;0;0;1;0;0
"26/03/2021";"08:26:00";"85";"Acidente s";"348";"BR-386/RS";"Sul";"Colisão - Traseira";2;0;0;0;0;0;0;0;0;0;2;0;0;0;0
"26/03/2021";"12:30:00";"157";"Acidente s";"80";"BR-101/RS";"Sul";"Saída de pista";0;0;0;0;0;0;0;1;0;0;1;0;0;0;0
"26/03/2021";"02:28:00";"183";"Acidente c";"304";"BR-386/RS";"Norte";"Colisão - Traseira";1;0;0;1;0;0;0;0;0;0;1;0;1;0;0
"26/03/2021";"05:15:00";"207";"Acidente s";"84";"BR-290/RS";"Leste";"Choque Barreira";1;0;0;0;0;0;0;0;0;0;1;0;0;0;0
"26/03/2021";"05:45:00";"216";"Acidente s";"408";"BR-386/RS";"Norte";"Queda de ribanceira";1;0;0;0;0;1;0;0;0;0;4;0;0;0;0
"26/03/2021";"06:16:00";"223";"Acidente s";"397";"BR-386/RS";"Norte";"Saída de pista";0;0;0;0;0;0;0;0;0;1;2;0;0;0;0
"26/03/2021";"07:07:00";"228";"Acidente s";"401";"BR-386/RS";"Norte";"Saída de pista";1;0;0;0;0;0;0;0;0;0;1;0;0;0;0
"26/03/2021";"07:12:00";"230";"Acidente s";"374";"BR-386/RS";"Norte";"Saída de pista";1;0;0;0;0;0;0;0;0;0;1;0;0;0;0
"26/03/2021";"09:26:00";"254";"Acidente c";"348";"BR-386/RS";"Norte";"Saída de pista";2;0;0;1;0;0;0;0;0;0;2;1;0;0;0
"26/03/2021";"11:07:00";"265";"Acidente s";"91";"BR-290/RS";"Oeste";"Colisão - Traseira";2;0;0;0;0;0;0;0;0;0;3;0;0;0;0
"27/03/2021";"12:48:00";"4";"Acidente s";"72";"BR-101/RS";"Norte";"Saída de pista";1;0;0;0;0;0;0;0;0;0;2;0;0;0;0
"27/03/2021";"02:53:00";"13";"Acidente s";"52";"BR-101/RS";"Norte";"Saída de pista";1;0;0;0;0;0;0;0;0;0;1;0;0;0;0
"27/03/2021";"02:55:00";"14";"Acidente s";"353";"BR-386/RS";"Norte";"Queda de ribanceira";1;0;0;0;0;0;0;0;0;0;1;0;0;0;0
"27/03/2021";"01:16:00";"118";"Acidente c";"25";"BR-290/RS";"Leste";"Capotamento";1;0;0;0;0;0;0;0;0;0;0;3;0;0;0
"27/03/2021";"04:16:00";"151";"Acidente s";"349";"BR-386/RS";"Sul";"Engavetamento";3;0;0;0;0;0;0;0;0;0;5;0;0;0;0
"28/03/2021";"01:20:00";"5";"Acidente s";"5";"BR-290/RS";"Ambos";"Saída de pista";1;0;0;0;0;0;0;0;0;0;1;0;0;0;0
"28/03/2021";"12:56:00";"85";"Acidente c";"11";"BR-101/RS";"Norte";"Queda de ribanceira";1;0;0;0;0;0;0;0;0;0;1;1;0;0;0
"28/03/2021";"07:31:00";"151";"Acidente s";"298";"BR-386/RS";"Norte";"Capotamento";1;0;0;0;0;0;0;0;0;0;1;0;0;0;0
"29/03/2021";"03:55:00";"15";"Acidente s";"43";"BR-290/RS";"Oeste";"Queda de ribanceira";0;0;0;0;0;0;0;0;0;1;1;0;0;0;0
"29/03/2021";"10:15:00";"111";"Acidente s";"380";"BR-386/RS";"Sul";"Colisão - Transversal";1;0;1;0;0;0;0;0;0;0;3;0;0;0;0
"29/03/2021";"11:05:00";"131";"Acidente c";"224";"BR-386/RS";"Norte";"Tombamento";0;0;0;0;0;0;0;1;0;0;0;1;0;0;0
"29/03/2021";"11:48:00";"136";"Acidente c";"270";"BR-386/RS";"Sul";"Colisão - Traseira";2;0;0;0;0;0;0;0;0;0;3;0;1;0;0
"29/03/2021";"04:03:00";"176";"Acidente s";"426";"BR-386/RS";"Sul";"Colisão - Traseira";2;0;0;0;0;0;0;0;0;0;4;0;0;0;0
"29/03/2021";"08:26:00";"220";"Acidente s";"50";"BR-101/RS";"Norte";"Atropelamento de Animal";1;0;0;0;0;0;0;0;0;0;3;0;0;0;0
"29/03/2021";"08:39:00";"223";"Acidente s";"28";"BR-290/RS";"Oeste";"Saída de pista";1;0;0;0;0;0;0;0;0;0;1;0;0;0;0
"29/03/2021";"09:09:00";"227";"Acidente s";"219";"BR-386/RS";"Norte";"Atropelamento de Animal";1;0;0;0;0;0;0;0;0;0;2;0;0;0;0
"30/03/2021";"07:21:00";"36";"Acidente s";"87";"BR-290/RS";"Leste";"Colisão - Lateral";3;0;0;0;0;0;0;1;0;0;4;0;0;0;0
"30/03/2021";"03:51:00";"176";"Acidente s";"65";"BR-290/RS";"Oeste";"Queda de ribanceira";1;0;0;0;0;0;0;0;0;0;1;0;0;0;0
"30/03/2021";"05:24:00";"190";"Acidente c";"93";"BR-290/RS";"Oeste";"Colisão - Lateral";1;0;0;1;0;0;0;0;0;0;0;1;0;0;0
"30/03/2021";"06:53:00";"204";"Acidente s";"28";"BR-290/RS";"Oeste";"Saída de pista";1;0;0;0;0;0;0;0;0;0;3;0;0;0;0
"30/03/2021";"07:22:00";"208";"Acidente s";"91";"BR-290/RS";"Leste";"Queda de moto";0;0;0;1;0;0;0;0;0;0;1;0;0;0;0
"31/03/2021";"04:47:00";"23";"Acidente c";"279.36";"BR-386/RS";"Sul";"Choque Barreira";1;0;0;0;0;0;0;0;0;0;0;1;0;0;0
"31/03/2021";"06:16:00";"25";"Acidente c";"71";"BR-101/RS";"Sul";"Capotamento";1;0;0;0;0;0;0;0;0;0;0;6;0;0;0
"31/03/2021";"06:35:00";"27";"Acidente c";"19";"BR-101/RS";"Sul";"Colisão - Lateral";1;0;0;1;0;0;0;0;0;0;2;1;0;0;0
"31/03/2021";"01:16:00";"186";"Acidente s";"60";"BR-290/RS";"Leste";"Colisão - Traseira";1;0;0;0;0;0;0;1;0;0;3;0;0;0;0
"31/03/2021";"02:48:00";"212";"Acidente s";"400";"BR-386/RS";"Sul";"Queda de ribanceira";0;0;0;0;0;0;0;1;0;0;1;0;0;0;0
"31/03/2021";"09:06:00";"283";"Acidente s";"435";"BR-386/RS";"Norte";"Colisão - Traseira";1;0;0;0;0;0;0;1;0;0;2;0;0;0;0
"01/04/2021";"12:55:00";"3";"Acidente s";"86";"BR-290/RS";"Leste";"Choque Defensa";1;0;0;0;0;0;0;0;0;0;1;0;0;0;0
"01/04/2021";"08:18:00";"67";"Acidente c";"296";"BR-386/RS";"Sul";"Queda de moto";0;0;0;1;0;1;0;0;0;0;1;0;1;0;0
"01/04/2021";"11:07:00";"137";"Acidente s";"60";"BR-290/RS";"Leste";"Colisão - Traseira";2;0;0;0;0;0;0;0;0;0;2;0;0;0;0
"01/04/2021";"12:17:00";"157";"Acidente s";"33";"BR-290/RS";"Leste";"Queda de ribanceira";1;0;0;0;0;0;0;0;0;0;4;0;0;0;0
"01/04/2021";"12:43:00";"161";"Acidente s";"76";"BR-101/RS";"Sul";"Capotamento";1;0;0;0;0;0;0;0;0;0;2;0;0;0;0
"01/04/2021";"01:36:00";"182";"Acidente s";"90";"BR-290/RS";"Oeste";"Choque Defensa";1;0;0;0;0;0;0;0;0;0;2;0;0;0;0
"01/04/2021";"02:49:00";"208";"Atropelame";"9";"BR-101/RS";"Sul";"Atropelamento - Usuário";1;0;0;0;0;0;0;0;0;0;2;0;0;0;1
"01/04/2021";"06:21:00";"271";"Acidente c";"89";"BR-290/RS";"Leste";"Colisão - Lateral";1;0;0;1;0;0;0;0;0;0;1;1;0;0;0
"01/04/2021";"07:15:00";"286";"Acidente c";"414";"BR-386/RS";"Norte";"Colisão - Lateral";1;0;0;1;0;0;0;0;0;0;1;0;0;0;1
"02/04/2021";"04:47:00";"18";"Acidente s";"330";"BR-386/RS";"Sul";;1;0;0;0;0;0;0;0;0;0;1;0;0;0;0
"02/04/2021";"07:53:00";"38";"Acidente s";"204";"BR-386/RS";"Norte";"Engavetamento";5;0;0;0;0;0;0;0;0;0;9;0;0;0;0
"02/04/2021";"12:53:00";"101";"Atropelame";"33";"BR-101/RS";"Norte";"Atropelamento - Usuário";1;0;0;0;0;0;0;0;0;0;2;0;1;0;0
"02/04/2021";"02:43:00";"115";"Acidente c";"28";"BR-101/RS";"Norte";"Colisão - Transversal";2;0;0;0;0;0;0;0;0;0;8;1;0;0;0
"02/04/2021";"07:11:00";"157";"Acidente c";"341";"BR-386/RS";"Sul";"Queda de moto";0;0;0;1;0;0;0;0;0;0;0;2;0;0;0
"03/04/2021";"08:24:00";"53";"Acidente s";"4";"BR-448/RS";"Sul";"Choque Barreira";1;0;0;0;0;0;0;0;0;0;1;0;0;0;0
"03/04/2021";"12:00:00";"95";"Acidente s";"341";"BR-386/RS";"Sul";"Choque Talude";1;0;0;0;0;0;0;0;0;0;1;0;0;0;0
"03/04/2021";"06:04:00";"151";"Acidente c";"8";"BR-290/RS";"Oeste";"Saída de pista";1;0;0;0;0;0;0;0;0;0;3;1;0;0;0
"03/04/2021";"07:32:00";"168";"Acidente c";"43";"BR-101/RS";"Sul";"Queda de moto";0;0;0;1;0;0;0;0;0;0;0;2;0;0;0
"04/04/2021";"10:30:00";"50";"Acidente s";"349";"BR-386/RS";"Sul";"Colisão - Traseira";1;0;0;1;0;0;0;0;0;0;2;0;0;0;0
"04/04/2021";"02:42:00";"89";"Acidente c";"436";"BR-386/RS";"Sul";"Colisão - Traseira";1;0;0;0;0;0;0;0;0;0;0;2;0;0;0
"04/04/2021";"04:01:00";"115";"Acidente s";"256";"BR-386/RS";"Norte";"Colisão - Lateral";1;0;1;0;0;0;0;0;0;0;2;0;0;0;0
"04/04/2021";"05:20:00";"143";"Acidente c";"344";"BR-386/RS";"Norte";"Engavetamento";4;0;0;0;0;0;0;0;0;0;7;2;0;0;0
"04/04/2021";"05:27:00";"146";"Acidente c";"19";"BR-290/RS";"Oeste";"Colisão - Traseira";1;0;0;1;0;0;0;0;0;0;2;1;0;0;0
"05/04/2021";"05:47:00";"15";"Acidente s";"3";"BR-290/RS";"Oeste";"Choque com objeto sobre a pista";1;0;0;0;0;0;0;0;0;0;4;0;0;0;0
"05/04/2021";"08:15:00";"79";"Acidente c";"82";"BR-101/RS";"Sul";"Queda de moto";0;0;0;1;0;0;0;0;0;0;0;1;1;0;0
"05/04/2021";"12:28:00";"166";"Acidente s";"246";"BR-386/RS";"Norte";"Colisão - Lateral";2;0;0;0;0;0;0;0;0;0;7;0;0;0;0
"05/04/2021";"01:10:00";"177";"Acidente s";"375";"BR-386/RS";"Norte";"Colisão - Traseira";0;0;0;1;0;0;0;0;0;1;3;0;0;0;0
"05/04/2021";"01:24:00";"182";"Acidente s";"19";"BR-101/RS";"Norte";"Saída de pista";1;0;0;0;0;0;0;0;0;0;1;0;0;0;0
"05/04/2021";"02:09:00";"196";"Acidente s";"292";"BR-386/RS";"Sul";"Queda de ribanceira";0;0;1;0;0;0;0;0;0;0;1;0;0;0;0
"05/04/2021";"02:54:00";"207";"Acidente s";"348";"BR-386/RS";"Sul";"Colisão - Lateral";1;0;1;0;0;0;0;0;0;0;2;0;0;0;0
"05/04/2021";"04:24:00";"234";"Acidente s";"292";"BR-386/RS";"Sul";"Colisão - Lateral";1;0;0;0;0;1;0;0;0;0;2;0;0;0;0
"05/04/2021";"04:54:00";"242";"Acidente s";"439";"BR-386/RS";"Norte";"Queda de moto";0;0;0;1;0;1;0;0;0;0;2;0;0;0;0
"06/04/2021";"06:49:00";"25";"Acidente s";"33";"BR-290/RS";"Oeste";"Capotamento";1;0;0;0;0;0;0;0;0;0;1;0;0;0;0
"06/04/2021";"08:06:00";"63";"Acidente c";"73";"BR-290/RS";"Oeste";"Choque com veículo no acostamento";1;0;1;0;0;0;0;0;0;0;1;0;1;1;0
"06/04/2021";"09:32:00";"90";"Acidente s";"349";"BR-386/RS";"Sul";"Colisão - Traseira";1;0;1;0;0;0;0;0;0;0;4;0;0;0;0
"06/04/2021";"10:38:00";"109";"Acidente s";"275";"BR-386/RS";"Norte";"Queda de ribanceira";0;0;1;0;0;0;0;0;0;0;1;0;0;0;0
"06/04/2021";"02:20:00";"164";"Acidente s";"327";"BR-386/RS";"Sul";"Colisão - Lateral";0;0;1;0;0;0;0;1;0;0;3;0;0;0;0
"06/04/2021";"04:50:00";"199";"Acidente c";"338";"BR-386/RS";"Sul";"Colisão - Frontal";1;0;1;0;0;0;0;1;0;0;2;1;0;0;0
"07/04/2021";"03:32:00";"6";"Acidente s";"94";"BR-290/RS";"Leste";"Colisão - Transversal";1;0;0;1;0;0;0;0;0;0;3;0;0;0;0
"07/04/2021";"07:13:00";"31";"Acidente s";"80";"BR-290/RS";"Leste";"Colisão - Traseira";2;0;0;0;0;0;0;0;0;0;2;0;0;0;0
"07/04/2021";"07:31:00";"36";"Acidente c";"332";"BR-386/RS";"Sul";"Colisão - Lateral";0;0;2;0;0;0;0;0;0;0;0;1;2;0;0
"07/04/2021";"01:23:00";"156";"Acidente s";"36";"BR-290/RS";"Oeste";"Queda de ribanceira";1;0;0;0;0;0;0;0;0;0;2;0;0;0;0
"07/04/2021";"07:49:00";"235";"Acidente c";"4";"BR-101/RS";"Sul";"Queda de moto";0;0;0;1;0;0;0;0;0;0;0;0;1;0;0
"07/04/2021";"08:33:00";"238";"Acidente s";"349";"BR-386/RS";"Sul";"Colisão - Lateral";1;0;0;0;0;1;0;0;0;0;3;0;0;0;0
"08/04/2021";"09:53:00";"119";"Acidente s";"4";"BR-290/RS";"Oeste";"Queda de ribanceira";1;0;0;0;0;0;0;0;0;0;1;0;0;0;0
"08/04/2021";"07:13:00";"254";"Acidente c";"435";"BR-386/RS";"Norte";"Colisão - Transversal";1;0;1;0;0;0;0;0;0;0;1;0;1;0;0
"09/04/2021";"05:55:00";"28";"Acidente c";"94";"BR-290/RS";"Leste";"Queda de moto";0;0;0;1;0;0;0;0;0;0;0;1;0;0;0
"09/04/2021";"07:12:00";"52";"Acidente s";"345";"BR-386/RS";"Norte";"Choque - Arvore";1;0;0;0;0;0;0;0;0;0;1;0;0;0;0
"09/04/2021";"09:24:00";"118";"Acidente s";"346";"BR-386/RS";"Sul";"Choque Defensa";1;0;0;0;0;0;0;0;0;0;1;0;0;0;0
"09/04/2021";"02:30:00";"214";"Acidente s";"350";"BR-386/RS";"Sul";"Colisão - Traseira";2;0;0;0;0;0;0;0;0;0;2;0;0;0;0
"09/04/2021";"03:01:00";"222";"Acidente c";"343";"BR-386/RS";"Norte";"Colisão - Frontal";1;0;0;1;0;0;0;0;0;0;4;0;1;0;0
"09/04/2021";"04:06:00";"252";"Acidente s";"426";"BR-386/RS";"Norte";"Colisão - Lateral";1;0;0;0;0;0;0;0;0;0;2;0;0;0;0
"09/04/2021";"05:12:00";"286";"Acidente c";"436";"BR-386/RS";"Sul";"Capotamento";1;0;0;0;0;0;0;0;0;0;0;0;1;0;0
"09/04/2021";"06:44:00";"312";"Acidente s";"67";"BR-101/RS";"Sul";"Choque - Caixa de Captação/Fibra";2;0;0;0;0;0;0;0;0;0;2;0;0;0;0
"09/04/2021";"07:02:00";"320";"Acidente s";"9";"BR-290/RS";"Oeste";"Colisão - Frontal";2;0;0;0;0;0;0;0;0;0;5;0;0;0;0
"10/04/2021";"12:11:00";"3";"Acidente c";"10";"BR-101/RS";"Sul";"Choque com veículo na faixa de rolamento";1;0;0;0;0;0;0;0;0;0;1;0;1;0;0
"10/04/2021";"09:47:00";"91";"Acidente c";"296";"BR-386/RS";"Sul";"Colisão - Traseira";2;0;0;0;0;0;0;0;0;0;2;0;1;0;0
"10/04/2021";"10:55:00";"113";"Acidente s";"0";"BR-448/RS";"Sul";"Capotamento";1;0;0;0;0;0;0;0;0;0;2;0;0;0;0
"10/04/2021";"11:07:00";"118";"Acidente c";"343";"BR-386/RS";"Sul";"Colisão - Lateral";1;0;0;1;0;0;0;0;0;0;1;1;0;0;0
"10/04/2021";"11:45:00";"129";"Acidente s";"226";"BR-386/RS";"Sul";"Queda de ribanceira";0;0;1;0;0;0;0;0;0;0;2;0;0;0;0
"10/04/2021";"11:55:00";"132";"Acidente s";"19";"BR-448/RS";"Norte";"Capotamento";1;0;0;0;0;0;0;0;0;0;4;0;0;0;0
"10/04/2021";"12:32:00";"152";"Acidente c";"26";"BR-101/RS";"Sul";"Colisão - Traseira";2;0;0;0;0;0;0;0;0;0;1;1;2;0;0
"10/04/2021";"01:21:00";"158";"Acidente s";"18";"BR-101/RS";"Sul";"Choque - Poste";1;0;0;0;0;0;0;0;0;0;1;0;0;0;0
"10/04/2021";"02:21:00";"175";"Acidente c";"399";"BR-386/RS";"Sul";"Queda de ribanceira";2;0;0;0;0;0;0;0;0;0;4;1;0;0;0
"10/04/2021";"03:59:00";"194";"Acidente s";"64";"BR-290/RS";"Leste";"Choque Defensa";1;0;0;0;0;0;0;0;0;0;1;0;0;0;0
"10/04/2021";"07:23:00";"239";"Acidente s";"4";"BR-290/RS";"Leste";"Colisão - Traseira";2;0;0;0;0;0;0;0;0;0;3;0;0;0;0
"10/04/2021";"11:28:00";"264";"Acidente s";"35";"BR-101/RS";"Norte";"Colisão - Traseira";2;0;0;0;0;0;0;0;0;0;4;0;0;0;0
"11/04/2021";"03:37:00";"13";"Atropelame";"390";"BR-386/RS";"Norte";"Atropelamento - Andarilho";0;0;0;0;0;0;0;0;0;0;0;0;1;0;0
"11/04/2021";"06:22:00";"19";"Acidente s";"321";"BR-386/RS";"Sul";"Atropelamento de Animal";1;0;0;0;0;0;0;0;0;0;1;0;0;0;0
"11/04/2021";"08:11:00";"46";"Acidente s";"83";"BR-101/RS";"Norte";"Colisão - Lateral";1;0;0;0;0;0;0;1;0;0;2;0;0;0;0
"11/04/2021";"11:54:00";"100";"Acidente s";"247";"BR-386/RS";"Sul";;1;0;0;0;0;0;0;0;0;0;2;0;0;0;0
"11/04/2021";"04:08:00";"158";"Acidente s";"60";"BR-290/RS";"Oeste";"Colisão - Traseira";2;0;0;0;0;0;0;0;0;0;3;0;0;0;0
"11/04/2021";"07:42:00";"211";"Acidente c";"440";"BR-386/RS";"Sul";"Capotamento";1;0;0;0;0;0;0;1;0;0;1;2;0;0;0
"12/04/2021";"07:50:00";"58";"Acidente c";"384";"BR-386/RS";"Norte";"Queda de ribanceira";0;0;0;1;0;0;0;0;0;0;0;0;1;0;0
"12/04/2021";"08:24:00";"77";"Acidente s";"351";"BR-386/RS";"Norte";"Choque Defensa";1;0;0;0;0;0;0;0;0;0;1;0;0;0;0
"12/04/2021";"09:38:00";"103";"Acidente s";"48";"BR-290/RS";"Leste";"Choque com veículo no acostamento";0;0;2;0;0;0;0;0;0;0;2;0;0;0;0
"12/04/2021";"12:28:00";"152";"Acidente s";"75";"BR-290/RS";"Leste";"Colisão - Traseira";1;0;0;0;0;0;0;0;0;1;2;0;0;0;0
"12/04/2021";"01:21:00";"161";"Acidente s";"349";"BR-386/RS";"Sul";"Colisão - Traseira";1;0;0;0;0;0;0;1;0;0;3;0;0;0;0
"12/04/2021";"05:44:00";"212";"Acidente c";"185";"BR-386/RS";"Sul";"Colisão - Traseira";1;0;1;0;0;0;0;0;0;0;2;1;0;0;0
"13/04/2021";"02:54:00";"8";"Acidente s";"438";"BR-386/RS";"Norte";"Queda de ribanceira";1;0;0;0;0;0;0;0;0;0;1;0;0;0;0
"13/04/2021";"07:45:00";"224";"Acidente s";"370";"BR-386/RS";"Sul";"Saída de pista";1;0;0;0;0;0;0;0;0;0;1;0;0;0;0
"14/04/2021";"12:32:00";"3";"Acidente s";"42";"BR-290/RS";"Leste";"Queda de ribanceira";1;0;0;0;0;0;0;0;0;0;1;0;0;0;0
"14/04/2021";"05:50:00";"14";"Atropelame";"318";"BR-386/RS";"Sul";"Atropelamento - Usuário";1;0;0;0;0;0;0;0;0;0;1;0;0;0;1
"14/04/2021";"07:41:00";"57";"Acidente s";"306";"BR-386/RS";"Sul";"Queda de ribanceira";0;0;1;0;0;0;0;0;0;0;2;0;0;0;0
"14/04/2021";"02:50:00";"210";"Acidente s";"324";"BR-386/RS";"Sul";"Colisão - Traseira";2;0;0;0;0;0;0;0;0;0;6;0;0;0;0
"15/04/2021";"10:03:00";"122";"Acidente s";"19";"BR-290/RS";"Leste";"Colisão - Traseira";2;0;0;0;0;0;0;0;0;0;5;0;0;0;0
"15/04/2021";"11:23:00";"141";"Atropelame";"438";"BR-386/RS";"Norte";"Atropelamento - Morador/Trabalhador/Estudante";1;0;0;0;0;0;0;0;0;0;1;0;0;0;1
"15/04/2021";"01:20:00";"171";"Acidente s";"19";"BR-101/RS";"Sul";"Colisão - Lateral";2;0;0;0;0;0;0;0;0;0;2;0;0;0;0
"15/04/2021";"05:11:00";"237";"Acidente s";"348";"BR-386/RS";"Sul";"Colisão - Lateral";1;0;1;0;0;0;0;0;0;0;2;0;0;0;0
"15/04/2021";"06:25:00";"254";"Acidente c";"385";"BR-386/RS";"Ambos";"Queda de ribanceira";0;0;0;1;0;0;0;0;0;0;0;0;0;1;0
"15/04/2021";"06:36:00";"256";"Acidente s";"71";"BR-101/RS";"Norte";"Colisão - Lateral";1;0;0;0;0;0;0;1;0;0;2;0;0;0;0
"16/04/2021";"01:26:00";"9";"Acidente c";"92";"BR-290/RS";"Oeste";"Choque com veículo na faixa de rolamento";1;0;0;1;0;0;0;0;0;0;1;0;1;0;0
"16/04/2021";"04:10:00";"18";"Acidente s";"84";"BR-101/RS";"Norte";"Atropelamento de Animal";0;0;0;0;0;0;0;0;0;1;1;0;0;0;0
"16/04/2021";"05:19:00";"22";"Acidente c";"417";"BR-386/RS";"Sul";"Colisão - Frontal";1;0;0;0;0;1;0;0;0;0;1;1;2;0;0
"16/04/2021";"02:15:00";"176";"Acidente s";"8";"BR-101/RS";"Norte";"Colisão - Lateral";1;0;0;0;0;0;0;0;0;0;1;0;0;0;0
"16/04/2021";"02:46:00";"181";"Acidente s";"41";"BR-290/RS";"Oeste";"Queda de ribanceira";1;0;0;0;0;0;0;0;0;0;2;0;0;0;0
"16/04/2021";"04:45:00";"210";"Acidente s";"351";"BR-386/RS";"Norte";"Colisão - Traseira";2;0;0;0;0;0;0;0;0;0;2;0;0;0;0
"16/04/2021";"06:48:00";"238";"Acidente c";"325";"BR-386/RS";"Sul";"Colisão - Lateral";1;0;0;1;0;0;0;0;0;0;1;0;1;0;0
"16/04/2021";"07:54:00";"249";"Acidente s";"8";"BR-101/RS";"Norte";"Colisão - Lateral";1;0;0;0;0;0;0;0;0;0;2;0;0;0;0
"16/04/2021";"10:22:00";"270";"Acidente s";"2";"BR-101/RS";"Norte";"Colisão - Lateral";0;0;0;0;0;0;0;0;0;1;2;0;0;0;0
"17/04/2021";"03:46:00";"13";"Acidente s";"63";"BR-290/RS";"Leste";"Colisão - Frontal";1;0;0;0;0;0;0;1;0;0;2;0;0;0;0
"17/04/2021";"04:29:00";"16";"Acidente c";"80";"BR-290/RS";"Oeste";"Colisão - Frontal";2;0;0;0;0;0;0;0;0;0;0;0;0;1;1
"17/04/2021";"10:08:00";"86";"Acidente s";"256";"BR-386/RS";"Norte";"Queda de ribanceira";1;0;0;0;0;0;0;0;0;0;2;0;0;0;0
"17/04/2021";"02:23:00";"131";"Acidente s";"31";"BR-290/RS";"Oeste";"Queda de ribanceira";1;0;0;0;0;0;0;0;0;0;2;0;0;0;0
"17/04/2021";"03:04:00";"139";"Acidente s";"356";"BR-386/RS";"Norte";"Colisão - Lateral";2;0;0;0;0;0;0;0;0;0;2;0;0;0;0
"17/04/2021";"05:39:00";"162";"Acidente c";"415";"BR-386/RS";"Ambos";"Colisão - Frontal";2;0;0;0;0;0;0;0;0;0;0;0;4;0;0
"17/04/2021";"07:06:00";"173";"Acidente s";"19";"BR-290/RS";"Leste";"Choque Praça - Cabine";0;0;0;0;0;0;0;0;0;1;3;0;0;0;0
"18/04/2021";"01:05:00";"2";"Acidente s";"70";"BR-290/RS";"Leste";"Colisão - Traseira";1;0;1;0;0;0;0;0;0;0;2;0;0;0;0
"18/04/2021";"05:48:00";"11";"Acidente s";"417";"BR-386/RS";"Norte";"Queda de ribanceira";1;0;0;0;0;0;0;0;0;0;2;0;0;0;0
"18/04/2021";"10:28:00";"67";"Acidente c";"372";"BR-386/RS";"Norte";"Queda de ribanceira";1;0;0;0;0;0;0;0;0;0;0;0;2;0;0