data;horario;n_da_ocorrencia;tipo_de_ocorrencia;km;trecho;sentido;tipo_de_acidente;automovel;bicicleta;caminhao;moto;onibus;outros;tracao_animal;transporte_de_cargas_especiais;trator_maquinas;utilitarios;ilesos;levemente_feridos;moderadamente_feridos;gravemente_feridos;mortos
"08/05/2021";"09:08:00";"81";"Acidente c";"94";"BR-290/RS";"Oeste";"Queda de moto";0;0;0;1;0;0;0;0;0;0;1;1;0;0;0
"08/05/2021";"09:47:00";"97";"Acidente s";"92";"BR-290/RS";"Leste";"Colisão - Lateral";2;0;0;0;0;0;0;0;0;0;6;0;0;0;0
"08/05/2021";"02:15:00";"168";"Acidente c";"86";"BR-101/RS";"Sul";"Tombamento";0;0;0;0;0;0;0;1;0;0;0;0;1;0;0
"08/05/2021";"04:37:00";"201";"Acidente s";"91";"BR-290/RS";"Oeste";"Colisão - Traseira";1;0;0;0;0;0;0;0;0;1;2;0;0;0;0
"08/05/2021";"06:02:00";"221";"Acidente s";"270";"BR-386/RS";"Norte";"Colisão - Traseira";2;0;0;0;0;0;0;0;0;0;1;0;0;0;0
"08/05/2021";"06:06:00";"222";"Acidente s";"42";"BR-290/RS";"Oeste";"Saída de pista";1;0;0;0;0;0;0;0;0;0;1;0;0;0;0
"08/05/2021";"06:12:00";"225";"Acidente c";"229";"BR-386/RS";"Norte";"Colisão - Frontal";1;0;0;1;0;0;0;0;0;0;2;1;0;0;0
"08/05/2021";"11:45:00";"278";"Acidente s";"270";"BR-386/RS";"Norte";"Queda de ribanceira";1;0;0;0;0;0;0;0;0;0;1;0;0;0;0
"09/05/2021";"11:54:00";"81";"Acidente c";"443";"BR-386/RS";"Ambos";"Colisão - Traseira";2;0;0;0;0;0;0;0;0;0;3;2;0;0;0
"09/05/2021";"01:41:00";"90";"Acidente s";"353";"BR-386/RS";"Norte";"Queda de ribanceira";1;0;0;0;0;0;0;0;0;0;1;0;0;0;0
"09/05/2021";"02:23:00";"93";"Acidente s";"60";"BR-290/RS";"Leste";"Colisão - Lateral";2;0;0;0;0;0;0;0;0;0;2;0;0;0;0
"09/05/2021";"04:34:00";"113";"Acidente s";"249";"BR-386/RS";"Sul";"Colisão - Traseira";2;0;0;0;0;0;0;0;0;0;2;0;0;0;0
"09/05/2021";"06:19:00";"142";"Acidente s";"239";"BR-386/RS";"Norte";"Engavetamento";3;0;0;0;0;0;0;0;0;0;8;0;0;0;0
"09/05/2021";"07:38:00";"162";"Acidente c";"345";"BR-386/RS";"Sul";"Colisão - Lateral";2;0;0;0;0;0;0;0;0;0;4;1;0;0;0
"09/05/2021";"07:46:00";"167";"Acidente s";"247";"BR-386/RS";"Norte";"Saída de pista";1;0;0;0;0;0;0;0;0;0;1;0;0;0;0
"09/05/2021";"07:54:00";"170";"Acidente s";"430";"BR-386/RS";"Sul";"Colisão - Frontal";2;0;0;0;0;0;0;0;0;0;4;0;0;0;0
"09/05/2021";"08:54:00";"183";"Acidente s";"423";"BR-386/RS";"Norte";"Outros";1;0;0;0;0;0;0;0;0;0;1;0;0;0;0
"10/05/2021";"08:03:00";"59";"Acidente c";"327";"BR-386/RS";"Sul";"Colisão - Traseira";1;0;0;1;0;0;0;0;0;0;1;0;1;0;0
"10/05/2021";"08:12:00";"65";"Acidente s";"325";"BR-386/RS";"Sul";"Queda de ribanceira";1;0;0;0;0;0;0;0;0;0;1;0;0;0;0
"10/05/2021";"09:35:00";"107";"Acidente s";"91";"BR-290/RS";"Leste";"Colisão - Lateral";2;0;0;0;0;0;0;0;0;0;3;0;0;0;0
"10/05/2021";"11:13:00";"137";"Acidente s";"1";"BR-101/RS";"Sul";"Colisão - Lateral";1;0;0;0;0;0;0;0;0;0;2;0;0;0;0
"10/05/2021";"11:31:00";"141";"Acidente c";"243";"BR-386/RS";"Norte";"Queda de ribanceira";1;0;0;0;0;0;0;0;0;0;0;2;0;0;0
"10/05/2021";"12:29:00";"159";"Acidente s";"70";"BR-290/RS";"Oeste";"Colisão - Lateral";1;0;0;0;0;0;0;0;0;0;3;0;0;0;0
"10/05/2021";"01:32:00";"175";"Acidente c";"442";"BR-386/RS";"Sul";"Queda de moto";0;0;0;1;0;0;0;0;0;0;0;0;1;0;0
"10/05/2021";"01:45:00";"177";"Acidente c";"353";"BR-386/RS";"Norte";"Colisão - Lateral";0;0;2;0;0;0;0;0;0;0;1;1;0;0;0
"10/05/2021";"03:23:00";"198";"Acidente c";"250";"BR-386/RS";"Norte";"Colisão - Traseira";1;0;0;0;0;1;0;0;0;0;1;2;0;0;0
"10/05/2021";"04:23:00";"208";"Acidente c";"356";"BR-386/RS";"Sul";"Colisão - Traseira";1;0;1;0;0;0;0;0;0;0;5;1;0;0;0
"10/05/2021";"04:24:00";"210";"Acidente s";"384";"BR-386/RS";"Norte";"Colisão - Traseira";1;0;0;0;0;1;0;0;0;0;2;0;0;0;0
"10/05/2021";"05:00:00";"217";"Acidente s";"60";"BR-290/RS";"Oeste";"Queda de moto";1;0;0;0;0;0;0;0;0;0;1;0;0;0;0
"10/05/2021";"06:06:00";"228";"Atropelame";"20";"BR-101/RS";"Norte";"Capotamento";0;0;0;1;0;0;0;0;0;0;0;1;1;0;0
"10/05/2021";"08:30:00";"253";"Acidente s";"291";"BR-386/RS";"Norte";"Colisão - Lateral";1;0;0;0;0;0;0;0;0;0;1;0;0;0;0
"10/05/2021";"08:39:00";"254";"Atropelame";"215";"BR-386/RS";"Norte";"Atropelamento - Usuário";0;0;0;0;0;0;0;0;0;1;1;0;1;0;0
"11/05/2021";"06:57:00";"18";"Acidente s";"92";"BR-290/RS";"Oeste";"Colisão - Lateral";1;0;1;0;0;0;0;0;0;0;3;0;0;0;0
"11/05/2021";"07:14:00";"21";"Acidente c";"443";"BR-386/RS";"Norte";"Colisão - Frontal";2;0;0;0;0;0;0;0;0;1;1;0;2;1;1
"11/05/2021";"01:05:00";"119";"Acidente s";"242";"BR-386/RS";"Sul";"Colisão - Lateral";1;0;0;0;0;0;0;1;0;0;4;0;0;0;0
"11/05/2021";"03:10:00";"145";"Acidente s";"351";"BR-386/RS";"Norte";"Tombamento";0;0;0;0;0;0;0;1;0;0;1;0;0;0;0
"11/05/2021";"04:13:00";"163";"Acidente s";"363";"BR-386/RS";"Norte";"Saída de pista";0;0;0;0;0;0;0;1;0;0;1;0;0;0;0
"11/05/2021";"06:39:00";"191";"Acidente s";"277";"BR-386/RS";"Sul";"Colisão - Lateral";2;0;0;0;0;0;0;0;0;0;2;0;0;0;0
"11/05/2021";"07:05:00";"193";"Acidente s";"246";"BR-386/RS";"Norte";"Saída de pista";2;0;0;0;0;0;0;0;0;0;4;0;0;0;0
"11/05/2021";"07:46:00";"199";"Acidente c";"90";"BR-290/RS";"Leste";"Choque Defensa";1;0;0;0;0;0;0;0;0;0;0;0;1;0;0
"12/05/2021";"09:07:00";"101";"Acidente c";"215";"BR-386/RS";"Sul";"Colisão - Frontal";1;0;1;0;0;0;0;0;0;0;1;4;1;0;0
"12/05/2021";"10:20:00";"120";"Acidente c";"342";"BR-386/RS";"Norte";"Colisão - Lateral";1;0;0;1;0;0;0;0;0;0;1;0;1;0;0
"12/05/2021";"05:36:00";"232";"Acidente s";"380";"BR-386/RS";"Norte";"Queda de moto";0;0;0;1;0;0;0;0;0;0;1;0;0;0;0
"12/05/2021";"06:16:00";"238";"Acidente s";"12";"BR-448/RS";"Norte";"Colisão - Traseira";2;0;0;0;0;0;0;0;0;0;5;0;0;0;0
"12/05/2021";"06:25:00";"242";"Acidente c";"347";"BR-386/RS";"Norte";"Colisão - Traseira";1;0;0;1;0;0;0;0;0;0;0;2;0;0;0
"12/05/2021";"07:20:00";"252";"Acidente c";"92";"BR-290/RS";"Leste";"Choque Barreira";0;0;1;0;0;0;0;1;0;0;1;0;1;0;0
"12/05/2021";"11:53:00";"277";"Acidente s";"86";"BR-290/RS";"Leste";"Queda de ribanceira";1;0;0;0;0;0;0;0;0;0;1;0;0;0;0
"13/05/2021";"07:36:00";"29";"Acidente s";"342";"BR-386/RS";"Norte";"Colisão - Lateral";1;0;1;0;0;0;0;0;0;0;4;0;0;0;0
"13/05/2021";"04:36:00";"200";"Acidente c";"439";"BR-386/RS";"Sul";"Colisão - Lateral";1;0;0;0;0;0;0;0;0;1;1;0;2;0;0
"13/05/2021";"06:53:00";"226";"Atropelame";"24";"BR-101/RS";"Norte";"Atropelamento - Usuário";0;0;0;1;0;0;0;0;0;0;1;1;0;0;0
"13/05/2021";"07:24:00";"233";"Acidente s";"435";"BR-386/RS";"Sul";"Colisão - Transversal";2;0;0;0;0;0;0;0;0;0;3;0;0;0;0
"13/05/2021";"08:08:00";"236";"Acidente s";"45";"BR-290/RS";"Leste";"Queda de ribanceira";1;0;0;0;0;0;0;0;0;0;1;0;0;0;0
"13/05/2021";"09:58:00";"246";"Acidente s";"94";"BR-290/RS";"Leste";"Tombamento";0;0;0;0;0;0;0;1;0;0;1;0;0;0;0
"13/05/2021";"11:26:00";"255";"Acidente s";"440";"BR-386/RS";"Sul";"Choque - Poste";1;0;0;0;0;0;0;0;0;0;1;0;0;0;0
"14/05/2021";"07:16:00";"254";"Acidente s";"1";"BR-290/RS";"Leste";"Queda de ribanceira";1;0;0;0;0;0;0;0;0;0;1;0;0;0;0
"14/05/2021";"07:47:00";"261";"Acidente s";"196";"BR-386/RS";"Norte";"Colisão - Traseira";2;0;1;0;0;0;0;0;0;1;8;0;0;0;0
"14/05/2021";"11:23:00";"291";"Atropelame";"215";"BR-386/RS";"Sul";"Atropelamento - Andarilho";1;0;0;0;0;0;0;0;0;0;2;0;0;0;1
"15/05/2021";"09:01:00";"51";"Acidente c";"346";"BR-386/RS";"Sul";"Capotamento";1;0;0;0;0;0;0;0;0;0;0;1;0;0;0
"15/05/2021";"09:07:00";"53";"Acidente s";"366";"BR-386/RS";"Norte";"Tombamento";0;0;0;0;0;1;0;0;0;0;1;0;0;0;0
"15/05/2021";"10:11:00";"69";"Acidente c";"253";"BR-386/RS";"Sul";"Queda de ribanceira";1;0;0;0;0;0;0;0;0;0;0;1;0;0;0
"16/05/2021";"02:08:00";"11";"Acidente c";"362";"BR-386/RS";"Sul";"Saída de pista";1;0;0;0;0;0;0;0;0;0;0;1;0;0;0
"16/05/2021";"05:05:00";"18";"Acidente c";"349";"BR-386/RS";"Norte";"Queda de moto";0;0;0;1;0;0;0;0;0;0;0;1;0;0;0
"16/05/2021";"07:11:00";"25";"Acidente c";"414";"BR-386/RS";"Norte";"Capotamento";1;0;0;0;0;0;0;0;0;0;2;0;1;0;0
"16/05/2021";"06:25:00";"141";"Acidente s";"348";"BR-386/RS";"Norte";"Colisão - Traseira";1;0;0;1;0;0;0;0;0;0;4;0;0;0;0
"16/05/2021";"06:41:00";"146";"Acidente s";"77";"BR-290/RS";"Leste";"Colisão - Lateral";2;0;0;0;0;0;0;0;0;0;2;0;0;0;0
"16/05/2021";"11:26:00";"203";"Acidente s";"251";"BR-386/RS";"Sul";"Choque Defensa";1;0;0;0;0;0;0;0;0;0;1;0;0;0;0
"17/05/2021";"02:03:00";"7";"Acidente s";"71";"BR-101/RS";"Sul";"Saída de pista";1;0;0;0;0;0;0;0;0;0;1;0;0;0;0
"17/05/2021";"08:13:00";"58";"Acidente c";"1";"BR-448/RS";"Sul";"Queda de moto";0;0;0;1;0;0;0;0;0;0;0;1;0;0;0
"17/05/2021";"08:28:00";"64";"Acidente c";"87";"BR-101/RS";"Norte";"Queda de moto";0;0;0;1;0;0;0;0;0;0;0;0;0;1;0
"17/05/2021";"01:15:00";"151";"Acidente s";"438";"BR-386/RS";"Norte";"Colisão - Lateral";1;0;0;1;0;0;0;0;0;0;3;0;0;0;0
"17/05/2021";"01:51:00";"160";"Acidente s";"95";"BR-290/RS";"Leste";"Outros";0;0;0;1;0;0;0;0;0;0;1;0;0;0;0
"17/05/2021";"02:41:00";"172";"Acidente c";"343";"BR-386/RS";"Sul";"Colisão - Frontal";2;0;1;0;0;0;0;0;0;0;3;1;0;1;0
"17/05/2021";"05:14:00";"204";"Acidente s";"417";"BR-386/RS";"Norte";;0;0;0;0;0;0;0;1;0;0;1;0;0;0;0
"18/05/2021";"05:51:00";"11";"Acidente c";"406";"BR-386/RS";"Norte";"Choque - Arvore";1;0;0;0;0;0;0;0;0;0;1;1;0;0;0
"18/05/2021";"11:18:00";"120";"Acidente c";"19";"BR-290/RS";"Leste";"Queda de moto";0;0;0;1;0;0;0;0;0;0;0;2;0;0;0
"18/05/2021";"03:26:00";"172";"Acidente s";"333";"BR-386/RS";"Norte";"Queda de ribanceira";1;0;0;0;0;0;0;0;0;0;2;0;0;0;0
"18/05/2021";"05:26:00";"192";"Acidente s";"413";"BR-386/RS";"Norte";"Colisão - Lateral";1;0;0;1;0;0;0;0;0;0;3;0;0;0;0
"18/05/2021";"07:06:00";"207";"Acidente c";"23";"BR-290/RS";"Leste";"Queda de moto";0;0;0;1;0;0;0;0;0;0;0;1;0;0;0
"19/05/2021";"04:37:00";"8";"Acidente s";"64";"BR-101/RS";"Sul";"Choque Barreira";0;0;1;0;0;0;0;0;0;0;1;0;0;0;0
"19/05/2021";"06:26:00";"10";"Acidente s";"22";"BR-101/RS";"Sul";"Colisão - Traseira";0;0;2;0;0;0;0;0;0;0;2;0;0;0;0
"19/05/2021";"06:42:00";"16";"Acidente s";"64";"BR-101/RS";"Sul";"Colisão - Lateral";0;0;0;0;0;0;0;0;0;1;2;0;0;0;0
"19/05/2021";"07:09:00";"26";"Acidente s";"426";"BR-386/RS";"Norte";"Colisão - Lateral";1;0;0;0;0;0;0;1;0;0;2;0;0;0;0
"19/05/2021";"11:28:00";"127";"Acidente s";"64";"BR-290/RS";"Leste";"Capotamento";1;0;0;0;0;0;0;0;0;0;1;0;0;0;0
"19/05/2021";"12:00:00";"131";"Acidente c";"343";"BR-386/RS";"Norte";"Colisão - Transversal";1;0;0;1;0;0;0;0;0;0;1;1;0;0;0
"19/05/2021";"04:49:00";"191";"Acidente c";"415";"BR-386/RS";"Norte";"Colisão - Traseira";2;0;1;0;0;0;0;0;0;0;2;0;1;0;0
"19/05/2021";"09:36:00";"227";"Acidente c";"15";"BR-448/RS";"Norte";"Capotamento";1;0;0;0;0;0;0;0;0;0;0;1;0;0;0
"19/05/2021";"10:14:00";"236";"Acidente s";"29";"BR-290/RS";"Leste";"Queda de moto";0;0;0;1;0;0;0;0;0;0;1;0;0;0;0
"20/05/2021";"07:31:00";"43";"Acidente s";"380";"BR-386/RS";"Norte";"Queda de ribanceira";1;0;0;0;0;0;0;0;0;0;1;0;0;0;0
"20/05/2021";"08:10:00";"73";"Acidente s";"87";"BR-290/RS";"Oeste";"Colisão - Traseira";1;0;1;0;0;0;0;0;0;0;3;0;0;0;0
"20/05/2021";"05:57:00";"195";"Acidente s";"346";"BR-386/RS";"Sul";"Colisão - Traseira";2;0;0;0;0;0;0;0;0;0;2;0;0;0;0
"20/05/2021";"05:57:00";"191";"Acidente s";"345";"BR-386/RS";"Sul";"Colisão - Traseira";1;0;0;0;0;1;0;0;0;0;2;0;0;0;0
"20/05/2021";"09:58:00";"225";"Acidente s";"312";"BR-386/RS";"Sul";"Choque Barreira";1;0;0;0;0;0;0;0;0;0;1;0;0;0;0
"21/05/2021";"04:59:00";"17";"Acidente s";"303";"BR-386/RS";"Norte";"Saída de pista";0;0;0;0;0;0;0;0;0;1;1;0;0;0;0
"21/05/2021";"07:28:00";"41";"Acidente s";"404";"BR-386/RS";"Norte";"Queda de ribanceira";0;0;1;0;0;0;0;0;0;0;1;0;0;0;0
"21/05/2021";"09:38:00";"98";"Acidente s";"262";"BR-386/RS";"Sul";"Choque Praça - Cabine";0;0;1;0;0;0;0;0;0;0;3;0;0;0;0
"21/05/2021";"11:35:00";"120";"Acidente s";"68";"BR-101/RS";"Sul";"Choque com objeto sobre a pista";1;0;0;0;0;0;0;0;0;0;2;0;0;0;0
"21/05/2021";"11:44:00";"122";"Acidente s";"299";"BR-386/RS";"Norte";"Choque - Arvore";0;0;0;0;0;0;0;1;0;0;1;0;0;0;0
"21/05/2021";"11:45:00";"123";"Acidente s";"306";"BR-386/RS";"Norte";"Queda de ribanceira";0;0;0;0;0;0;0;0;0;1;1;0;0;0;0
"21/05/2021";"12:58:00";"138";"Acidente s";"348";"BR-386/RS";"Norte";"Engavetamento";3;0;0;0;0;0;0;0;0;1;5;0;0;0;0
"21/05/2021";"01:25:00";"144";"Acidente s";"395";"BR-386/RS";"Sul";;1;0;0;0;0;0;0;0;0;0;1;0;0;0;0
"21/05/2021";"02:48:00";"154";"Acidente s";"72";"BR-290/RS";"Leste";"Queda de ribanceira";1;0;0;0;0;0;0;0;0;0;2;0;0;0;0
"21/05/2021";"02:50:00";"155";"Acidente c";"50";"BR-290/RS";"Leste";"Capotamento";1;0;0;0;0;0;0;0;0;0;1;1;0;0;0
"21/05/2021";"03:34:00";"163";"Acidente s";"396";"BR-386/RS";"Norte";"Saída de pista";1;0;0;0;0;0;0;0;0;0;2;0;0;0;0
"21/05/2021";"04:20:00";"175";"Acidente s";"366";"BR-386/RS";"Norte";"Colisão - Lateral";2;0;0;0;0;0;0;0;0;0;3;0;0;0;0
"21/05/2021";"04:26:00";"178";"Acidente c";"410";"BR-386/RS";"Sul";"Colisão - Frontal";3;0;0;0;0;0;0;0;0;0;4;0;2;0;0
"21/05/2021";"05:16:00";"187";"Acidente s";"88";"BR-290/RS";"Oeste";"Colisão - Traseira";2;0;0;0;0;0;0;0;0;0;3;0;0;0;0
"21/05/2021";"05:40:00";"193";"Acidente s";"38";"BR-290/RS";"Oeste";"Saída de pista";1;0;0;0;0;0;0;0;0;0;1;0;0;0;0
"21/05/2021";"05:55:00";"197";"Acidente s";"87";"BR-101/RS";"Sul";"Queda de ribanceira";1;0;0;0;0;0;0;0;0;0;4;0;0;0;0
"21/05/2021";"06:00:00";"199";"Acidente s";"79";"BR-290/RS";"Oeste";"Colisão - Traseira";2;0;0;0;0;0;0;0;0;0;2;0;0;0;0
"21/05/2021";"06:20:00";"202";"Atropelame";"346";"BR-386/RS";"Sul";"Atropelamento - Morador/Trabalhador/Estudante";1;0;0;0;0;0;0;0;0;0;1;1;0;0;0
"21/05/2021";"07:17:00";"212";"Acidente s";"359";"BR-386/RS";"Sul";"Saída de pista";1;0;0;0;0;0;0;0;0;0;1;0;0;0;0
"21/05/2021";"07:45:00";"219";"Acidente c";"86";"BR-101/RS";"Norte";"Capotamento";1;0;0;0;0;0;0;0;0;0;1;1;0;0;0
"21/05/2021";"08:53:00";"227";"Acidente s";"410";"BR-386/RS";"Norte";"Saída de pista";1;0;0;0;0;0;0;0;0;0;1;0;0;0;0
"21/05/2021";"10:03:00";"236";"Acidente s";"94";"BR-290/RS";"Leste";"Choque Defensa";1;0;0;0;0;0;0;0;0;0;1;0;0;0;0
"21/05/2021";"10:34:00";"245";"Acidente c";"28";"BR-290/RS";"Leste";"Queda de ribanceira";1;0;0;0;0;0;0;0;0;0;0;0;0;1;0
"21/05/2021";"10:43:00";"246";"Acidente s";"76";"BR-290/RS";"Oeste";"Choque Defensa";1;0;0;0;0;0;0;0;0;0;1;0;0;0;0
"21/05/2021";"10:55:00";"248";"Acidente s";"347";"BR-386/RS";"Norte";"Saída de pista";1;0;0;0;0;0;0;0;0;0;1;0;0;0;0
"22/05/2021";"01:07:00";"2";"Acidente s";"11";"BR-290/RS";"Oeste";"Queda de ribanceira";1;0;0;0;0;0;0;0;0;0;1;0;0;0;0
"22/05/2021";"05:44:00";"10";"Acidente s";"1";"BR-448/RS";"Sul";"Capotamento";1;0;0;0;0;0;0;0;0;0;2;0;0;0;0
"22/05/2021";"07:43:00";"31";"Acidente s";"75.55";"BR-290/RS";"Leste";"Queda de ribanceira";1;0;0;0;0;0;0;0;0;0;1;0;0;0;0
"22/05/2021";"09:49:00";"69";"Acidente c";"325";"BR-386/RS";"Ambos";"Colisão - Transversal";2;0;0;0;0;0;0;0;0;0;4;1;0;0;0
"22/05/2021";"03:11:00";"128";"Acidente s";"63";"BR-290/RS";"Leste";;0;0;0;0;0;1;0;0;0;0;2;0;0;0;0
"22/05/2021";"06:40:00";"168";"Acidente s";"80.19";"BR-290/RS";"Oeste";"Queda de Carga";2;0;0;0;0;0;0;0;0;0;2;0;0;0;0
"22/05/2021";"07:13:00";"174";"Acidente s";"431";"BR-386/RS";"Sul";"Choque - Meio Fio";3;0;0;1;0;0;0;1;0;0;6;0;0;0;0
"22/05/2021";"07:44:00";"178";"Acidente s";"6";"BR-290/RS";"Oeste";"Saída de pista";1;0;0;0;0;0;0;0;0;0;4;0;0;0;0
"22/05/2021";"10:59:00";"201";"Acidente s";"34";"BR-290/RS";"Leste";"Atropelamento de Animal";1;0;0;0;0;0;0;0;0;0;2;0;0;0;0
"23/05/2021";"05:15:00";"124";"Acidente s";"60";"BR-290/RS";"Leste";"Colisão - Traseira";1;0;0;1;0;0;0;0;0;0;2;0;0;0;0
"23/05/2021";"07:09:00";"146";"Acidente s";"76";"BR-101/RS";"Norte";"Saída de pista";1;0;0;0;0;0;0;0;0;0;2;0;0;0;0
"24/05/2021";"02:04:00";"7";"Acidente s";"32";"BR-290/RS";"Leste";"Queda de ribanceira";1;0;0;0;0;0;0;0;0;0;1;0;0;0;0
"24/05/2021";"08:15:00";"67";"Acidente s";"89";"BR-290/RS";"Oeste";"Colisão - Traseira";1;0;0;0;0;0;0;1;0;0;2;0;0;0;0
"24/05/2021";"05:26:00";"240";"Acidente s";"347";"BR-386/RS";"Norte";"Colisão - Traseira";2;0;0;0;0;0;0;0;0;0;2;0;0;0;0
"24/05/2021";"09:40:00";"272";"Acidente c";"31";"BR-290/RS";"Leste";"Colisão - Traseira";1;0;0;1;0;0;0;0;0;0;1;0;0;0;1
"25/05/2021";"07:30:00";"37";"Acidente s";"428";"BR-386/RS";"Norte";"Colisão - Transversal";2;0;0;0;0;0;0;0;0;0;2;0;0;0;0
"25/05/2021";"02:16:00";"153";"Acidente c";"56";"BR-290/RS";"Leste";"Queda de ribanceira";1;0;0;0;0;0;0;0;0;0;0;1;0;0;0
"25/05/2021";"06:09:00";"199";"Acidente s";"86";"BR-101/RS";"Norte";"Tombamento";0;0;0;0;0;0;0;1;0;0;1;0;0;0;0
"25/05/2021";"06:47:00";"212";"Acidente s";"88";"BR-290/RS";"Leste";"Engavetamento";3;0;1;0;0;0;0;0;0;0;4;0;0;0;0
"25/05/2021";"08:03:00";"232";"Atropelame";"69";"BR-290/RS";"Oeste";"Atropelamento - Usuário";1;0;0;0;0;0;0;0;0;0;1;0;1;0;0
"25/05/2021";"09:34:00";"235";"Acidente s";"398";"BR-386/RS";"Norte";"Saída de pista";0;0;0;0;0;0;0;1;0;0;1;0;0;0;0
"26/05/2021";"05:20:00";"7";"Acidente s";"63";"BR-101/RS";"Norte";"Saída de pista";1;0;0;0;0;0;0;0;0;0;1;0;0;0;0
"26/05/2021";"02:01:00";"151";"Acidente s";"8";"BR-448/RS";"Sul";"Choque com veículo no acostamento";0;0;2;0;0;0;0;0;0;0;3;0;0;0;0
"26/05/2021";"02:45:00";"161";"Acidente c";"226";"BR-386/RS";"Sul";"Queda de ribanceira";0;0;1;0;0;0;0;0;0;0;0;1;1;0;0
"26/05/2021";"05:20:00";"195";"Acidente s";"437";"BR-386/RS";"Sul";"Colisão - Lateral";2;0;1;0;0;0;0;0;0;0;3;0;0;0;0
"27/05/2021";"04:49:00";"17";"Acidente s";"65";"BR-290/RS";"Leste";"Queda de ribanceira";0;0;1;0;0;0;0;0;0;0;1;0;0;0;0
"27/05/2021";"09:51:00";"104";"Acidente s";"19";"BR-290/RS";"Leste";"Colisão - Traseira";0;0;2;0;0;0;0;0;0;0;2;0;0;0;0
"27/05/2021";"10:15:00";"110";"Acidente s";"239";"BR-386/RS";"Norte";"Colisão - Traseira";0;0;0;0;0;1;0;0;0;1;2;0;0;0;0
"27/05/2021";"11:59:00";"133";"Acidente s";"28";"BR-290/RS";"Leste";"Queda de ribanceira";1;0;0;0;0;0;0;0;0;0;1;0;0;0;0
"27/05/2021";"03:46:00";"179";"Acidente s";"17";"BR-448/RS";"Norte";"Colisão - Traseira";2;0;0;0;0;0;0;0;0;0;4;0;0;0;0
"27/05/2021";"03:48:00";"180";"Acidente c";"1";"BR-290/RS";"Leste";"Queda de Ponte/Viaduto";1;0;0;0;0;0;0;0;0;0;0;1;0;0;0
"27/05/2021";"06:49:00";"201";"Acidente c";"365";"BR-386/RS";"Norte";"Colisão - Lateral";1;0;1;0;0;0;0;0;0;0;1;0;1;0;1
"27/05/2021";"10:23:00";"234";"Acidente s";"88";"BR-290/RS";"Leste";"Colisão - Traseira";2;0;0;0;0;0;0;0;0;0;3;0;0;0;0
"28/05/2021";"04:10:00";"7";"Acidente s";"13";"BR-290/RS";"Oeste";"Queda de ribanceira";0;0;0;0;0;0;0;0;0;1;1;0;0;0;0
"28/05/2021";"12:17:00";"114";"Acidente s";"417";"BR-386/RS";"Sul";"Saída de pista";1;0;0;0;0;0;0;0;0;0;1;0;0;0;0
"28/05/2021";"12:21:00";"115";"Acidente c";"348";"BR-386/RS";"Sul";;2;0;0;0;0;0;0;0;0;0;1;1;0;0;0
"28/05/2021";"12:25:00";"116";"Acidente s";"85";"BR-290/RS";"Leste";"Choque Defensa";1;0;0;0;0;0;0;0;0;0;1;0;0;0;0
"28/05/2021";"12:58:00";"120";"Acidente s";"11";"BR-290/RS";"Oeste";"Queda de ribanceira";1;0;0;0;0;0;0;0;0;0;1;0;0;0;0
"28/05/2021";"01:29:00";"123";"Acidente s";"272";"BR-386/RS";"Norte";"Queda de ribanceira";1;0;0;0;0;0;0;0;0;0;2;0;0;0;0
"28/05/2021";"02:13:00";"129";"Acidente s";"365";"BR-386/RS";"Norte";"Saída de pista";1;0;0;0;0;0;0;0;0;0;2;0;0;0;0
"28/05/2021";"02:33:00";"131";"Acidente s";"411";"BR-386/RS";"Sul";"Capotamento";1;0;0;0;0;0;0;0;0;0;4;0;0;0;0
"28/05/2021";"02:37:00";"132";"Acidente s";"33";"BR-290/RS";"Oeste";"Queda de ribanceira";1;0;0;0;0;0;0;0;0;0;3;0;0;0;0
"28/05/2021";"02:38:00";"133";"Acidente s";"426";"BR-386/RS";"Sul";"Colisão - Traseira";2;0;0;0;0;0;0;0;0;0;2;0;0;0;0
"28/05/2021";"03:16:00";"137";"Acidente s";"65";"BR-290/RS";"Oeste";;0;0;0;0;0;0;0;0;0;1;1;0;0;0;0
"28/05/2021";"03:16:00";"138";"Acidente s";"305";"BR-386/RS";"Sul";"Saída de pista";1;0;0;0;0;0;0;0;0;0;1;0;0;0;0
"28/05/2021";"03:39:00";"142";"Acidente s";"417";"BR-386/RS";"Sul";"Saída de pista";1;0;0;0;0;0;0;0;0;0;1;0;0;0;0
"28/05/2021";"03:42:00";"144";"Acidente s";"22";"BR-290/RS";"Leste";"Queda de ribanceira";1;0;0;0;0;0;0;0;0;0;1;0;0;0;0
"28/05/2021";"04:03:00";"150";"Acidente s";"352";"BR-386/RS";"Norte";"Choque Defensa";1;0;0;0;0;0;0;0;0;0;4;0;0;0;0
"28/05/2021";"04:55:00";"168";"Acidente s";"42";"BR-101/RS";"Norte";"Colisão - Lateral";0;0;0;0;0;2;0;0;0;0;2;0;0;0;0
"28/05/2021";"05:01:00";"171";"Acidente s";"440";"BR-386/RS";"Norte";"Saída de pista";1;0;0;0;0;0;0;0;0;0;2;0;0;0;0
"28/05/2021";"05:11:00";"178";"Acidente s";"376";"BR-386/RS";"Norte";"Colisão - Traseira";2;0;0;0;0;0;0;0;0;0;4;0;0;0;0
"28/05/2021";"05:26:00";"181";"Acidente s";"261";"BR-386/RS";"Norte";"Choque Defensa";1;0;0;0;0;0;0;0;0;0;1;0;0;0;0