data;horario;n_da_ocorrencia;tipo_de_ocorrencia;km;trecho;sentido;tipo_de_acidente;automovel;bicicleta;caminhao;moto;onibus;outros;tracao_animal;transporte_de_cargas_especiais;trator_maquinas;utilitarios;ilesos;levemente_feridos;moderadamente_feridos;gravemente_feridos;mortos
"01/08/2021";"07:51:00";"150";"Atropelame";"348";"BR-386/RS";"Norte";"Atropelamento - Usuário";1;0;0;0;0;0;0;0;0;0;1;0;0;1;0
"01/08/2021";"09:05:00";"161";"Acidente s";"81";"BR-290/RS";"Leste";"Queda de ribanceira";0;0;0;0;0;0;0;0;0;1;1;0;0;0;0
"01/08/2021";"09:42:00";"163";"Acidente s";"81";"BR-290/RS";"Leste";"Saída de pista";1;0;0;0;0;0;0;0;0;0;1;0;0;0;0
"02/08/2021";"04:37:00";"22";"Acidente s";"54";"BR-101/RS";"Norte";"Capotamento";1;0;0;0;0;0;0;0;0;0;1;0;0;0;0
"02/08/2021";"07:27:00";"45";"Acidente s";"86";"BR-290/RS";"Oeste";"Colisão - Lateral";1;0;0;0;0;0;0;1;0;0;4;0;0;0;0
"02/08/2021";"07:56:00";"55";"Acidente s";"283";"BR-386/RS";"Norte";"Saída de pista";1;0;0;0;0;0;0;0;0;0;1;0;0;0;0
"02/08/2021";"08:36:00";"71";"Acidente s";"1";"BR-290/RS";"Leste";;1;0;0;0;0;0;0;0;0;0;1;0;0;0;0
"02/08/2021";"09:57:00";"96";"Acidente s";"227";"BR-386/RS";"Sul";"Colisão - Lateral";1;0;0;0;0;1;0;0;0;0;3;0;0;0;0
"02/08/2021";"12:30:00";"117";"Acidente s";"409";"BR-386/RS";"Sul";"Colisão - Traseira";1;0;0;0;0;0;0;1;0;0;2;0;0;0;0
"02/08/2021";"02:15:00";"136";"Acidente s";"85";"BR-290/RS";"Leste";"Colisão - Lateral";1;0;0;0;0;0;0;1;0;0;2;0;0;0;0
"02/08/2021";"03:02:00";"146";"Acidente c";"92";"BR-290/RS";"Oeste";;1;0;0;1;0;0;0;0;0;0;1;0;0;2;0
"02/08/2021";"05:37:00";"174";"Acidente s";"98";"BR-290/RS";"Oeste";"Colisão - Traseira";1;0;0;0;0;0;0;0;0;0;1;0;0;0;0
"03/08/2021";"06:17:00";"172";"Acidente c";"235";"BR-386/RS";"Sul";"Colisão - Traseira";2;0;0;0;0;0;0;0;0;0;2;0;2;0;0
"03/08/2021";"07:10:00";"182";"Acidente c";"248";"BR-386/RS";"Norte";"Colisão - Transversal";1;0;0;0;0;0;0;1;0;0;1;1;0;0;0
"04/08/2021";"07:45:00";"49";"Acidente s";"227";"BR-386/RS";"Sul";"Saída de pista";0;0;1;0;0;0;0;0;0;0;1;0;0;0;0
"04/08/2021";"03:36:00";"165";"Acidente s";"89";"BR-290/RS";"Leste";;1;0;1;0;0;0;0;0;0;0;2;0;0;0;0
"04/08/2021";"04:49:00";"181";"Acidente s";"85";"BR-290/RS";"Leste";"Colisão - Lateral";1;0;0;0;0;0;0;1;0;0;4;0;0;0;0
"04/08/2021";"09:40:00";"217";"Acidente s";"53";"BR-290/RS";"Leste";"Tombamento";0;0;0;0;0;0;0;1;0;0;1;0;0;0;0
"04/08/2021";"09:44:00";"218";"Acidente s";"246";"BR-386/RS";"Sul";"Saída de pista";1;0;0;0;0;0;0;0;0;0;1;0;0;0;0
"05/08/2021";"02:55:00";"11";"Acidente s";"203";"BR-386/RS";"Ambos";"Queda de ribanceira";1;0;0;0;0;0;0;0;0;0;1;0;0;0;0
"05/08/2021";"08:40:00";"83";"Acidente c";"340";"BR-386/RS";"Sul";"Saída de pista";1;0;0;0;0;0;0;0;0;0;0;0;1;0;0
"05/08/2021";"01:27:00";"151";"Acidente s";"13";"BR-448/RS";"Norte";"Colisão - Traseira";1;0;0;0;0;0;0;1;0;0;5;0;0;0;0
"05/08/2021";"02:42:00";"166";"Acidente s";"327";"BR-386/RS";"Sul";"Engavetamento";1;0;1;0;0;0;0;0;0;1;4;0;0;0;0
"05/08/2021";"09:15:00";"239";"Acidente s";"40";"BR-101/RS";"Sul";"Saída de pista";1;0;0;0;0;0;0;0;0;0;5;0;0;0;0
"06/08/2021";"12:23:00";"5";"Acidente s";"68";"BR-290/RS";"Oeste";"Queda de ribanceira";1;0;0;0;0;0;0;0;0;0;1;0;0;0;0
"06/08/2021";"05:47:00";"22";"Acidente s";"228";"BR-386/RS";"Norte";"Colisão - Lateral";1;0;0;0;0;0;0;1;0;0;3;0;0;0;0
"06/08/2021";"06:21:00";"25";"Acidente s";"351";"BR-386/RS";"Norte";"Queda de ribanceira";1;0;0;0;0;0;0;0;0;0;1;0;0;0;0
"06/08/2021";"07:58:00";"65";"Acidente c";"78";"BR-290/RS";"Oeste";"Colisão - Traseira";1;0;1;0;0;0;0;0;0;0;1;1;0;0;0
"06/08/2021";"06:03:00";"225";"Acidente c";"436";"BR-386/RS";"Norte";"Colisão - Transversal";0;0;1;1;0;0;0;0;0;0;1;0;1;0;0
"06/08/2021";"06:11:00";"228";"Acidente s";"77";"BR-290/RS";"Leste";"Colisão - Traseira";2;0;0;0;0;0;0;0;0;0;3;0;0;0;0
"07/08/2021";"02:30:00";"10";"Acidente c";"15";"BR-448/RS";"Sul";"Outros";0;0;0;1;0;0;0;0;0;0;0;1;0;0;0
"07/08/2021";"05:16:00";"19";"Acidente s";"255";"BR-386/RS";"Sul";"Saída de pista";0;0;1;0;0;0;0;0;0;0;1;0;0;0;0
"07/08/2021";"10:49:00";"79";"Acidente s";"92";"BR-290/RS";"Ambos";"Colisão - Traseira";2;0;0;0;0;0;0;0;0;0;2;0;0;0;0
"07/08/2021";"11:30:00";"89";"Acidente c";"352";"BR-386/RS";"Sul";"Saída de pista";1;0;0;0;0;0;0;0;0;0;0;1;0;0;0
"07/08/2021";"03:50:00";"135";"Acidente s";"220";"BR-386/RS";"Sul";"Colisão - Transversal";2;0;0;0;0;0;0;0;0;0;5;0;0;0;0
"07/08/2021";"06:21:00";"163";"Acidente c";"84";"BR-290/RS";"Leste";"Queda de moto";0;0;0;1;0;0;0;0;0;0;0;1;0;0;0
"07/08/2021";"07:11:00";"178";"Acidente c";"180";"BR-386/RS";"Norte";"Choque Defensa";1;0;0;0;0;0;0;0;0;0;0;1;0;0;0
"07/08/2021";"08:25:00";"192";"Acidente c";"5";"BR-101/RS";"Norte";"Atropelamento de Animal";1;0;0;1;0;0;0;0;0;0;2;1;0;0;0
"07/08/2021";"10:08:00";"202";"Acidente s";"22";"BR-290/RS";"Ambos";"Saída de pista";0;0;1;0;0;0;0;0;0;0;1;0;0;0;0
"07/08/2021";"10:54:00";"206";"Acidente s";"70";"BR-290/RS";"Oeste";"Saída de pista";1;0;0;0;0;1;0;0;0;0;2;0;0;0;0
"08/08/2021";"05:44:00";"12";"Acidente s";"92";"BR-290/RS";"Oeste";"Queda de ribanceira";1;0;0;0;0;0;0;0;0;0;1;0;0;0;0
"08/08/2021";"07:54:00";"161";"Acidente c";"325";"BR-386/RS";"Norte";"Colisão - Transversal";1;0;0;0;0;0;0;1;0;0;1;0;0;1;0
"08/08/2021";"08:00:00";"163";"Acidente s";"86";"BR-290/RS";"Oeste";"Colisão - Traseira";2;0;0;0;0;0;0;0;0;0;2;0;0;0;0
"08/08/2021";"10:57:00";"194";"Acidente s";"69";"BR-290/RS";"Oeste";"Queda de ribanceira";1;0;0;0;0;0;0;0;0;0;4;0;0;0;0
"09/08/2021";"12:52:00";"8";"Acidente s";"372";"BR-386/RS";"Sul";"Choque - Meio Fio";1;0;0;0;0;0;0;0;0;0;1;0;0;0;0
"09/08/2021";"04:49:00";"15";"Acidente c";"344";"BR-386/RS";"Sul";"Queda de moto";0;0;0;1;0;0;0;0;0;0;0;2;0;0;0
"09/08/2021";"05:45:00";"22";"Acidente s";"86";"BR-290/RS";"Leste";"Choque Defensa";1;0;0;0;0;0;0;0;0;0;1;0;0;0;0
"09/08/2021";"08:51:00";"88";"Acidente s";"84";"BR-290/RS";"Leste";"Queda de moto";0;0;0;1;0;0;0;0;0;0;1;0;0;0;0
"09/08/2021";"10:34:00";"115";"Acidente s";"13";"BR-448/RS";"Norte";"Colisão - Lateral";1;0;0;0;0;1;0;0;0;0;5;0;0;0;0
"09/08/2021";"01:28:00";"153";"Acidente s";"13";"BR-290/RS";"Leste";"Saída de pista";1;0;0;0;0;0;0;0;0;0;1;0;0;0;0
"09/08/2021";"02:01:00";"160";"Acidente c";"17";"BR-448/RS";"Sul";"Colisão - Traseira";0;0;1;1;0;0;0;0;0;0;1;1;0;0;0
"09/08/2021";"02:16:00";"163";"Acidente s";"375";"BR-386/RS";"Sul";"Colisão - Traseira";2;0;0;0;0;0;0;0;0;0;2;0;0;0;0
"09/08/2021";"02:22:00";"167";"Acidente c";"352";"BR-386/RS";"Norte";"Choque - Poste";1;0;0;0;0;0;0;0;0;0;1;2;0;0;0
"09/08/2021";"04:55:00";"195";"Acidente s";"375";"BR-386/RS";"Sul";"Colisão - Lateral";1;0;1;0;0;0;0;0;0;0;3;0;0;0;0
"09/08/2021";"09:25:00";"229";"Acidente c";"50";"BR-290/RS";"Leste";"Capotamento";1;0;0;0;0;0;0;0;0;0;0;1;0;0;0
"09/08/2021";"09:39:00";"233";"Acidente s";"94";"BR-290/RS";"Oeste";"Choque Barreira";1;0;0;0;0;0;0;0;0;0;1;0;0;0;0
"10/08/2021";"01:48:00";"6";"Acidente s";"440";"BR-386/RS";"Norte";"Queda de ribanceira";1;0;0;0;0;0;0;0;0;0;1;0;0;0;0
"10/08/2021";"06:46:00";"25";"Acidente s";"334";"BR-386/RS";"Norte";"Choque Defensa";0;0;1;0;0;0;0;0;0;0;1;0;0;0;0
"10/08/2021";"06:50:00";"27";"Acidente s";"357";"BR-386/RS";"Norte";"Queda de ribanceira";1;0;0;0;0;0;0;0;0;0;3;0;0;0;0
"10/08/2021";"07:38:00";"48";"Acidente s";"90";"BR-290/RS";"Oeste";"Colisão - Traseira";2;0;0;0;0;0;0;0;0;0;2;0;0;0;0
"10/08/2021";"08:13:00";"57";"Acidente s";"40";"BR-101/RS";"Sul";"Choque Barreira";1;0;0;0;0;0;0;0;0;0;1;0;0;0;0
"10/08/2021";"09:03:00";"67";"Acidente s";"84";"BR-290/RS";"Oeste";"Choque Barreira";1;0;0;0;0;0;0;0;0;0;1;0;0;0;0
"10/08/2021";"11:13:00";"91";"Acidente c";"79";"BR-290/RS";"Oeste";"Queda de ribanceira";1;0;0;0;0;0;0;0;0;0;0;0;1;0;0
"10/08/2021";"11:15:00";"185";"Acidente s";"358";"BR-386/RS";"Ambos";"Saída de pista";1;0;0;0;0;0;0;0;0;0;1;0;0;0;0
"11/08/2021";"12:49:00";"4";"Acidente s";"411";"BR-386/RS";"Norte";"Queda de ribanceira";1;0;0;0;0;0;0;0;0;0;1;0;0;0;0
"11/08/2021";"06:33:00";"21";"Acidente s";"82";"BR-290/RS";"Leste";"Queda de ribanceira";1;0;0;0;0;0;0;0;0;0;1;0;0;0;0
"11/08/2021";"09:58:00";"78";"Acidente s";"270";"BR-386/RS";"Norte";"Colisão - Lateral";2;0;0;0;0;0;0;0;0;0;3;0;0;0;0
"11/08/2021";"04:41:00";"162";"Acidente c";"86";"BR-290/RS";"Leste";"Queda de Carga";1;0;1;0;0;0;0;0;0;0;1;0;1;0;0
"11/08/2021";"06:48:00";"187";"Acidente c";"1";"BR-101/RS";"Norte";"Queda de moto";0;0;0;1;0;0;0;0;0;0;0;1;0;0;0
"11/08/2021";"07:30:00";"193";"Acidente s";"228";"BR-386/RS";"Sul";"Capotamento";1;0;0;0;0;0;0;0;0;0;1;0;0;0;0
"12/08/2021";"02:22:00";"11";"Acidente s";"358";"BR-386/RS";"Sul";"Saída de pista";1;0;0;0;0;0;0;0;0;0;2;0;0;0;0
"12/08/2021";"07:49:00";"59";"Acidente s";"425";"BR-386/RS";"Norte";"Colisão - Lateral";1;0;1;0;0;0;0;0;0;0;2;0;0;0;0
"12/08/2021";"08:08:00";"69";"Acidente s";"60";"BR-290/RS";"Oeste";"Colisão - Lateral";2;0;0;0;0;0;0;0;0;0;2;0;0;0;0
"12/08/2021";"07:28:00";"210";"Acidente s";"68";"BR-290/RS";"Oeste";"Atropelamento de Animal";1;0;0;0;0;0;0;0;0;0;1;0;0;0;0
"12/08/2021";"08:37:00";"219";"Acidente c";"58";"BR-101/RS";"Ambos";"Saída de pista";1;0;0;0;0;0;0;0;0;0;0;1;0;0;0
"12/08/2021";"11:17:00";"235";"Acidente s";"36";"BR-290/RS";"Oeste";"Saída de pista";0;0;1;0;0;0;0;0;0;0;1;0;0;0;0
"13/08/2021";"06:54:00";"17";"Acidente s";"442";"BR-386/RS";"Norte";"Choque - Sinalização";1;0;0;0;0;0;0;0;0;0;1;0;0;0;0
"13/08/2021";"12:46:00";"135";"Acidente s";"80";"BR-290/RS";"Oeste";"Queda de ribanceira";1;0;0;0;0;0;0;0;0;0;1;0;0;0;0
"13/08/2021";"01:35:00";"141";"Acidente s";"69";"BR-290/RS";"Oeste";"Saída de pista";1;0;0;0;0;0;0;0;0;0;1;0;0;0;0
"13/08/2021";"04:04:00";"177";"Acidente s";"92";"BR-290/RS";"Oeste";"Engavetamento";3;0;0;0;0;0;0;0;0;0;3;0;0;0;0
"13/08/2021";"07:52:00";"221";"Acidente s";"346";"BR-386/RS";"Sul";"Colisão - Traseira";2;0;0;0;0;0;0;0;0;0;8;0;0;0;0
"13/08/2021";"09:04:00";"239";"Acidente c";"354";"BR-386/RS";"Norte";"Colisão - Transversal";1;0;0;0;0;0;0;1;0;0;1;0;1;1;0
"14/08/2021";"09:48:00";"72";"Acidente s";"60";"BR-290/RS";"Leste";"Colisão - Lateral";2;0;0;0;0;0;0;0;0;0;6;0;0;0;0
"14/08/2021";"07:06:00";"177";"Acidente s";"393";"BR-386/RS";"Sul";"Queda de ribanceira";1;0;0;0;0;0;0;0;0;0;1;0;0;0;0
"14/08/2021";"07:17:00";"178";"Acidente s";"417";"BR-386/RS";"Sul";"Colisão - Transversal";1;0;0;1;0;0;0;0;0;0;2;0;0;0;0
"15/08/2021";"06:59:00";"25";"Acidente c";"180";"BR-386/RS";"Sul";"Saída de pista";1;0;0;0;0;0;0;0;0;0;0;0;1;0;0
"15/08/2021";"07:08:00";"28";"Acidente s";"345";"BR-386/RS";"Ambos";"Saída de pista";1;0;0;0;0;0;0;0;0;0;1;0;0;0;0
"15/08/2021";"12:25:00";"74";"Acidente s";"330";"BR-386/RS";"Norte";"Choque Barreira";1;0;0;0;0;0;0;0;0;0;1;0;0;0;0
"15/08/2021";"03:28:00";"100";"Acidente c";"7";"BR-101/RS";"Sul";"Colisão - Traseira";2;0;0;0;0;0;0;0;0;0;3;0;0;1;0
"16/08/2021";"01:38:00";"6";"Acidente c";"72";"BR-290/RS";"Oeste";"Queda de ribanceira";1;0;0;0;0;0;0;0;0;0;0;1;0;0;0
"16/08/2021";"07:59:00";"47";"Acidente s";"270";"BR-386/RS";"Norte";"Queda de ribanceira";1;0;0;0;0;0;0;0;0;0;1;0;0;0;0
"16/08/2021";"05:10:00";"173";"Acidente s";"344";"BR-386/RS";"Sul";"Colisão - Lateral";2;0;0;0;0;0;0;0;0;0;2;0;0;0;0
"16/08/2021";"06:38:00";"186";"Acidente s";"387";"BR-386/RS";"Norte";"Queda de moto";0;0;0;1;0;0;0;0;0;0;1;0;0;0;0
"17/08/2021";"02:08:00";"125";"Acidente s";"82";"BR-290/RS";"Leste";"Colisão - Lateral";1;0;0;0;0;0;0;0;0;0;1;0;0;0;0
"17/08/2021";"03:44:00";"138";"Acidente c";"344";"BR-386/RS";"Norte";"Colisão - Lateral";1;0;0;1;0;0;0;0;0;0;1;1;0;0;0
"17/08/2021";"10:51:00";"196";"Acidente s";"241";"BR-386/RS";"Norte";"Saída de pista";1;0;0;0;0;0;0;0;0;0;1;0;0;0;0
"17/08/2021";"11:38:00";"198";"Acidente s";"61";"BR-290/RS";"Leste";"Saída de pista";1;0;0;0;0;0;0;0;0;0;1;0;0;0;0
"18/08/2021";"06:42:00";"22";"Acidente s";"74";"BR-290/RS";"Oeste";"Colisão - Traseira";0;0;2;0;0;0;0;0;0;0;2;0;0;0;0
"18/08/2021";"06:46:00";"24";"Acidente s";"411";"BR-386/RS";"Norte";"Saída de pista";1;0;0;0;0;0;0;0;0;0;1;0;0;0;0
"18/08/2021";"10:26:00";"86";"Acidente s";"1";"BR-101/RS";"Norte";"Saída de pista";0;0;1;0;0;0;0;0;0;0;1;0;0;0;0
"18/08/2021";"10:45:00";"94";"Acidente c";"36";"BR-101/RS";"Sul";"Saída de pista";1;0;0;0;0;0;0;0;0;0;0;0;1;0;0
"18/08/2021";"10:49:00";"96";"Acidente c";"63";"BR-101/RS";"Sul";"Saída de pista";1;0;0;0;0;0;0;0;0;0;1;1;0;1;0
"18/08/2021";"11:15:00";"100";"Acidente s";"64";"BR-290/RS";"Leste";"Colisão - Lateral";1;0;1;0;0;0;0;0;0;0;2;0;0;0;0
"18/08/2021";"01:20:00";"121";"Acidente s";"23";"BR-290/RS";"Leste";"Queda de ribanceira";1;0;0;0;0;0;0;0;0;0;3;0;0;0;0
"18/08/2021";"01:41:00";"125";"Acidente c";"342";"BR-386/RS";"Sul";"Colisão - Lateral";1;0;0;1;0;0;0;0;0;0;2;1;0;0;0
"18/08/2021";"01:54:00";"127";"Acidente c";"21";"BR-448/RS";"Sul";"Choque Barreira";1;0;0;0;0;0;0;0;0;0;0;1;0;0;0
"18/08/2021";"05:18:00";"167";"Acidente s";"402";"BR-386/RS";"Sul";"Tombamento";0;0;1;0;0;0;0;0;0;0;2;0;0;0;0
"19/08/2021";"08:54:00";"78";"Acidente c";"353";"BR-386/RS";"Norte";"Colisão - Traseira";1;0;1;0;0;0;0;0;0;0;2;2;0;0;0
"19/08/2021";"09:33:00";"96";"Acidente s";"341";"BR-386/RS";"Norte";"Colisão - Traseira";1;0;0;0;0;0;0;0;0;1;3;0;0;0;0
"19/08/2021";"10:35:00";"118";"Acidente s";"247";"BR-386/RS";"Norte";"Colisão - Lateral";2;0;0;0;0;0;0;0;0;0;4;0;0;0;0
"19/08/2021";"11:22:00";"130";"Acidente s";"60";"BR-290/RS";"Leste";"Colisão - Lateral";1;0;0;0;0;0;0;0;0;1;4;0;0;0;0
"19/08/2021";"12:30:00";"148";"Acidente c";"28";"BR-101/RS";"Sul";"Engavetamento";3;0;0;0;0;0;0;0;0;0;3;1;0;0;0
"19/08/2021";"03:36:00";"194";"Acidente s";"327";"BR-386/RS";"Sul";"Colisão - Traseira";0;0;1;0;0;1;0;0;0;0;2;0;0;0;0
"19/08/2021";"05:47:00";"231";"Acidente s";"96";"BR-290/RS";"Leste";"Colisão - Traseira";2;0;0;0;0;0;0;0;0;0;4;0;0;0;0
"20/08/2021";"01:38:00";"11";"Acidente s";"57";"BR-290/RS";"Oeste";"Saída de pista";1;0;0;0;0;0;0;0;0;0;1;0;0;0;0
"20/08/2021";"02:06:00";"14";"Acidente s";"36";"BR-290/RS";"Leste";"Tombamento";0;0;0;0;0;0;0;1;0;0;1;0;0;0;0
"20/08/2021";"08:42:00";"92";"Acidente s";"69";"BR-290/RS";"Oeste";"Queda de ribanceira";1;0;0;0;0;0;0;0;0;0;1;0;0;0;0
"20/08/2021";"03:34:00";"190";"Acidente s";"277";"BR-386/RS";"Sul";"Colisão - Traseira";2;0;0;0;0;1;0;0;0;0;3;0;0;0;0
"20/08/2021";"06:03:00";"213";"Acidente s";"442";"BR-386/RS";"Ambos";"Colisão - Traseira";2;0;0;0;0;1;0;0;0;0;3;0;0;0;0
"20/08/2021";"07:21:00";"228";"Acidente s";"417";"BR-386/RS";"Norte";"Choque - Meio Fio";2;0;0;0;0;0;0;0;0;0;5;0;0;0;0
"20/08/2021";"08:44:00";"243";"Acidente s";"389";"BR-386/RS";"Norte";"Colisão - Lateral";2;0;0;0;0;0;0;0;0;0;2;0;0;0;0
"20/08/2021";"10:54:00";"262";"Acidente s";"421";"BR-386/RS";"Sul";"Choque Defensa";1;0;0;0;0;0;0;0;0;0;1;0;0;0;0
"21/08/2021";"01:41:00";"8";"Acidente s";"375";"BR-386/RS";"Sul";"Colisão - Traseira";1;0;0;0;0;1;0;0;0;0;4;0;0;0;0
"21/08/2021";"01:59:00";"12";"Acidente s";"228";"BR-386/RS";"Sul";"Saída de pista";1;0;0;0;0;0;0;0;0;0;3;0;0;0;0
"21/08/2021";"04:40:00";"19";"Acidente s";"75";"BR-101/RS";"Norte";"Colisão - Traseira";2;0;0;0;0;0;0;0;0;0;2;0;0;0;0
"21/08/2021";"06:34:00";"36";"Acidente s";"65";"BR-101/RS";"Norte";"Engavetamento";3;0;0;0;0;0;0;0;0;0;5;0;0;0;0
"21/08/2021";"07:25:00";"44";"Acidente s";"37";"BR-101/RS";"Sul";"Saída de pista";1;0;0;0;0;0;0;0;0;0;1;0;0;0;0
"21/08/2021";"09:01:00";"62";"Acidente s";"12";"BR-101/RS";"Ambos";"Choque Barreira";1;0;0;0;0;0;0;1;0;0;2;0;0;0;0
"21/08/2021";"02:36:00";"108";"Acidente s";"282";"BR-386/RS";"Norte";"Colisão - Frontal";2;0;0;0;0;0;0;0;0;0;3;0;0;0;0
"21/08/2021";"03:44:00";"119";"Acidente s";"60";"BR-290/RS";"Oeste";"Colisão - Traseira";2;0;0;0;0;0;0;0;0;0;5;0;0;0;0
"21/08/2021";"04:33:00";"123";"Acidente s";"19";"BR-290/RS";"Oeste";"Colisão - Traseira";1;0;1;0;0;0;0;0;0;0;2;0;0;0;0
"21/08/2021";"06:00:00";"138";"Acidente s";"78";"BR-290/RS";"Oeste";"Choque Barreira";1;0;0;0;0;0;0;0;0;0;1;0;0;0;0
"21/08/2021";"07:29:00";"147";"Acidente c";"289";"BR-386/RS";"Norte";"Colisão - Frontal";2;0;0;0;0;0;0;1;0;0;2;0;2;0;0
"22/08/2021";"01:47:00";"5";"Acidente s";"80";"BR-290/RS";"Leste";"Saída de pista";1;0;0;0;0;0;0;0;0;0;3;0;0;0;0
"22/08/2021";"10:04:00";"48";"Acidente s";"343";"BR-386/RS";"Sul";"Saída de pista";1;0;0;0;0;0;0;0;0;0;1;0;0;0;0
"22/08/2021";"04:31:00";"130";"Acidente s";"372";"BR-386/RS";"Norte";"Colisão - Traseira";1;0;0;0;0;0;0;0;0;1;3;0;0;0;0
"22/08/2021";"04:39:00";"133";"Acidente s";"92.08";"BR-290/RS";"Oeste";"Choque Defensa";1;0;0;0;0;0;0;0;0;0;3;0;0;0;0
"22/08/2021";"07:22:00";"177";"Acidente s";"344";"BR-386/RS";"Norte";"Saída de pista";1;0;0;0;0;0;0;0;0;0;1;0;0;0;0
"23/08/2021";"09:06:00";"70";"Acidente s";"53";"BR-290/RS";"Leste";"Engavetamento";2;0;0;0;0;1;0;0;0;0;3;0;0;0;0
"23/08/2021";"09:30:00";"87";"Acidente s";"14";"BR-290/RS";"Oeste";"Capotamento";2;0;0;0;0;0;0;0;0;0;2;0;0;0;0
"23/08/2021";"02:04:00";"142";"Acidente s";"72";"BR-290/RS";"Leste";"Choque Defensa";1;0;0;0;0;0;0;0;0;0;1;0;0;0;0
"23/08/2021";"02:33:00";"150";"Acidente s";"302";"BR-386/RS";"Sul";"Tombamento";0;0;1;0;0;0;0;0;0;0;2;0;0;0;0
"23/08/2021";"04:25:00";"176";"Acidente c";"24.39";"BR-290/RS";"Leste";"Capotamento";1;0;0;0;0;0;0;0;0;0;0;0;1;0;0
"24/08/2021";"11:53:00";"140";"Acidente s";"34";"BR-290/RS";"Leste";"Capotamento";1;0;0;0;0;0;0;0;0;0;1;0;0;0;0
"24/08/2021";"12:24:00";"145";"Acidente s";"379";"BR-386/RS";"Sul";"Saída de pista";1;0;0;0;0;0;0;0;0;0;2;0;0;0;0
"24/08/2021";"03:06:00";"160";"Acidente c";"87";"BR-290/RS";"Leste";"Capotamento";1;0;0;0;0;0;0;0;0;0;0;1;0;0;0
"24/08/2021";"04:35:00";"167";"Acidente s";"411";"BR-386/RS";"Norte";"Choque - Meio Fio";1;0;0;0;0;0;0;0;0;0;1;0;0;0;0
"24/08/2021";"06:22:00";"187";"Acidente s";"345";"BR-386/RS";"Norte";"Colisão - Traseira";2;0;0;0;0;0;0;0;0;0;2;0;0;0;0
"24/08/2021";"06:25:00";"189";"Atropelame";"6";"BR-101/RS";"Norte";"Atropelamento - Usuário";1;0;0;0;0;0;0;0;0;0;1;0;1;0;0
"24/08/2021";"08:19:00";"207";"Acidente s";"373";"BR-386/RS";"Ambos";"Saída de pista";1;0;0;0;0;0;0;0;0;0;2;0;0;0;0
"24/08/2021";"10:22:00";"218";"Acidente c";"59";"BR-290/RS";"Leste";"Capotamento";1;0;0;0;0;0;0;0;0;0;0;2;0;0;0
"25/08/2021";"05:48:00";"22";"Acidente s";"303";"BR-386/RS";"Norte";"Saída de pista";0;0;0;0;0;0;0;1;0;0;2;0;0;0;0
"25/08/2021";"06:33:00";"29";"Acidente s";"356";"BR-386/RS";"Norte";"Saída de pista";1;0;0;0;0;0;0;0;0;0;1;0;0;0;0
"25/08/2021";"06:54:00";"34";"Acidente s";"356";"BR-386/RS";"Norte";"Colisão - Lateral";2;0;0;0;0;0;0;0;0;0;2;0;0;0;0
"25/08/2021";"07:38:00";"44";"Acidente s";"315";"BR-386/RS";"Sul";"Choque com objeto sobre a pista";1;0;0;0;0;0;0;0;0;0;1;0;0;0;0
"25/08/2021";"07:38:00";"45";"Acidente s";"65";"BR-290/RS";"Oeste";"Queda de ribanceira";1;0;0;0;0;0;0;0;0;0;1;0;0;0;0
"25/08/2021";"07:56:00";"47";"Acidente s";"11";"BR-290/RS";"Ambos";"Queda de ribanceira";1;0;0;0;0;0;0;0;0;0;1;0;0;0;0
"25/08/2021";"08:18:00";"56";"Acidente s";"36";"BR-290/RS";"Oeste";"Queda de ribanceira";1;0;0;0;0;0;0;0;0;0;2;0;0;0;0
"25/08/2021";"08:28:00";"57";"Acidente s";"64";"BR-101/RS";"Sul";"Choque Talude";1;0;0;0;0;0;0;0;0;0;2;0;0;0;0
"25/08/2021";"09:20:00";"65";"Acidente s";"21";"BR-448/RS";"Sul";"Queda de ribanceira";1;0;0;0;0;0;0;0;0;0;1;0;0;0;0
"25/08/2021";"11:06:00";"89";"Acidente s";"358";"BR-386/RS";"Sul";"Saída de pista";1;0;0;0;0;0;0;0;0;0;1;0;0;0;0
"25/08/2021";"01:05:00";"102";"Acidente c";"417";"BR-386/RS";"Sul";"Colisão - Traseira";1;0;0;0;0;0;0;1;0;0;2;0;1;0;0
"25/08/2021";"01:11:00";"103";"Acidente s";"247";"BR-386/RS";"Norte";"Saída de pista";1;0;0;0;0;0;0;0;0;0;1;0;0;0;0
"25/08/2021";"01:29:00";"106";"Acidente s";"346";"BR-386/RS";"Norte";"Queda de ribanceira";1;0;0;0;0;0;0;0;0;0;2;0;0;0;0
"25/08/2021";"01:35:00";"107";"Acidente s";"75";"BR-290/RS";"Oeste";"Capotamento";1;0;0;0;0;0;0;0;0;0;1;0;0;0;0
"25/08/2021";"02:01:00";"112";"Acidente c";"440";"BR-386/RS";"Sul";"Colisão - Traseira";0;0;1;0;0;0;0;2;0;0;1;2;1;0;0
"25/08/2021";"03:37:00";"123";"Acidente s";"8";"BR-290/RS";"Leste";;1;0;0;0;0;0;0;0;0;0;1;0;0;0;0
"25/08/2021";"04:12:00";"128";"Acidente s";"363";"BR-386/RS";"Norte";"Colisão - Traseira";0;0;0;0;0;0;0;0;0;2;2;0;0;0;0
"25/08/2021";"05:05:00";"143";"Acidente s";"359";"BR-386/RS";"Sul";"Saída de pista";1;0;0;0;0;0;0;0;0;0;1;0;0;0;0
"25/08/2021";"06:09:00";"162";"Acidente s";"76";"BR-290/RS";"Leste";"Saída de pista";1;0;0;0;0;0;0;0;0;0;1;0;0;0;0