data;horario;n_da_ocorrencia;tipo_de_ocorrencia;km;trecho;sentido;tipo_de_acidente;automovel;bicicleta;caminhao;moto;onibus;outros;tracao_animal;transporte_de_cargas_especiais;trator_maquinas;utilitarios;ilesos;levemente_feridos;moderadamente_feridos;gravemente_feridos;mortos
"12/09/2021";"05:03:00";"138";"Atropelame";"87";"BR-101/RS";"Norte";"Atropelamento - Andarilho";0;0;0;0;0;0;0;0;0;1;1;0;0;0;1
"12/09/2021";"06:15:00";"160";"Acidente s";"10";"BR-448/RS";"Norte";"Saída de pista";1;0;0;0;0;0;0;0;0;0;1;0;0;0;0
"12/09/2021";"07:52:00";"180";"Acidente c";"343";"BR-386/RS";"Ambos";"Colisão - Lateral";1;0;0;1;0;0;0;0;0;0;2;0;2;0;0
"12/09/2021";"08:07:00";"183";"Acidente c";"362";"BR-386/RS";"Sul";"Queda de moto";2;0;0;0;0;0;0;0;0;0;1;0;1;0;0
"12/09/2021";"11:53:00";"219";"Acidente s";"26";"BR-290/RS";"Leste";"Saída de pista";1;0;0;0;0;0;0;0;0;0;2;0;0;0;0
"13/09/2021";"05:10:00";"29";"Acidente s";"350";"BR-386/RS";"Norte";"Colisão - Lateral";2;0;0;0;0;0;0;0;0;0;2;0;0;0;0
"13/09/2021";"07:03:00";"46";"Acidente s";"76";"BR-290/RS";"Leste";"Choque Barreira";1;0;0;0;0;0;0;0;0;0;1;0;0;0;0
"13/09/2021";"07:30:00";"56";"Acidente s";"88";"BR-290/RS";"Oeste";"Colisão - Traseira";3;0;0;0;0;0;0;0;0;0;7;0;0;0;0
"13/09/2021";"07:56:00";"66";"Acidente c";"85";"BR-290/RS";"Oeste";"Colisão - Lateral";1;0;0;1;0;0;0;0;0;0;1;1;0;0;0
"13/09/2021";"08:37:00";"80";"Acidente s";"50";"BR-290/RS";"Oeste";"Queda de ribanceira";1;0;0;0;0;0;0;0;0;0;1;0;0;0;0
"13/09/2021";"09:55:00";"98";"Acidente c";"23";"BR-290/RS";"Leste";"Queda de ribanceira";1;0;0;0;0;0;0;0;0;0;0;0;2;0;0
"13/09/2021";"11:20:00";"119";"Acidente s";"382";"BR-386/RS";"Sul";"Saída de pista";0;0;0;0;0;0;0;0;0;1;3;0;0;0;0
"13/09/2021";"11:22:00";"120";"Acidente s";"358";"BR-386/RS";"Sul";"Saída de pista";1;0;0;0;0;0;0;0;0;0;2;0;0;0;0
"13/09/2021";"11:35:00";"121";"Acidente s";"64";"BR-290/RS";"Oeste";"Saída de pista";1;0;0;0;0;0;0;0;0;0;1;0;0;0;0
"13/09/2021";"01:32:00";"136";"Acidente c";"10";"BR-290/RS";"Leste";"Queda de ribanceira";1;0;0;0;0;0;0;0;0;0;0;1;0;0;0
"13/09/2021";"03:03:00";"145";"Acidente s";"7";"BR-290/RS";"Leste";"Queda de ribanceira";1;0;0;0;0;0;0;0;0;0;1;0;0;0;0
"13/09/2021";"03:30:00";"151";"Acidente c";"8";"BR-290/RS";"Ambos";"Queda de ribanceira";1;0;0;0;0;0;0;0;0;0;0;1;2;0;0
"13/09/2021";"05:07:00";"169";"Acidente s";"22";"BR-448/RS";"Sul";"Choque Barreira";1;0;0;0;0;0;0;0;0;0;2;0;0;0;0
"13/09/2021";"06:30:00";"185";"Acidente s";"440";"BR-386/RS";"Norte";"Choque Defensa";1;0;0;0;0;0;0;0;0;0;1;0;0;0;0
"13/09/2021";"09:58:00";"225";"Acidente c";"316";"BR-386/RS";"Norte";"Saída de pista";0;0;1;0;0;0;0;0;0;0;0;1;0;0;0
"13/09/2021";"10:32:00";"230";"Acidente s";"5";"BR-290/RS";"Oeste";"Saída de pista";1;0;0;0;0;0;0;0;0;0;2;0;0;0;0
"14/09/2021";"05:12:00";"16";"Acidente s";"375";"BR-386/RS";"Sul";"Atropelamento de Animal";0;0;0;0;0;0;0;1;0;1;2;0;0;0;0
"14/09/2021";"07:18:00";"38";"Acidente s";"4";"BR-101/RS";"Norte";;1;0;0;0;0;0;0;0;0;0;4;0;0;0;0
"14/09/2021";"02:03:00";"153";"Acidente s";"92";"BR-290/RS";"Oeste";"Colisão - Lateral";1;0;1;0;0;0;0;0;0;0;2;0;0;0;0
"14/09/2021";"10:42:00";"229";"Acidente c";"47";"BR-290/RS";"Leste";"Capotamento";1;0;0;0;0;0;0;0;0;0;0;1;0;0;0
"15/09/2021";"07:40:00";"54";"Acidente c";"90";"BR-290/RS";"Oeste";"Colisão - Traseira";2;0;0;0;0;0;0;0;0;0;1;1;0;0;0
"15/09/2021";"08:55:00";"87";"Acidente s";"84";"BR-101/RS";"Norte";"Colisão - Traseira";2;0;0;0;0;0;0;0;0;0;2;0;0;0;0
"15/09/2021";"11:31:00";"135";"Acidente c";"344";"BR-386/RS";"Sul";"Colisão - Traseira";1;0;0;1;0;0;0;0;0;0;1;1;0;0;0
"15/09/2021";"12:06:00";"144";"Acidente s";"343";"BR-386/RS";"Sul";"Queda de moto";0;0;0;1;0;0;0;0;0;0;1;0;0;0;0
"15/09/2021";"05:51:00";"221";"Acidente s";"390";"BR-386/RS";"Sul";"Saída de pista";2;0;0;0;0;0;0;0;0;0;2;0;0;0;0
"16/09/2021";"04:59:00";"24";"Acidente s";"373";"BR-386/RS";"Sul";"Colisão - Traseira";0;0;0;0;0;0;0;1;0;1;3;0;0;0;0
"16/09/2021";"05:31:00";"29";"Acidente s";"94";"BR-290/RS";"Leste";"Queda de moto";1;0;0;0;0;0;0;0;0;0;1;0;0;0;0
"16/09/2021";"06:14:00";"38";"Acidente s";"391";"BR-386/RS";"Norte";"Colisão - Traseira";0;0;0;0;0;0;0;0;0;2;3;0;0;0;0
"16/09/2021";"07:35:00";"78";"Acidente s";"91";"BR-290/RS";"Oeste";"Engavetamento";4;0;0;0;0;0;0;0;0;0;4;0;0;0;0
"16/09/2021";"07:52:00";"86";"Acidente s";"88";"BR-290/RS";"Oeste";"Choque Barreira";3;0;0;0;0;0;0;0;0;0;6;0;0;0;0
"16/09/2021";"12:54:00";"160";"Atropelame";"83";"BR-290/RS";"Oeste";;0;0;0;0;0;0;0;0;0;1;0;0;0;1;0
"16/09/2021";"02:31:00";"186";"Acidente c";"350";"BR-386/RS";"Sul";"Colisão - Traseira";1;0;0;1;0;0;0;0;0;0;1;0;1;0;0
"16/09/2021";"03:57:00";"205";"Acidente c";"47";"BR-101/RS";"Sul";"Colisão - Traseira";1;0;0;0;0;0;0;0;0;1;1;1;0;0;0
"16/09/2021";"03:58:00";"206";"Acidente s";"97";"BR-290/RS";"Leste";"Colisão - Traseira";3;0;0;0;0;0;0;0;0;0;9;0;0;0;0
"16/09/2021";"07:05:00";"258";"Acidente s";"344";"BR-386/RS";"Norte";"Colisão - Traseira";2;0;0;0;0;0;0;0;0;0;2;0;0;0;0
"16/09/2021";"07:53:00";"269";"Acidente s";"344";"BR-386/RS";"Norte";"Colisão - Traseira";2;0;0;0;0;0;0;0;0;0;2;0;0;0;0
"17/09/2021";"12:21:00";"1";"Acidente s";"423";"BR-386/RS";"Norte";"Saída de pista";0;0;0;0;0;0;0;1;0;0;1;0;0;0;0
"17/09/2021";"08:10:00";"91";"Acidente c";"344";"BR-386/RS";"Sul";"Colisão - Transversal";2;0;0;0;0;0;0;0;0;0;1;1;0;0;0
"17/09/2021";"11:41:00";"142";"Acidente c";"296";"BR-386/RS";"Sul";"Tombamento";0;0;0;0;0;0;0;1;0;0;0;1;0;0;0
"17/09/2021";"02:20:00";"179";"Acidente s";"330";"BR-386/RS";"Sul";"Colisão - Traseira";1;0;0;0;0;1;0;0;0;0;2;0;0;0;0
"17/09/2021";"02:24:00";"180";"Acidente s";"275";"BR-386/RS";"Norte";"Saída de pista";0;0;0;0;0;1;0;0;0;0;1;0;0;0;0
"17/09/2021";"02:58:00";"187";"Acidente s";"69";"BR-290/RS";"Leste";"Colisão - Lateral";2;0;0;0;0;0;0;1;0;0;3;0;0;0;0
"17/09/2021";"03:08:00";"189";"Acidente c";"417";"BR-386/RS";"Sul";"Colisão - Transversal";0;0;1;0;0;0;0;0;0;1;1;0;1;0;0
"17/09/2021";"03:08:00";"190";"Acidente s";"334";"BR-386/RS";"Norte";"Engavetamento";3;0;1;0;0;0;0;0;0;0;13;0;0;0;0
"17/09/2021";"03:51:00";"198";"Acidente s";"21";"BR-448/RS";"Norte";"Choque Barreira";1;0;0;0;0;0;0;0;0;0;1;0;0;0;0
"17/09/2021";"03:58:00";"202";"Acidente s";"91";"BR-290/RS";"Oeste";"Colisão - Lateral";1;0;0;0;0;0;0;0;0;0;3;0;0;0;0
"17/09/2021";"04:47:00";"211";"Acidente s";"346";"BR-386/RS";"Sul";"Colisão - Traseira";1;0;0;1;0;0;0;0;0;0;2;0;0;0;0
"17/09/2021";"05:22:00";"219";"Acidente s";"56";"BR-290/RS";"Leste";"Saída de pista";1;0;0;0;0;0;0;0;0;0;2;0;0;0;0
"17/09/2021";"05:24:00";"220";"Acidente c";"2";"BR-448/RS";"Sul";"Colisão - Frontal";2;0;0;0;0;0;0;0;0;0;3;1;0;0;0
"17/09/2021";"05:35:00";"222";"Acidente s";"26";"BR-290/RS";"Oeste";"Capotamento";1;0;0;0;0;0;0;0;0;0;2;0;0;0;0
"17/09/2021";"06:57:00";"236";"Acidente s";"35";"BR-101/RS";"Norte";"Colisão - Lateral";2;0;0;0;0;0;0;0;0;0;2;0;0;0;0
"17/09/2021";"08:25:00";"260";"Acidente s";"70";"BR-290/RS";"Leste";"Colisão - Lateral";1;0;0;0;1;0;0;0;0;0;4;0;0;0;0
"18/09/2021";"08:57:00";"77";"Acidente s";"43";"BR-290/RS";"Leste";"Queda de moto";0;0;0;1;0;0;0;0;0;0;2;0;0;0;0
"18/09/2021";"10:40:00";"106";"Acidente c";"13";"BR-101/RS";"Sul";"Queda de ribanceira";1;0;0;0;0;0;0;0;0;0;2;3;0;0;0
"18/09/2021";"10:44:00";"107";"Acidente s";"343";"BR-386/RS";"Sul";"Engavetamento";6;0;0;0;0;0;0;0;0;0;14;0;0;0;0
"18/09/2021";"11:17:00";"114";"Acidente c";"60";"BR-290/RS";"Leste";"Colisão - Traseira";2;0;0;0;0;0;0;0;0;0;1;1;0;0;0
"18/09/2021";"01:54:00";"153";"Acidente s";"246";"BR-386/RS";"Sul";"Colisão - Traseira";2;0;0;0;0;0;0;0;0;0;2;0;0;0;0
"18/09/2021";"02:48:00";"171";"Acidente s";"248";"BR-386/RS";"Norte";"Colisão - Traseira";2;0;0;0;0;0;0;0;0;0;5;0;0;0;0
"18/09/2021";"07:37:00";"233";"Acidente s";"196.13";"BR-386/RS";"Sul";"Outros";1;0;0;0;0;0;0;0;0;0;1;0;0;0;0
"18/09/2021";"07:56:00";"239";"Acidente s";"74";"BR-290/RS";"Oeste";"Choque com objeto sobre a pista";1;0;0;1;0;1;0;0;0;0;2;0;0;0;0
"18/09/2021";"11:14:00";"261";"Acidente c";"66";"BR-290/RS";"Oeste";"Capotamento";1;0;0;0;0;0;0;0;0;0;1;0;0;0;1
"19/09/2021";"07:36:00";"34";"Acidente s";"350";"BR-386/RS";"Sul";"Colisão - Lateral";2;0;0;0;0;0;0;0;0;0;2;0;0;0;0
"19/09/2021";"07:39:00";"35";"Acidente s";"74";"BR-290/RS";"Leste";"Choque Defensa";1;0;0;0;0;0;0;0;0;0;1;0;0;0;0
"19/09/2021";"07:45:00";"171";"Acidente c";"66";"BR-290/RS";"Oeste";"Tombamento";0;0;0;0;0;0;0;0;0;1;0;12;2;0;0
"19/09/2021";"08:21:00";"180";"Acidente s";"18";"BR-290/RS";"Oeste";"Saída de pista";1;0;0;0;0;0;0;0;0;0;1;0;0;0;0
"19/09/2021";"08:53:00";"191";"Acidente s";"38";"BR-101/RS";"Norte";"Saída de pista";1;0;0;0;0;0;0;0;0;0;1;0;0;0;0
"20/09/2021";"02:41:00";"14";"Acidente s";"30";"BR-290/RS";"Oeste";"Saída de pista";1;0;0;0;0;0;0;0;0;0;1;0;0;0;0
"20/09/2021";"07:26:00";"33";"Acidente c";"10";"BR-448/RS";"Norte";"Queda de moto";0;0;0;1;0;0;0;0;0;0;0;1;0;0;0
"20/09/2021";"09:06:00";"55";"Acidente c";"64";"BR-290/RS";"Leste";"Colisão - Lateral";1;0;0;0;0;0;0;0;0;1;2;0;1;0;0
"20/09/2021";"04:18:00";"171";"Acidente s";"60";"BR-290/RS";"Oeste";"Engavetamento";3;0;0;0;0;0;0;0;0;0;4;0;0;0;0
"20/09/2021";"05:09:00";"183";"Acidente c";"27";"BR-290/RS";"Leste";"Queda de ribanceira";1;0;0;0;0;0;0;0;0;0;0;1;0;0;0
"20/09/2021";"07:48:00";"226";"Acidente s";"391";"BR-386/RS";"Sul";"Saída de pista";1;0;0;0;0;0;0;0;0;0;2;0;0;0;0
"20/09/2021";"08:05:00";"231";"Acidente s";"17";"BR-290/RS";"Oeste";"Queda de moto";2;0;0;1;0;0;0;0;0;0;7;0;0;0;0
"21/09/2021";"02:55:00";"19";"Acidente s";"393";"BR-386/RS";"Sul";"Tombamento";0;0;0;0;1;0;0;0;0;0;1;0;0;0;0
"21/09/2021";"05:01:00";"221";"Acidente s";"407";"BR-386/RS";"Sul";"Choque Defensa";1;0;0;0;0;0;0;0;0;0;1;0;0;0;0
"22/09/2021";"03:21:00";"13";"Acidente s";"69";"BR-290/RS";"Oeste";"Capotamento";1;0;0;0;0;0;0;0;0;0;2;0;0;0;0
"22/09/2021";"05:15:00";"212";"Acidente c";"420";"BR-386/RS";"Norte";"Tombamento";0;0;0;0;0;0;0;1;0;0;0;1;0;0;0
"22/09/2021";"07:20:00";"242";"Acidente s";"28";"BR-290/RS";"Ambos";"Tombamento";0;0;0;0;0;0;0;0;0;1;2;0;0;0;0
"23/09/2021";"05:29:00";"18";"Acidente c";"343";"BR-386/RS";"Norte";"Colisão - Transversal";1;0;1;0;0;0;0;0;0;0;1;1;0;0;0
"23/09/2021";"07:12:00";"29";"Acidente s";"342";"BR-386/RS";"Norte";"Colisão - Transversal";2;0;0;0;0;0;0;0;0;0;2;0;0;0;0
"23/09/2021";"08:37:00";"98";"Acidente s";"439";"BR-386/RS";"Norte";"Engavetamento";2;0;0;0;0;0;0;0;0;1;3;0;0;0;0
"23/09/2021";"10:55:00";"139";"Acidente c";"442";"BR-386/RS";"Sul";"Colisão - Traseira";1;0;1;0;0;0;0;0;0;0;2;1;0;0;0
"23/09/2021";"01:42:00";"167";"Acidente s";"91";"BR-290/RS";"Leste";"Engavetamento";4;0;0;0;0;0;0;1;0;0;6;0;0;0;0
"23/09/2021";"08:21:00";"250";"Acidente s";"365";"BR-386/RS";"Norte";"Colisão - Traseira";0;0;0;0;0;0;0;1;0;1;2;0;0;0;0
"24/09/2021";"12:05:00";"2";"Acidente s";"16";"BR-290/RS";"Leste";"Saída de pista";1;0;0;0;0;0;0;0;0;0;3;0;0;0;0
"24/09/2021";"12:41:00";"6";"Acidente c";"350";"BR-386/RS";"Norte";"Choque - Poste";1;0;0;0;0;0;0;0;0;0;0;1;0;0;0
"24/09/2021";"10:37:00";"127";"Acidente s";"304";"BR-386/RS";"Sul";"Colisão - Lateral";2;0;0;0;0;0;0;0;0;0;5;0;0;0;0
"24/09/2021";"02:13:00";"169";"Acidente s";"294.48";"BR-386/RS";"Norte";"Colisão - Lateral";1;0;0;0;0;0;0;1;0;0;3;0;0;0;0
"24/09/2021";"03:56:00";"191";"Acidente s";"328";"BR-386/RS";"Norte";"Saída de pista";0;0;0;0;0;0;0;0;0;1;4;0;0;0;0
"25/09/2021";"12:43:00";"119";"Acidente c";"368";"BR-386/RS";"Norte";"Queda de moto";0;0;0;1;0;0;0;0;0;0;0;0;2;0;0
"25/09/2021";"05:33:00";"166";"Acidente s";"86";"BR-290/RS";"Oeste";"Choque Defensa";1;0;0;0;0;0;0;0;0;0;1;0;0;0;0
"25/09/2021";"06:56:00";"188";"Acidente c";"342";"BR-386/RS";"Norte";"Colisão - Lateral";0;0;0;1;0;0;0;0;0;1;1;1;0;0;0
"25/09/2021";"09:07:00";"215";"Acidente s";"88";"BR-290/RS";"Leste";"Engavetamento";3;0;0;0;0;0;0;0;0;0;4;0;0;0;0
"26/09/2021";"01:35:00";"7";"Acidente s";"435";"BR-386/RS";"Norte";"Colisão - Frontal";1;0;0;0;0;0;0;0;0;0;1;0;0;0;0
"26/09/2021";"05:14:00";"17";"Acidente s";"75";"BR-290/RS";"Leste";"Colisão - Traseira";2;0;0;0;0;0;0;0;0;0;2;0;0;0;0
"26/09/2021";"08:12:00";"64";"Acidente s";"396";"BR-386/RS";"Norte";"Queda de ribanceira";1;0;0;0;0;0;0;0;0;0;1;0;0;0;0
"26/09/2021";"09:01:00";"72";"Acidente s";"431";"BR-386/RS";"Sul";"Colisão - Lateral";2;0;0;0;0;0;0;0;0;0;2;0;0;0;0
"26/09/2021";"11:27:00";"102";"Acidente s";"270";"BR-386/RS";"Sul";"Colisão - Lateral";2;0;0;0;0;0;0;0;0;0;2;0;0;0;0
"27/09/2021";"09:47:00";"103";"Acidente c";"256";"BR-386/RS";"Norte";"Capotamento";1;0;0;0;0;0;0;0;0;0;1;0;2;0;0
"27/09/2021";"12:12:00";"134";"Acidente c";"9";"BR-101/RS";"Sul";"Colisão - Traseira";1;0;0;1;0;0;0;0;0;0;1;1;0;0;0
"27/09/2021";"04:38:00";"202";"Acidente s";"85";"BR-290/RS";"Leste";"Colisão - Lateral";2;0;0;0;0;0;0;0;0;0;2;0;0;0;0
"27/09/2021";"06:56:00";"242";"Acidente s";"53.5";"BR-101/RS";"Ambos";"Colisão - Traseira";1;0;0;0;0;0;0;1;0;0;4;0;0;0;0
"28/09/2021";"02:06:00";"9";"Acidente c";"10";"BR-290/RS";"Oeste";"Choque - Canaleta";1;0;0;0;0;0;0;0;0;0;0;1;0;0;0
"28/09/2021";"03:40:00";"171";"Acidente s";"426";"BR-386/RS";"Norte";"Choque com veículo na faixa de rolamento";1;0;0;0;0;0;0;0;0;1;2;0;0;0;0
"28/09/2021";"04:57:00";"180";"Acidente s";"417";"BR-386/RS";"Norte";"Saída de pista";1;0;0;0;0;0;0;0;0;0;2;0;0;0;0
"28/09/2021";"05:02:00";"181";"Acidente s";"349";"BR-386/RS";"Sul";"Colisão - Traseira";2;0;1;0;0;0;0;0;0;0;3;0;0;0;0
"28/09/2021";"06:43:00";"204";"Acidente c";"9";"BR-448/RS";"Norte";"Colisão - Traseira";3;0;0;0;0;0;0;0;0;0;3;1;0;0;0
"29/09/2021";"08:16:00";"61";"Acidente s";"60";"BR-290/RS";"Oeste";"Choque Praça - Cabine";0;0;0;0;0;1;0;1;0;0;2;0;0;0;0
"29/09/2021";"04:25:00";"171";"Acidente s";"22";"BR-448/RS";"Norte";"Colisão - Lateral";2;0;0;0;0;0;0;0;0;0;3;0;0;0;0
"29/09/2021";"05:29:00";"178";"Acidente s";"60";"BR-290/RS";"Oeste";;1;0;0;0;0;0;0;0;0;0;1;0;0;0;0
"29/09/2021";"07:38:00";"200";"Acidente s";"96.03";"BR-290/RS";"Leste";"Colisão - Traseira";2;0;0;0;0;0;0;0;0;0;2;0;0;0;0
"30/09/2021";"02:10:00";"237";"Acidente s";"13";"BR-101/RS";"Norte";"Colisão - Lateral";0;0;2;0;0;0;0;0;0;0;2;0;0;0;0
"30/09/2021";"06:23:00";"257";"Acidente s";"277";"BR-386/RS";"Sul";"Saída de pista";1;0;0;0;0;0;0;0;0;0;1;0;0;0;0
"30/09/2021";"07:38:00";"291";"Acidente c";"86";"BR-290/RS";"Oeste";"Colisão - Traseira";1;0;0;1;0;0;0;0;0;0;1;1;0;0;0
"30/09/2021";"08:41:00";"323";"Acidente s";"83";"BR-290/RS";"Oeste";"Colisão - Traseira";2;0;0;0;0;0;0;0;0;0;2;0;0;0;0
"30/09/2021";"09:06:00";"332";"Acidente s";"85";"BR-290/RS";"Oeste";"Engavetamento";3;0;0;0;0;0;0;0;0;0;6;0;0;0;0
"30/09/2021";"09:07:00";"333";"Acidente s";"87";"BR-290/RS";"Oeste";"Colisão - Traseira";2;0;0;0;0;0;0;0;0;0;2;0;0;0;0
"30/09/2021";"09:09:00";"334";"Acidente s";"19";"BR-101/RS";"Norte";"Colisão - Lateral";1;0;0;0;0;0;0;1;0;0;2;0;0;0;0
"30/09/2021";"06:46:00";"476";"Acidente s";"16";"BR-290/RS";"Leste";"Choque Defensa";1;0;0;0;0;0;0;0;0;0;1;0;0;0;0
"30/09/2021";"07:00:00";"479";"Acidente s";"408";"BR-386/RS";"Sul";"Saída de pista";1;0;0;0;0;0;0;0;0;0;2;0;0;0;0
"30/09/2021";"07:20:00";"485";"Acidente s";"93";"BR-290/RS";"Oeste";;1;0;0;0;0;0;0;0;0;0;1;0;0;0;0
"30/09/2021";"07:32:00";"490";"Acidente s";"22";"BR-448/RS";"Sul";"Choque Barreira";1;0;0;0;0;0;0;0;0;0;1;0;0;0;0
"30/09/2021";"10:57:00";"515";"Acidente s";"81";"BR-290/RS";"Oeste";"Choque Barreira";1;0;0;0;0;0;0;0;0;0;1;0;0;0;0
"01/10/2021";"12:21:00";"4";"Acidente c";"235";"BR-386/RS";"Norte";"Saída de pista";0;1;0;1;0;0;0;0;0;0;3;0;0;0;0
"01/10/2021";"02:04:00";"17";"Atropelame";"83";"BR-290/RS";"Leste";"Atropelamento - Andarilho";1;1;0;0;0;0;0;1;0;0;1;0;0;0;0
"01/10/2021";"04:06:00";"27";"Acidente c";"58";"BR-290/RS";"Oeste";"Queda de ribanceira";0;0;0;2;0;0;0;0;0;0;2;0;0;0;0
"01/10/2021";"10:58:00";"120";"Acidente s";"19";"BR-290/RS";"Leste";"Colisão - Traseira";0;2;0;0;0;0;0;4;0;0;4;0;0;0;0
"01/10/2021";"11:07:00";"123";"Acidente c";"55";"BR-290/RS";"Leste";"Colisão - Lateral";0;1;0;1;0;0;0;1;0;0;1;0;0;0;0
"01/10/2021";"02:47:00";"164";"Atropelame";"80";"BR-101/RS";"Sul";"Atropelamento - Andarilho";0;0;1;0;0;0;0;1;0;0;2;0;0;0;0
"01/10/2021";"02:58:00";"168";"Acidente c";"92";"BR-290/RS";"Oeste";"Atropelamento - Esportista";0;1;1;0;0;0;0;1;0;0;2;0;0;0;0
"01/10/2021";"04:39:00";"181";"Acidente s";"372";"BR-386/RS";"Sul";"Saída de pista";0;1;0;0;0;0;0;1;0;0;0;0;0;0;0
"01/10/2021";"07:09:00";"213";"Acidente s";"280";"BR-386/RS";"Norte";"Queda de moto";0;0;0;0;0;0;0;1;0;0;1;0;1;0;0
"01/10/2021";"07:30:00";"223";"Acidente s";"439";"BR-386/RS";"Sul";"Colisão - Traseira";0;1;0;0;0;0;0;5;0;0;1;0;0;0;0
"01/10/2021";"08:17:00";"240";"Acidente s";"60";"BR-290/RS";"Leste";"Choque Praça - Cabine";0;0;0;0;0;0;0;2;0;0;2;0;0;1;0
"01/10/2021";"08:28:00";"242";"Acidente c";"354";"BR-386/RS";"Norte";"Colisão - Traseira";0;2;0;1;0;0;0;2;0;0;5;0;0;0;0
"01/10/2021";"10:11:00";"269";"Acidente s";"210";"BR-386/RS";"Sul";"Saída de pista";0;1;0;0;0;0;0;2;0;0;2;0;0;0;0
"02/10/2021";"02:25:00";"13";"Acidente s";"11";"BR-448/RS";"Sul";"Colisão - Lateral";0;2;0;0;0;0;0;3;0;0;2;0;0;0;0
"02/10/2021";"02:39:00";"163";"Acidente s";"349";"BR-386/RS";"Norte";"Choque Barreira";0;1;0;0;0;0;0;4;1;0;2;0;0;1;0
"02/10/2021";"04:16:00";"179";"Acidente s";"348";"BR-386/RS";"Norte";"Saída de pista";0;1;0;0;0;0;0;1;0;0;1;0;0;0;0
"02/10/2021";"05:44:00";"195";"Acidente s";"75";"BR-290/RS";"Leste";"Queda de moto";0;0;0;0;0;0;0;1;0;0;3;0;1;0;0
"02/10/2021";"06:38:00";"208";"Acidente s";"85";"BR-101/RS";"Sul";"Saída de pista";0;1;0;0;0;0;0;2;0;0;0;0;0;0;0
"02/10/2021";"11:44:00";"250";"Acidente s";"11";"BR-101/RS";"Norte";"Saída de pista";0;1;0;0;0;0;0;1;0;0;2;0;0;0;0
"03/10/2021";"03:31:00";"16";"Acidente s";"245";"BR-386/RS";"Norte";"Saída de pista";0;1;0;0;0;0;0;1;0;0;2;0;0;0;0
"03/10/2021";"07:00:00";"28";"Acidente s";"26";"BR-290/RS";"Oeste";"Choque Defensa";0;0;0;0;0;0;0;2;0;0;3;0;0;0;0
"03/10/2021";"07:44:00";"31";"Acidente s";"378";"BR-386/RS";"Norte";"Queda de ribanceira";0;1;0;0;0;0;0;1;0;0;0;0;0;0;0
"03/10/2021";"08:08:00";"36";"Acidente s";"78";"BR-290/RS";"Oeste";"Queda de ribanceira";0;0;0;0;0;0;0;1;1;0;1;0;0;0;0
"03/10/2021";"03:09:00";"90";"Acidente s";"432";"BR-386/RS";"Sul";"Queda de moto";0;0;0;0;0;0;0;1;0;0;3;0;1;0;0
"03/10/2021";"03:25:00";"95";"Acidente s";"297";"BR-386/RS";"Sul";"Saída de pista";0;1;0;0;0;0;0;1;0;0;3;0;0;0;0
"03/10/2021";"05:49:00";"107";"Atropelame";"383";"BR-386/RS";"Sul";"Atropelamento - Usuário";0;1;1;0;0;0;0;1;0;0;0;0;0;0;0
"03/10/2021";"06:05:00";"112";"Acidente s";"423";"BR-386/RS";"Norte";"Queda de moto";0;0;0;0;0;0;0;1;0;0;2;0;1;0;0
"03/10/2021";"08:24:00";"144";"Acidente c";"306";"BR-386/RS";"Norte";"Saída de pista";0;0;0;1;0;0;0;0;0;0;2;0;0;1;0
"04/10/2021";"01:23:00";"8";"Acidente c";"190";"BR-386/RS";"Norte";"Colisão - Lateral";0;1;0;1;0;0;0;1;1;0;1;0;0;0;0
"04/10/2021";"06:23:00";"33";"Acidente s";"90";"BR-290/RS";"Leste";"Tombamento";0;0;0;0;0;0;0;1;1;0;1;0;0;0;0
"04/10/2021";"07:20:00";"39";"Acidente c";"262";"BR-386/RS";"Norte";"Capotamento";0;1;0;1;0;0;0;0;0;0;0;0;0;0;0
"04/10/2021";"04:46:00";"184";"Acidente s";"85";"BR-101/RS";"Norte";"Choque - Sinalização";0;1;0;0;0;0;0;4;0;0;0;0;0;0;0
"04/10/2021";"06:29:00";"205";"Acidente s";"88";"BR-290/RS";"Leste";"Engavetamento";0;3;0;0;0;0;0;5;0;0;3;0;0;0;0
"05/10/2021";"02:49:00";"14";"Acidente s";"56";"BR-290/RS";"Oeste";"Saída de pista";0;0;0;0;0;0;0;2;0;0;2;0;0;0;0
"05/10/2021";"08:29:00";"89";"Acidente c";"92.29";"BR-290/RS";"Oeste";"Engavetamento";0;4;0;1;0;0;0;5;0;0;4;0;0;0;0
"05/10/2021";"09:23:00";"111";"Acidente s";"383";"BR-386/RS";"Sul";"Capotamento";0;1;0;0;0;0;0;2;0;0;0;0;0;0;0
"05/10/2021";"02:14:00";"184";"Acidente c";"65";"BR-290/RS";"Oeste";"Queda de moto";0;0;0;1;0;0;0;0;0;0;0;0;1;0;0
"05/10/2021";"03:44:00";"204";"Atropelame";"69";"BR-290/RS";"Oeste";"Atropelamento - Usuário";1;1;0;0;0;0;0;4;0;0;1;0;0;0;0
"05/10/2021";"09:36:00";"267";"Acidente s";"48.18";"BR-290/RS";"Oeste";"Choque com objeto sobre a pista";0;2;0;0;0;0;0;2;0;0;3;0;0;0;0
"06/10/2021";"01:44:00";"11";"Acidente c";"216";"BR-386/RS";"Norte";"Colisão - Traseira";0;1;2;0;0;0;0;1;0;0;0;0;0;0;0
"06/10/2021";"06:09:00";"28";"Acidente s";"268";"BR-386/RS";"Norte";"Colisão - Traseira";0;1;0;0;0;0;0;3;0;0;3;1;0;0;0