data;horario;n_da_ocorrencia;tipo_de_ocorrencia;km;trecho;sentido;tipo_de_acidente;automovel;bicicleta;caminhao;moto;onibus;outros;tracao_animal;transporte_de_cargas_especiais;trator_maquinas;utilitarios;ilesos;levemente_feridos;moderadamente_feridos;gravemente_feridos;mortos
"28/10/2021";"07:48:00";"92";"Acidente c";"86";"BR-290/RS";"Oeste";"Engavetamento";0;4;0;1;0;0;0;7;0;0;1;0;0;0;0
"28/10/2021";"07:50:00";"95";"Acidente s";"345";"BR-386/RS";"Norte";"Engavetamento";0;3;0;0;0;0;0;3;0;0;1;0;0;0;0
"28/10/2021";"07:56:00";"97";"Acidente c";"342";"BR-386/RS";"Sul";"Colisão - Traseira";0;1;0;1;0;0;1;3;0;0;4;0;1;0;0
"28/10/2021";"08:51:00";"127";"Acidente s";"326";"BR-386/RS";"Norte";"Queda de moto";0;0;0;0;0;0;0;1;0;0;1;0;1;0;0
"29/10/2021";"12:49:00";"5";"Acidente s";"92";"BR-290/RS";"Leste";"Queda de ribanceira";0;1;0;0;0;0;0;1;0;0;2;0;0;0;0
"29/10/2021";"02:26:00";"14";"Acidente s";"77";"BR-101/RS";"Norte";"Atropelamento de Animal";0;0;0;0;0;0;0;2;1;0;1;0;0;0;0
"29/10/2021";"09:16:00";"114";"Acidente s";"87";"BR-290/RS";"Oeste";"Colisão - Lateral";0;1;0;0;0;0;0;2;1;0;2;0;0;0;0
"29/10/2021";"11:12:00";"141";"Acidente s";"70";"BR-101/RS";"Norte";"Colisão - Traseira";0;2;0;0;0;0;0;2;0;0;2;0;0;0;0
"29/10/2021";"11:27:00";"149";"Acidente s";"59";"BR-101/RS";"Norte";"Queda de ribanceira";0;1;0;0;0;0;0;2;0;0;1;0;0;0;0
"29/10/2021";"11:40:00";"152";"Acidente s";"91";"BR-290/RS";"Leste";"Colisão - Lateral";0;1;0;0;0;0;0;2;0;0;1;0;0;0;0
"29/10/2021";"05:58:00";"249";"Acidente s";"90";"BR-290/RS";"Leste";"Engavetamento";0;3;0;0;0;0;0;5;0;0;2;0;0;0;0
"29/10/2021";"06:05:00";"251";"Acidente s";"293";"BR-386/RS";"Sul";"Engavetamento";0;3;0;0;0;0;0;7;0;0;4;0;0;0;0
"29/10/2021";"07:01:00";"265";"Acidente c";"94";"BR-290/RS";"Leste";"Colisão - Traseira";0;1;0;1;0;0;0;1;0;0;0;0;1;0;0
"29/10/2021";"07:58:00";"277";"Acidente c";"274";"BR-386/RS";"Norte";"Colisão - Traseira";0;0;1;0;0;0;0;1;0;0;2;0;1;0;1
"29/10/2021";"11:07:00";"322";"Acidente s";"68";"BR-290/RS";"Leste";"Atropelamento de Animal";0;1;0;0;0;0;0;5;0;0;2;0;0;0;0
"30/10/2021";"12:19:00";"3";"Atropelame";"368";"BR-386/RS";"Sul";"Atropelamento - Usuário";1;0;0;0;0;0;0;1;0;0;3;1;0;0;0
"30/10/2021";"02:50:00";"15";"Acidente c";"350";"BR-386/RS";"Sul";"Choque Defensa";0;2;0;0;1;0;0;2;0;0;3;0;0;0;0
"30/10/2021";"10:20:00";"95";"Acidente c";"60";"BR-290/RS";"Oeste";"Colisão - Lateral";0;2;0;0;2;0;0;2;0;0;2;0;0;0;0
"30/10/2021";"11:50:00";"125";"Acidente s";"19";"BR-101/RS";"Norte";"Colisão - Lateral";0;2;0;0;0;0;0;2;0;0;3;0;0;0;0
"30/10/2021";"07:21:00";"237";"Acidente s";"346";"BR-386/RS";"Ambos";"Saída de pista";0;1;0;0;0;0;0;1;0;0;1;0;0;0;0
"31/10/2021";"04:17:00";"19";"Acidente s";"212";"BR-386/RS";"Norte";"Saída de pista";0;1;0;0;0;0;0;1;0;0;2;0;0;0;0
"31/10/2021";"08:19:00";"62";"Acidente s";"412";"BR-386/RS";"Norte";"Colisão - Lateral";0;2;0;0;0;0;0;6;0;0;2;0;0;0;0
"31/10/2021";"11:35:00";"97";"Acidente s";"60";"BR-290/RS";"Leste";"Colisão - Traseira";0;2;0;0;0;0;0;3;0;0;1;0;0;0;0
"31/10/2021";"03:57:00";"145";"Acidente s";"60";"BR-290/RS";"Leste";"Colisão - Lateral";0;2;0;0;0;0;0;7;0;0;1;0;0;0;0
"31/10/2021";"07:55:00";"226";"Acidente s";"19";"BR-290/RS";"Leste";"Colisão - Traseira";0;2;0;0;0;0;0;5;0;0;2;0;0;0;0
"31/10/2021";"09:15:00";"250";"Acidente s";"270";"BR-386/RS";"Norte";"Colisão - Traseira";0;2;0;0;0;0;0;8;0;0;6;0;0;0;0
"31/10/2021";"09:45:00";"257";"Acidente c";"80";"BR-290/RS";"Oeste";"Queda de ribanceira";0;1;0;0;1;0;0;0;0;0;2;0;0;0;0
"31/10/2021";"10:28:00";"261";"Acidente s";"90";"BR-290/RS";"Leste";"Colisão - Traseira";0;1;0;0;0;0;0;3;0;0;2;1;0;0;0
"01/11/2021";"02:35:00";"8";"Acidente s";"63";"BR-101/RS";"Sul";"Atropelamento de Animal";0;0;0;0;0;0;0;0;0;1;2;0;0;0;0
"01/11/2021";"04:08:00";"214";"Acidente s";"331";"BR-386/RS";"Norte";"Colisão - Traseira";0;0;0;0;0;1;0;0;0;1;2;0;0;0;0
"01/11/2021";"04:09:00";"215";"Acidente s";"40";"BR-101/RS";"Norte";"Choque Barreira";1;0;0;0;0;0;0;0;0;0;1;0;0;0;0
"01/11/2021";"11:03:00";"310";"Acidente c";"80";"BR-290/RS";"Leste";"Tombamento";1;0;0;0;0;0;0;1;0;0;0;0;1;0;0
"02/11/2021";"04:44:00";"18";"Acidente s";"264";"BR-386/RS";"Norte";"Atropelamento de Animal";1;0;0;0;0;0;0;0;0;0;1;0;0;0;0
"02/11/2021";"08:03:00";"49";"Acidente c";"78";"BR-290/RS";"Oeste";"Queda de moto";0;0;0;1;0;0;0;0;0;0;0;2;0;0;0
"02/11/2021";"11:10:00";"86";"Acidente c";"10";"BR-448/RS";"Sul";"Queda de moto";0;0;0;1;0;0;0;0;0;0;0;2;0;0;0
"02/11/2021";"01:48:00";"130";"Acidente s";"49";"BR-290/RS";"Leste";"Colisão - Lateral";2;0;0;0;0;0;0;0;0;0;2;0;0;0;0
"02/11/2021";"05:32:00";"191";"Acidente s";"60";"BR-290/RS";"Leste";"Colisão - Lateral";1;0;0;0;0;0;0;0;0;1;3;0;0;0;0
"02/11/2021";"09:37:00";"262";"Acidente s";"22";"BR-448/RS";"Norte";"Colisão - Lateral";1;0;0;0;0;1;0;0;0;0;3;0;0;0;0
"03/11/2021";"01:01:00";"3";"Acidente s";"24";"BR-290/RS";"Oeste";"Colisão - Traseira";2;0;0;0;0;0;0;0;0;0;6;0;0;0;0
"03/11/2021";"02:34:00";"12";"Acidente c";"367";"BR-386/RS";"Norte";"Colisão - Lateral";1;0;0;0;0;0;0;1;0;0;1;0;0;1;0
"03/11/2021";"06:01:00";"30";"Acidente c";"75";"BR-101/RS";"Norte";"Queda de ribanceira";1;0;0;0;0;0;0;0;0;0;1;1;0;0;0
"03/11/2021";"06:48:00";"41";"Acidente s";"92";"BR-290/RS";"Leste";"Queda de moto";0;0;0;1;0;0;0;0;0;0;1;0;0;0;0
"03/11/2021";"08:03:00";"84";"Acidente s";"437";"BR-386/RS";"Sul";"Engavetamento";2;0;0;0;0;0;0;0;0;1;3;0;0;0;0
"03/11/2021";"09:03:00";"116";"Acidente c";"345";"BR-386/RS";"Norte";"Colisão - Traseira";2;0;0;0;0;0;0;0;0;0;1;1;0;0;0
"03/11/2021";"10:18:00";"127";"Acidente s";"92";"BR-290/RS";"Leste";"Colisão - Traseira";2;0;0;0;0;0;0;0;0;0;5;0;0;0;0
"03/11/2021";"11:31:00";"142";"Acidente s";"65";"BR-290/RS";"Oeste";"Choque Defensa";1;0;0;0;0;0;0;0;0;0;1;0;0;0;0
"03/11/2021";"12:01:00";"149";"Acidente s";"22";"BR-448/RS";"Sul";"Choque Barreira";1;0;0;0;0;0;0;0;0;0;1;0;0;0;0
"03/11/2021";"01:33:00";"172";"Acidente s";"73";"BR-290/RS";"Leste";"Colisão - Lateral";1;0;1;0;0;0;0;0;0;0;2;0;0;0;0
"03/11/2021";"04:26:00";"197";"Acidente s";"4";"BR-101/RS";"Norte";"Queda de ribanceira";1;0;0;0;0;0;0;0;0;0;1;0;0;0;0
"03/11/2021";"04:55:00";"205";"Acidente s";"435";"BR-386/RS";"Norte";"Colisão - Transversal";2;0;0;0;0;0;0;0;0;0;2;0;0;0;0
"03/11/2021";"07:05:00";"228";"Acidente c";"345";"BR-386/RS";"Norte";"Queda de moto";0;0;0;1;0;0;0;0;0;0;0;1;0;0;0
"03/11/2021";"08:33:00";"241";"Acidente s";"400";"BR-386/RS";"Sul";"Saída de pista";1;0;0;0;0;0;0;0;0;0;2;0;0;0;0
"03/11/2021";"11:36:00";"262";"Acidente s";"77";"BR-101/RS";"Norte";"Atropelamento de Animal";0;0;0;0;0;0;0;0;0;0;1;0;0;0;0
"04/11/2021";"10:07:00";"142";"Acidente s";"96";"BR-290/RS";"Oeste";"Colisão - Traseira";1;0;0;1;0;0;0;0;0;0;2;0;0;0;0
"04/11/2021";"03:46:00";"229";"Acidente s";"335";"BR-386/RS";"Sul";"Colisão - Traseira";0;0;0;0;0;0;0;0;0;2;2;0;0;0;0
"04/11/2021";"05:31:00";"245";"Acidente s";"94";"BR-290/RS";"Oeste";"Colisão - Lateral";1;0;0;1;0;0;0;0;0;0;3;0;0;0;0
"04/11/2021";"10:49:00";"305";"Acidente s";"55";"BR-290/RS";"Oeste";"Saída de pista";1;0;0;0;0;0;0;0;0;0;2;0;0;0;0
"05/11/2021";"04:22:00";"20";"Acidente s";"32";"BR-290/RS";"Leste";"Outros";1;0;0;0;0;0;0;0;0;0;1;0;0;0;0
"05/11/2021";"07:54:00";"95";"Acidente s";"17";"BR-448/RS";"Sul";"Colisão - Traseira";2;0;0;0;0;0;0;0;0;0;2;0;0;0;0
"05/11/2021";"09:40:00";"140";"Acidente s";"307";"BR-386/RS";"Sul";"Choque Talude";0;0;0;0;0;0;0;0;0;0;2;0;0;0;0
"05/11/2021";"10:17:00";"150";"Acidente s";"86";"BR-290/RS";"Oeste";"Colisão - Traseira";1;0;0;0;0;1;0;0;0;0;4;0;0;0;0
"05/11/2021";"06:33:00";"267";"Acidente s";"15";"BR-448/RS";"Sul";"Colisão - Lateral";1;0;0;0;0;0;0;0;0;0;3;0;0;0;0
"06/11/2021";"03:55:00";"17";"Acidente s";"382";"BR-386/RS";"Sul";"Saída de pista";0;0;0;1;0;0;0;0;0;0;1;0;0;0;0
"06/11/2021";"07:33:00";"45";"Acidente c";"234";"BR-386/RS";"Norte";"Colisão - Frontal";1;0;0;1;0;0;0;0;0;1;2;0;0;1;0
"06/11/2021";"08:02:00";"51";"Acidente s";"347";"BR-386/RS";"Sul";"Capotamento";1;0;0;0;0;0;0;0;0;0;1;0;0;0;0
"06/11/2021";"09:32:00";"74";"Acidente s";"89";"BR-290/RS";"Oeste";"Colisão - Lateral";3;0;0;0;0;0;0;0;0;0;4;0;0;0;0
"06/11/2021";"11:34:00";"95";"Acidente s";"8";"BR-290/RS";"Oeste";"Choque Defensa";1;0;0;0;0;0;0;0;0;0;1;0;0;0;0
"06/11/2021";"11:56:00";"98";"Acidente c";"63";"BR-101/RS";"Norte";;1;0;0;0;0;0;0;0;0;0;0;0;2;0;0
"06/11/2021";"12:12:00";"103";"Acidente s";"410";"BR-386/RS";"Norte";"Queda de ribanceira";1;0;0;0;0;0;0;0;0;0;2;0;0;0;0
"06/11/2021";"01:10:00";"115";"Acidente c";"10";"BR-448/RS";"Norte";"Capotamento";1;0;0;0;0;0;0;0;0;0;0;1;0;0;0
"06/11/2021";"01:35:00";"119";"Acidente s";"9";"BR-101/RS";"Sul";"Colisão - Lateral";0;0;0;0;0;0;0;1;0;0;2;0;0;0;0
"06/11/2021";"02:13:00";"132";"Acidente s";"97";"BR-290/RS";"Oeste";"Colisão - Lateral";2;0;0;0;0;0;0;0;0;0;4;0;0;0;0
"06/11/2021";"02:51:00";"140";"Acidente s";"397";"BR-386/RS";"Norte";"Capotamento";1;0;0;0;0;0;0;0;0;0;3;0;0;0;0
"06/11/2021";"03:51:00";"149";"Acidente c";"396";"BR-386/RS";"Norte";"Capotamento";1;0;0;0;0;0;0;0;0;0;3;1;0;0;0
"06/11/2021";"05:23:00";"166";"Acidente s";"92";"BR-290/RS";"Oeste";"Colisão - Traseira";2;0;0;0;0;0;0;0;0;0;2;0;0;0;0
"06/11/2021";"08:43:00";"197";"Acidente c";"240";"BR-386/RS";"Sul";"Capotamento";1;0;0;0;0;0;0;0;0;0;1;2;0;0;0
"06/11/2021";"11:57:00";"221";"Acidente c";"29";"BR-101/RS";"Sul";"Saída de pista";1;0;0;0;0;0;0;0;0;0;1;1;0;0;0
"07/11/2021";"09:57:00";"54";"Acidente s";"80";"BR-290/RS";"Oeste";"Queda de ribanceira";1;0;0;0;0;0;0;0;0;0;2;0;0;0;0
"07/11/2021";"11:39:00";"68";"Acidente s";"19.1";"BR-290/RS";"Leste";;2;0;0;0;0;0;0;0;0;0;2;0;0;0;0
"07/11/2021";"03:02:00";"97";"Acidente c";"270";"BR-386/RS";"Norte";"Colisão - Traseira";2;0;0;0;0;0;0;0;0;0;3;1;0;0;0
"07/11/2021";"04:37:00";"109";"Acidente c";"27";"BR-290/RS";"Oeste";"Queda de ribanceira";1;0;0;0;0;0;0;0;0;0;0;2;1;0;0
"07/11/2021";"07:17:00";"145";"Acidente c";"416";"BR-386/RS";"Norte";"Colisão - Traseira";2;0;0;0;0;0;0;0;0;0;2;1;0;0;0
"07/11/2021";"07:56:00";"158";"Acidente s";"38";"BR-290/RS";"Leste";"Colisão - Lateral";2;0;0;0;0;0;0;0;0;0;2;0;0;0;0
"07/11/2021";"10:43:00";"187";"Acidente s";"7";"BR-290/RS";"Oeste";"Saída de pista";1;0;0;0;0;0;0;0;0;0;1;0;0;0;0
"08/11/2021";"08:13:00";"84";"Acidente s";"343";"BR-386/RS";"Sul";"Colisão - Traseira";1;0;0;0;0;0;0;0;0;1;2;0;0;0;0
"08/11/2021";"03:10:00";"175";"Acidente c";"238";"BR-386/RS";"Norte";"Saída de pista";1;0;0;0;0;0;0;0;0;0;0;2;0;0;0
"08/11/2021";"03:30:00";"178";"Acidente s";"17";"BR-290/RS";"Leste";"Queda de ribanceira";1;0;0;0;0;0;0;0;0;0;2;0;0;0;0
"08/11/2021";"06:20:00";"204";"Acidente c";"351";"BR-386/RS";"Norte";"Saída de pista";1;0;0;0;0;0;0;0;0;0;0;0;1;0;0
"08/11/2021";"11:50:00";"253";"Acidente c";"419";"BR-386/RS";"Norte";"Colisão - Traseira";1;0;0;0;0;0;0;0;0;0;1;0;1;0;0
"09/11/2021";"11:58:00";"163";"Acidente s";"358";"BR-386/RS";"Sul";"Saída de pista";1;0;0;0;0;0;0;0;0;0;1;0;0;0;0
"09/11/2021";"12:38:00";"169";"Acidente s";"247";"BR-386/RS";"Norte";"Saída de pista";1;0;0;0;0;0;0;0;0;0;2;0;0;0;0
"09/11/2021";"01:42:00";"182";"Acidente s";"328";"BR-386/RS";"Norte";"Colisão - Traseira";1;0;0;0;0;0;0;1;0;0;2;0;0;0;0
"09/11/2021";"03:37:00";"206";"Acidente s";"327";"BR-386/RS";"Sul";"Colisão - Traseira";2;0;0;0;0;0;0;0;0;0;2;0;0;0;0
"09/11/2021";"04:03:00";"213";"Acidente s";"243";"BR-386/RS";"Sul";"Tombamento";0;0;0;0;0;0;0;1;0;0;1;0;0;0;0
"09/11/2021";"06:38:00";"255";"Acidente s";"426";"BR-386/RS";"Sul";"Colisão - Traseira";2;0;0;0;0;0;0;0;0;0;2;0;0;0;0
"09/11/2021";"07:42:00";"270";"Acidente c";"336";"BR-386/RS";"Norte";"Queda de moto";0;0;0;1;0;0;0;0;0;0;1;1;0;0;0
"10/11/2021";"08:05:00";"70";"Acidente s";"392";"BR-386/RS";"Sul";"Queda de ribanceira";1;0;0;0;0;0;0;0;0;0;1;0;0;0;0
"10/11/2021";"12:15:00";"168";"Acidente c";"246";"BR-386/RS";"Ambos";"Colisão - Transversal";1;0;0;1;0;0;0;0;0;0;1;2;0;0;0
"10/11/2021";"01:13:00";"181";"Acidente s";"367";"BR-386/RS";"Norte";"Colisão - Transversal";2;0;0;0;0;0;0;0;0;0;5;0;0;0;0
"10/11/2021";"01:48:00";"192";"Acidente c";"326";"BR-386/RS";"Norte";"Colisão - Transversal";2;0;0;0;0;0;0;0;0;0;1;2;0;0;0
"10/11/2021";"02:18:00";"203";"Acidente s";"434";"BR-386/RS";"Sul";"Colisão - Lateral";1;0;0;0;0;0;0;1;0;0;3;0;0;0;0
"10/11/2021";"02:43:00";"210";"Acidente s";"291";"BR-386/RS";"Sul";"Tombamento";0;0;0;0;0;0;0;0;0;0;1;0;0;0;0
"10/11/2021";"07:24:00";"288";"Acidente s";"407";"BR-386/RS";"Norte";"Outros";1;0;0;0;0;1;0;0;0;0;4;0;0;0;0
"11/11/2021";"04:14:00";"17";"Acidente s";"294";"BR-386/RS";"Norte";"Queda de ribanceira";0;0;0;0;0;0;0;1;0;0;1;0;0;0;0
"11/11/2021";"09:05:00";"115";"Acidente s";"236";"BR-386/RS";"Sul";"Colisão - Traseira";2;0;0;0;0;0;0;0;0;0;2;0;0;0;0
"11/11/2021";"04:55:00";"239";"Acidente s";"77";"BR-290/RS";"Leste";"Colisão - Lateral";1;0;1;0;0;0;0;0;0;0;3;0;0;0;0
"11/11/2021";"05:58:00";"255";"Acidente c";"92";"BR-290/RS";"Oeste";"Queda de moto";0;0;0;1;0;0;0;0;0;0;0;1;0;0;0
"12/11/2021";"01:25:00";"6";"Acidente s";"55";"BR-290/RS";"Leste";"Saída de pista";1;0;0;0;0;0;0;0;0;0;2;0;0;0;0
"12/11/2021";"04:27:00";"18";"Acidente c";"89";"BR-290/RS";"Oeste";"Colisão - Traseira";0;0;0;1;0;0;0;1;0;0;1;1;0;0;0
"12/11/2021";"07:46:00";"76";"Acidente s";"86";"BR-290/RS";"Leste";"Colisão - Lateral";0;0;0;2;0;0;0;0;0;0;2;0;0;0;0
"12/11/2021";"08:17:00";"98";"Acidente c";"342";"BR-386/RS";"Norte";"Colisão - Transversal";2;0;0;0;0;0;0;0;0;0;1;1;0;0;0
"12/11/2021";"03:37:00";"211";"Acidente s";"412";"BR-386/RS";"Sul";"Colisão - Transversal";2;0;0;0;0;0;0;0;0;0;2;0;0;0;0
"12/11/2021";"04:31:00";"224";"Acidente c";"1";"BR-448/RS";"Sul";"Choque Barreira";1;0;0;0;0;1;0;0;0;0;5;1;0;0;0
"12/11/2021";"05:38:00";"251";"Acidente s";"85";"BR-290/RS";"Leste";"Colisão - Traseira";2;0;0;0;0;0;0;0;0;0;9;0;0;0;0
"12/11/2021";"05:59:00";"256";"Acidente s";"2";"BR-101/RS";"Sul";"Colisão - Traseira";0;0;0;0;0;0;0;0;0;0;4;0;0;0;0
"12/11/2021";"08:00:00";"283";"Acidente c";"19";"BR-290/RS";"Leste";"Queda de moto";1;0;0;0;0;0;0;0;0;0;1;1;0;0;0
"12/11/2021";"08:39:00";"298";"Acidente s";"247";"BR-386/RS";"Norte";"Queda de ribanceira";1;0;0;0;0;0;0;0;0;0;1;0;0;0;0
"13/11/2021";"02:58:00";"11";"Acidente c";"18";"BR-448/RS";"Norte";"Atropelamento de Animal";0;0;0;1;0;0;0;0;0;0;0;0;1;0;0
"13/11/2021";"05:44:00";"28";"Acidente s";"94";"BR-290/RS";"Oeste";"Capotamento";1;0;0;0;0;0;0;0;0;0;1;0;0;0;0
"13/11/2021";"06:51:00";"50";"Acidente c";"13";"BR-448/RS";"Norte";"Capotamento";1;0;0;0;0;0;0;0;0;0;0;1;0;0;0
"13/11/2021";"08:13:00";"77";"Acidente s";"216";"BR-386/RS";"Norte";"Colisão - Traseira";1;0;0;0;0;0;0;0;0;0;3;0;0;0;0
"13/11/2021";"08:26:00";"81";"Acidente s";"60";"BR-290/RS";"Leste";"Choque Praça - Cancela";0;0;1;0;0;0;0;0;0;0;1;0;0;0;0
"13/11/2021";"10:05:00";"112";"Acidente s";"41";"BR-290/RS";"Leste";;1;0;0;0;0;0;0;0;0;0;1;0;0;0;0
"13/11/2021";"12:04:00";"147";"Acidente s";"35";"BR-290/RS";"Leste";"Colisão - Traseira";1;0;0;1;0;0;0;0;0;0;2;0;0;0;0
"13/11/2021";"12:42:00";"153";"Acidente c";"98";"BR-290/RS";"Oeste";"Colisão - Lateral";2;0;0;0;0;0;0;0;0;0;2;0;1;0;0
"13/11/2021";"01:53:00";"168";"Acidente s";"90";"BR-290/RS";"Leste";"Colisão - Lateral";1;0;0;0;0;0;0;0;0;0;2;0;0;0;0
"13/11/2021";"02:00:00";"171";"Acidente s";"24";"BR-101/RS";"Norte";"Colisão - Lateral";1;0;1;0;0;0;0;0;0;0;3;0;0;0;0
"13/11/2021";"09:14:00";"267";"Acidente s";"276";"BR-386/RS";"Sul";"Choque - Pilar";1;0;0;0;0;0;0;0;0;0;1;0;0;0;0
"14/11/2021";"01:42:00";"22";"Acidente s";"378";"BR-386/RS";"Sul";"Saída de pista";1;0;0;0;0;0;0;0;0;0;1;0;0;0;0
"14/11/2021";"03:01:00";"20";"Acidente s";"336";"BR-386/RS";"Sul";"Saída de pista";0;0;0;0;0;0;0;0;0;0;1;0;0;0;0
"14/11/2021";"05:44:00";"28";"Acidente c";"52";"BR-101/RS";"Sul";"Tombamento";0;0;0;0;0;0;0;0;0;0;0;1;0;0;0
"14/11/2021";"06:25:00";"37";"Acidente c";"382";"BR-386/RS";"Norte";;1;0;0;0;0;0;0;0;0;0;0;0;1;0;0
"14/11/2021";"01:33:00";"95";"Acidente s";"437";"BR-386/RS";"Norte";"Saída de pista";1;0;0;0;0;0;0;0;0;0;2;0;0;0;0
"15/11/2021";"03:16:00";"14";"Acidente c";"70";"BR-290/RS";"Ambos";"Saída de pista";1;0;0;0;0;0;0;0;0;0;0;0;1;0;0
"15/11/2021";"05:32:00";"16";"Acidente s";"328";"BR-386/RS";"Norte";"Saída de pista";1;0;0;0;0;0;0;0;0;0;3;0;0;0;0
"15/11/2021";"02:50:00";"168";"Acidente s";"362";"BR-386/RS";"Sul";"Colisão - Lateral";1;0;0;1;0;0;0;0;0;0;3;0;0;0;0
"15/11/2021";"05:01:00";"245";"Acidente s";"91";"BR-290/RS";"Oeste";"Tombamento";0;0;0;0;0;0;0;1;0;0;1;0;0;0;0
"15/11/2021";"05:56:00";"271";"Acidente s";"89";"BR-290/RS";"Oeste";"Colisão - Traseira";0;0;0;2;0;0;0;0;0;0;4;0;0;0;0
"15/11/2021";"11:03:00";"381";"Acidente s";"189";"BR-386/RS";"Norte";"Colisão - Lateral";1;0;0;0;0;0;0;1;0;0;7;0;0;0;0
"16/11/2021";"12:34:00";"3";"Acidente s";"42";"BR-290/RS";"Oeste";"Queda de moto";1;0;0;0;0;0;0;0;0;0;2;0;0;0;0
"16/11/2021";"06:09:00";"38";"Acidente s";"35";"BR-101/RS";"Sul";"Colisão - Lateral";1;0;0;0;0;0;0;1;0;0;3;0;0;0;0
"16/11/2021";"06:41:00";"41";"Acidente s";"425";"BR-386/RS";"Sul";"Queda de moto";0;0;0;1;0;0;0;0;0;0;2;0;0;0;0
"16/11/2021";"06:54:00";"45";"Acidente c";"76";"BR-290/RS";"Oeste";"Engavetamento";2;0;0;0;0;0;0;0;0;0;3;0;1;2;0
"16/11/2021";"08:51:00";"107";"Acidente s";"95";"BR-290/RS";"Oeste";"Colisão - Lateral";1;0;0;0;0;0;0;1;0;0;2;0;0;0;0
"16/11/2021";"11:35:00";"159";"Acidente s";"397";"BR-386/RS";"Norte";"Saída de pista";1;0;0;0;0;0;0;0;0;0;1;0;0;0;0
"16/11/2021";"02:09:00";"200";"Acidente s";"23";"BR-101/RS";"Norte";"Colisão - Traseira";1;0;0;1;0;0;0;0;0;0;3;0;0;0;0
"16/11/2021";"04:35:00";"239";"Acidente s";"92";"BR-290/RS";"Leste";"Colisão - Lateral";2;0;0;0;0;0;0;0;0;0;3;0;0;0;0
"16/11/2021";"04:35:00";"240";"Acidente c";"304";"BR-386/RS";"Norte";"Saída de pista";1;0;0;0;0;0;0;0;0;0;0;1;0;0;0
"16/11/2021";"06:06:00";"268";"Acidente s";"96";"BR-290/RS";"Leste";"Colisão - Traseira";1;0;0;0;0;0;0;0;0;1;2;0;0;0;0
"16/11/2021";"06:45:00";"278";"Acidente c";"23";"BR-101/RS";"Norte";"Colisão - Lateral";2;0;0;0;0;0;0;0;0;0;2;2;1;0;0
"16/11/2021";"07:22:00";"289";"Acidente s";"423";"BR-386/RS";"Sul";"Queda de ribanceira";1;0;0;0;0;0;0;0;0;0;2;0;0;0;0
"17/11/2021";"07:20:00";"45";"Acidente s";"94";"BR-290/RS";"Oeste";"Colisão - Traseira";1;0;0;0;0;0;0;0;0;0;2;0;0;0;0
"17/11/2021";"08:14:00";"67";"Acidente s";"426";"BR-386/RS";"Norte";"Choque Praça - Cancela";0;0;0;0;0;1;0;0;0;0;1;0;0;0;0
"17/11/2021";"08:20:00";"73";"Acidente s";"75";"BR-290/RS";"Leste";"Queda de ribanceira";1;0;0;0;0;0;0;0;0;0;1;0;0;0;0
"17/11/2021";"10:38:00";"117";"Acidente s";"45";"BR-101/RS";"Norte";"Colisão - Lateral";1;0;1;0;0;0;0;0;0;0;2;0;0;0;0
"17/11/2021";"05:08:00";"199";"Acidente s";"237";"BR-386/RS";"Norte";"Queda de ribanceira";1;0;0;0;0;0;0;0;0;0;3;0;0;0;0
"17/11/2021";"05:50:00";"205";"Acidente c";"267";"BR-386/RS";"Norte";"Colisão - Lateral";1;0;1;0;0;0;0;0;0;0;2;0;1;0;0
"17/11/2021";"10:35:00";"241";"Acidente c";"441";"BR-386/RS";"Sul";"Colisão - Lateral";4;0;0;0;0;0;0;0;0;0;4;1;0;0;0
"18/11/2021";"04:42:00";"11";"Acidente s";"82";"BR-290/RS";"Oeste";"Queda de ribanceira";0;0;0;0;0;1;0;0;0;0;1;0;0;0;0
"18/11/2021";"07:25:00";"39";"Acidente s";"284";"BR-386/RS";"Sul";"Engavetamento";2;0;0;0;0;0;0;0;0;0;4;0;0;0;0
"18/11/2021";"08:16:00";"58";"Acidente c";"83";"BR-101/RS";"Sul";"Colisão - Traseira";1;0;0;1;0;0;0;0;0;0;1;1;0;0;0
"18/11/2021";"10:41:00";"105";"Acidente s";"68";"BR-290/RS";"Oeste";"Colisão - Lateral";1;0;0;0;0;0;0;0;0;0;2;0;0;0;0
"18/11/2021";"11:10:00";"114";"Acidente s";"95";"BR-290/RS";"Oeste";"Colisão - Traseira";2;0;0;0;0;0;0;0;0;0;4;0;0;0;0
"18/11/2021";"11:38:00";"127";"Acidente s";"39";"BR-101/RS";"Sul";"Queda de ribanceira";1;0;0;0;0;0;0;0;0;0;1;0;0;0;0
"18/11/2021";"12:40:00";"137";"Acidente c";"331";"BR-386/RS";"Sul";"Colisão - Transversal";1;0;0;0;0;1;0;0;0;0;1;0;1;0;0
"18/11/2021";"01:50:00";"151";"Acidente s";"247";"BR-386/RS";"Norte";"Colisão - Lateral";0;0;0;0;0;2;0;0;0;0;2;0;0;0;0
"18/11/2021";"02:32:00";"160";"Acidente s";"21";"BR-448/RS";"Norte";"Colisão - Traseira";2;0;0;0;0;0;0;0;0;0;2;0;0;0;0
"19/11/2021";"12:07:00";"2";"Acidente s";"96";"BR-290/RS";"Oeste";"Colisão - Traseira";2;0;0;0;0;0;0;0;0;0;8;0;0;0;0
"19/11/2021";"05:02:00";"16";"Acidente s";"433";"BR-386/RS";"Norte";"Saída de pista";0;0;1;0;0;0;0;0;0;1;3;0;0;0;0