data;horario;n_da_ocorrencia;tipo_de_ocorrencia;km;trecho;sentido;tipo_de_acidente;automovel;bicicleta;caminhao;moto;onibus;outros;tracao_animal;transporte_de_cargas_especiais;trator_maquinas;utilitarios;ilesos;levemente_feridos;moderadamente_feridos;gravemente_feridos;mortos
"14/01/2022";"06:42:00";"43";"Acidente s";"2";"BR-448/RS";"Norte";"Capotamento";1;0;0;0;0;0;0;0;0;0;1;0;0;0;0
"14/01/2022";"08:33:00";"98";"Acidente s";"343";"BR-386/RS";"Norte";"Engavetamento";3;0;0;0;0;0;0;0;0;0;5;0;0;0;0
"14/01/2022";"09:14:00";"119";"Acidente s";"19";"BR-290/RS";"Leste";"Colisão - Lateral";2;0;0;0;0;0;0;0;0;0;4;0;0;0;0
"14/01/2022";"10:45:00";"149";"Acidente s";"44";"BR-290/RS";"Oeste";"Colisão - Lateral";2;0;0;0;0;0;0;0;0;0;5;0;0;0;0
"14/01/2022";"10:48:00";"150";"Acidente c";"225";"BR-386/RS";"Sul";"Colisão - Traseira";2;0;0;0;0;0;0;0;0;0;0;1;1;0;0
"14/01/2022";"10:54:00";"154";"Acidente s";"26";"BR-290/RS";"Leste";"Colisão - Traseira";1;0;1;0;0;0;0;0;0;0;2;0;0;0;0
"14/01/2022";"11:15:00";"159";"Acidente s";"41";"BR-101/RS";"Sul";"Colisão - Traseira";2;0;0;0;0;0;0;0;0;0;2;0;0;0;0
"14/01/2022";"12:18:00";"183";"Acidente c";"52";"BR-290/RS";"Leste";"Colisão - Traseira";1;0;0;1;0;0;0;0;0;0;1;1;0;0;0
"14/01/2022";"01:24:00";"203";"Acidente s";"60";"BR-290/RS";"Oeste";"Engavetamento";1;0;2;0;0;0;0;0;0;0;3;0;0;0;0
"14/01/2022";"02:34:00";"226";"Acidente c";"439";"BR-386/RS";"Sul";"Colisão - Traseira";0;0;0;1;0;0;0;1;0;0;1;1;0;0;0
"14/01/2022";"06:37:00";"315";"Acidente s";"413";"BR-386/RS";"Norte";"Saída de pista";0;0;0;0;0;0;0;1;0;0;1;0;0;0;0
"14/01/2022";"06:45:00";"317";"Acidente c";"347";"BR-386/RS";"Sul";"Capotamento";1;0;0;0;0;0;0;0;0;0;0;0;1;0;0
"14/01/2022";"06:59:00";"322";"Acidente c";"425";"BR-386/RS";"Sul";"Saída de pista";1;0;0;0;0;0;0;0;0;0;0;1;0;0;0
"14/01/2022";"08:18:00";"346";"Acidente s";"397";"BR-386/RS";"Norte";"Choque Talude";1;0;0;0;0;0;0;0;0;0;2;0;0;0;0
"15/01/2022";"02:16:00";"11";"Acidente s";"361";"BR-386/RS";"Sul";"Queda de ribanceira";1;0;0;0;0;0;0;0;0;0;4;0;0;0;0
"15/01/2022";"02:47:00";"14";"Acidente s";"4";"BR-101/RS";"Norte";"Saída de pista";1;0;0;0;0;0;0;0;0;0;2;0;0;0;0
"15/01/2022";"07:56:00";"75";"Acidente s";"274";"BR-386/RS";"Norte";"Saída de pista";1;0;0;0;0;0;0;0;0;0;3;0;0;0;0
"15/01/2022";"08:07:00";"79";"Acidente c";"413";"BR-386/RS";"Sul";"Colisão - Frontal";1;0;0;1;0;0;0;0;0;0;2;1;1;0;0
"15/01/2022";"09:39:00";"107";"Acidente s";"285";"BR-386/RS";"Sul";"Colisão - Traseira";2;0;0;0;0;0;0;0;0;0;3;0;0;0;0
"15/01/2022";"01:08:00";"153";"Acidente s";"420";"BR-386/RS";"Norte";"Queda de ribanceira";1;0;0;0;0;0;0;0;0;0;1;0;0;0;0
"15/01/2022";"03:32:00";"206";"Acidente s";"35";"BR-101/RS";"Norte";"Choque Praça - Submarino";0;0;0;0;0;1;0;0;0;0;1;0;0;0;0
"15/01/2022";"05:23:00";"248";"Acidente s";"97";"BR-290/RS";"Oeste";"Choque Defensa";0;0;0;1;0;0;0;0;0;0;1;0;0;0;0
"15/01/2022";"06:59:00";"274";"Acidente s";"91";"BR-290/RS";"Leste";"Colisão - Traseira";2;0;0;0;0;0;0;0;0;0;3;0;0;0;0
"15/01/2022";"08:13:00";"286";"Acidente s";"407";"BR-386/RS";"Sul";"Queda de ribanceira";1;0;0;0;0;0;0;0;0;0;4;0;0;0;0
"15/01/2022";"08:58:00";"299";"Acidente s";"19";"BR-290/RS";"Leste";"Colisão - Traseira";1;0;0;0;0;0;0;0;0;1;5;0;0;0;0
"15/01/2022";"09:03:00";"302";"Acidente c";"359";"BR-386/RS";"Ambos";"Saída de pista";1;0;0;0;0;0;0;0;0;0;0;0;1;0;0
"16/01/2022";"12:44:00";"5";"Acidente s";"40";"BR-290/RS";"Leste";"Saída de pista";1;0;0;0;0;0;0;0;0;0;1;0;0;0;0
"16/01/2022";"04:12:00";"16";"Acidente c";"0";"BR-448/RS";"Norte";"Queda de Ponte/Viaduto";1;0;0;0;0;0;0;0;0;0;0;0;2;0;0
"16/01/2022";"01:04:00";"149";"Acidente s";"320";"BR-386/RS";"Norte";"Colisão - Lateral";2;0;0;0;0;0;0;0;0;0;2;0;0;0;0
"16/01/2022";"04:33:00";"240";"Acidente c";"3";"BR-290/RS";"Oeste";"Engavetamento";9;0;0;0;0;0;0;0;0;0;16;1;1;2;0
"16/01/2022";"05:15:00";"253";"Acidente s";"5";"BR-290/RS";"Oeste";"Colisão - Traseira";2;0;0;0;0;0;0;0;0;0;2;0;0;0;0
"16/01/2022";"05:54:00";"267";"Acidente c";"3";"BR-290/RS";"Leste";"Queda de moto";1;0;0;1;0;0;0;0;0;0;1;0;1;0;0
"16/01/2022";"06:31:00";"277";"Acidente s";"86";"BR-101/RS";"Sul";"Choque - Sinalização";2;0;0;0;0;0;0;0;0;0;4;0;0;0;0
"16/01/2022";"06:33:00";"278";"Acidente c";"22";"BR-448/RS";"Norte";"Choque Barreira";1;0;0;0;0;0;0;0;0;0;4;1;0;0;0
"16/01/2022";"06:39:00";"280";"Acidente c";"320";"BR-386/RS";"Sul";"Saída de pista";1;0;0;0;0;0;0;0;0;0;0;1;0;0;0
"16/01/2022";"06:58:00";"288";"Acidente s";"11";"BR-290/RS";"Leste";"Saída de pista";1;0;0;0;0;0;0;0;0;0;1;0;0;0;0
"16/01/2022";"08:47:00";"319";"Acidente s";"416";"BR-386/RS";"Sul";"Saída de pista";1;0;0;0;0;0;0;0;0;0;3;0;0;0;0
"16/01/2022";"09:02:00";"327";"Acidente s";"95";"BR-290/RS";"Oeste";"Colisão - Traseira";2;0;0;0;0;0;0;0;0;0;2;0;0;0;0
"16/01/2022";"09:04:00";"330";"Acidente s";"439";"BR-386/RS";"Sul";"Capotamento";1;0;0;0;0;0;0;0;0;0;1;0;0;0;0
"16/01/2022";"09:17:00";"334";"Acidente c";"29";"BR-290/RS";"Oeste";"Atropelamento de Animal";2;0;0;0;0;0;0;0;0;0;1;2;0;0;0
"16/01/2022";"09:35:00";"341";"Acidente s";"29";"BR-290/RS";"Leste";"Atropelamento de Animal";0;0;0;0;0;0;0;1;0;0;1;0;0;0;0
"16/01/2022";"11:22:00";"368";"Acidente s";"24";"BR-290/RS";"Oeste";"Colisão - Traseira";2;0;0;0;0;0;0;0;0;0;2;0;0;0;0
"17/01/2022";"01:04:00";"14";"Acidente s";"19";"BR-290/RS";"Oeste";"Colisão - Lateral";1;0;1;0;0;0;0;0;0;0;5;0;0;0;0
"17/01/2022";"01:48:00";"26";"Acidente c";"25";"BR-101/RS";"Sul";"Tombamento";1;0;0;0;0;0;0;2;0;0;1;1;0;0;0
"17/01/2022";"04:23:00";"35";"Acidente s";"419";"BR-386/RS";"Sul";"Choque - Meio Fio";1;0;0;0;0;0;0;0;0;0;2;0;0;0;0
"17/01/2022";"07:35:00";"88";"Acidente s";"88";"BR-290/RS";"Oeste";"Colisão - Traseira";2;0;0;0;0;0;0;0;0;0;3;0;0;0;0
"17/01/2022";"08:42:00";"117";"Acidente s";"3";"BR-290/RS";"Oeste";"Colisão - Traseira";2;0;0;0;0;0;0;0;0;0;2;0;0;0;0
"17/01/2022";"09:41:00";"144";"Acidente s";"60";"BR-290/RS";"Oeste";"Colisão - Traseira";1;0;0;0;0;0;0;1;0;0;4;0;0;0;0
"17/01/2022";"11:41:00";"185";"Acidente s";"35";"BR-101/RS";"Norte";"Colisão - Traseira";2;0;0;0;0;0;0;0;0;0;2;0;0;0;0
"17/01/2022";"01:09:00";"215";"Acidente s";"392";"BR-386/RS";"Norte";"Colisão - Traseira";1;0;0;0;0;0;0;0;0;1;4;0;0;0;0
"17/01/2022";"02:47:00";"245";"Acidente s";"304";"BR-386/RS";"Sul";"Queda de ribanceira";1;0;0;0;0;0;0;0;0;0;3;0;0;0;0
"17/01/2022";"03:33:00";"264";"Acidente c";"10";"BR-448/RS";"Norte";"Engavetamento";0;0;3;0;0;0;0;0;0;0;4;0;0;0;2
"17/01/2022";"03:55:00";"269";"Acidente c";"343";"BR-386/RS";"Norte";"Queda de moto";1;0;0;0;0;0;0;0;0;0;0;1;0;0;0
"17/01/2022";"05:41:00";"301";"Acidente s";"57";"BR-290/RS";"Oeste";"Saída de pista";1;0;0;0;0;0;0;0;0;0;2;0;0;0;0
"17/01/2022";"07:14:00";"323";"Acidente c";"307";"BR-386/RS";"Sul";"Tombamento";0;0;0;0;0;0;0;1;0;0;0;1;0;0;0
"17/01/2022";"11:32:00";"367";"Atropelame";"94";"BR-290/RS";"Leste";"Atropelamento - Morador/Trabalhador/Estudante";0;0;0;0;0;0;0;0;0;1;1;0;0;0;1
"18/01/2022";"12:15:00";"3";"Acidente c";"39";"BR-290/RS";"Leste";"Colisão - Transversal";1;0;0;0;0;0;0;0;0;1;5;0;0;1;0
"18/01/2022";"04:11:00";"20";"Acidente c";"333";"BR-386/RS";"Sul";"Queda de ribanceira";1;0;1;0;0;0;0;0;0;0;1;0;3;2;0
"18/01/2022";"05:41:00";"27";"Acidente s";"85";"BR-290/RS";"Oeste";"Colisão - Lateral";1;0;0;0;0;0;0;0;0;1;2;0;0;0;0
"18/01/2022";"07:00:00";"51";"Acidente c";"51";"BR-290/RS";"Oeste";"Colisão - Traseira";1;0;0;0;0;1;0;0;0;0;1;3;1;0;0
"18/01/2022";"10:22:00";"130";"Acidente c";"402";"BR-386/RS";"Norte";"Queda de ribanceira";1;0;0;0;0;0;0;0;0;0;0;1;0;0;0
"18/01/2022";"01:57:00";"179";"Acidente c";"355";"BR-386/RS";"Sul";"Capotamento";1;0;0;0;0;0;0;0;0;0;0;0;1;0;0
"18/01/2022";"02:24:00";"188";"Acidente c";"331";"BR-386/RS";"Norte";"Colisão - Lateral";2;0;0;0;0;0;0;0;0;0;1;2;1;0;0
"18/01/2022";"03:06:00";"199";"Acidente s";"72";"BR-290/RS";"Oeste";"Colisão - Traseira";2;0;0;0;0;0;0;0;0;0;4;0;0;0;0
"18/01/2022";"05:19:00";"230";"Acidente c";"414";"BR-386/RS";"Sul";"Saída de pista";1;0;0;0;0;0;0;0;0;0;1;0;1;0;0
"18/01/2022";"07:48:00";"252";"Acidente s";"220";"BR-386/RS";"Norte";"Colisão - Lateral";1;0;0;0;0;0;0;1;0;0;2;0;0;0;0
"19/01/2022";"06:07:00";"28";"Acidente s";"75";"BR-290/RS";"Leste";"Queda de ribanceira";1;0;0;0;0;0;0;0;0;0;1;0;0;0;0
"19/01/2022";"07:19:00";"42";"Acidente s";"394";"BR-386/RS";"Norte";"Queda de ribanceira";0;0;1;0;0;0;0;0;0;0;1;0;0;0;0
"19/01/2022";"10:06:00";"119";"Acidente s";"94";"BR-290/RS";"Oeste";"Colisão - Lateral";1;0;0;0;0;1;0;0;0;0;3;0;0;0;0
"19/01/2022";"12:45:00";"168";"Acidente c";"15";"BR-101/RS";"Sul";"Saída de pista";1;0;0;0;0;1;0;0;0;0;0;1;0;0;0
"20/01/2022";"01:12:00";"5";"Acidente s";"17";"BR-290/RS";"Leste";"Choque Defensa";1;0;0;0;0;0;0;0;0;0;4;0;0;0;0
"20/01/2022";"05:03:00";"16";"Acidente c";"438";"BR-386/RS";"Sul";"Colisão - Transversal";1;0;0;1;0;0;0;0;0;0;1;0;1;0;0
"20/01/2022";"05:45:00";"18";"Acidente c";"354";"BR-386/RS";"Norte";"Capotamento";1;0;0;0;0;0;0;0;0;0;0;1;0;0;0
"20/01/2022";"08:24:00";"84";"Acidente c";"25";"BR-101/RS";"Sul";"Capotamento";1;0;0;0;0;0;0;0;0;0;0;0;0;1;0
"20/01/2022";"09:40:00";"115";"Acidente s";"22";"BR-101/RS";"Norte";"Choque - Meio Fio";1;0;0;0;0;0;0;0;0;0;3;0;0;0;0
"20/01/2022";"10:09:00";"126";"Acidente c";"27";"BR-290/RS";"Leste";"Saída de pista";1;0;0;0;0;0;0;0;0;0;0;0;1;0;0
"20/01/2022";"10:25:00";"131";"Acidente s";"60";"BR-290/RS";"Oeste";"Choque Praça - Cabine";0;0;0;0;0;0;0;1;0;0;1;0;0;0;0
"20/01/2022";"10:31:00";"137";"Acidente s";"60";"BR-290/RS";"Leste";"Choque Praça - Cabine";0;0;0;0;0;0;0;1;0;0;1;0;0;0;0
"20/01/2022";"10:39:00";"140";"Acidente s";"390";"BR-386/RS";"Sul";"Saída de pista";1;0;0;0;0;0;0;0;0;0;1;0;0;0;0
"20/01/2022";"12:11:00";"172";"Acidente c";"75";"BR-290/RS";"Leste";"Saída de pista";1;0;0;0;0;0;0;0;0;0;0;1;0;0;0
"20/01/2022";"07:48:00";"292";"Acidente s";"5";"BR-448/RS";"Norte";"Colisão - Traseira";1;0;0;0;0;0;0;0;0;0;2;0;0;0;0
"20/01/2022";"09:51:00";"312";"Acidente s";"71";"BR-101/RS";"Norte";"Saída de pista";1;0;0;0;0;0;0;0;0;0;1;0;0;0;0
"21/01/2022";"02:50:00";"163";"Acidente s";"396";"BR-386/RS";"Norte";"Saída de pista";0;0;1;0;0;0;0;0;0;0;1;0;0;0;0
"21/01/2022";"02:59:00";"165";"Atropelame";"344";"BR-386/RS";"Norte";"Atropelamento - Usuário";1;0;0;0;0;0;0;0;0;0;1;0;0;0;1
"21/01/2022";"07:54:00";"221";"Acidente s";"344";"BR-386/RS";"Sul";"Engavetamento";2;0;0;0;0;0;0;0;0;0;2;0;0;0;0
"21/01/2022";"08:51:00";"249";"Acidente s";"277";"BR-386/RS";"Sul";"Colisão - Traseira";1;0;0;0;0;0;0;0;0;0;4;0;0;0;0
"21/01/2022";"09:21:00";"262";"Acidente s";"343";"BR-386/RS";"Norte";"Colisão - Transversal";2;0;0;0;0;0;0;0;0;0;2;0;0;0;0
"21/01/2022";"10:29:00";"287";"Acidente s";"29";"BR-290/RS";"Oeste";"Colisão - Lateral";1;0;0;0;0;0;0;0;0;1;2;0;0;0;0
"21/01/2022";"10:30:00";"288";"Acidente c";"19";"BR-290/RS";"Oeste";"Tombamento";0;0;0;0;0;1;0;0;0;0;0;1;0;0;0
"21/01/2022";"10:42:00";"292";"Acidente s";"34";"BR-290/RS";"Leste";"Choque com objeto sobre a pista";1;0;0;0;0;1;0;0;0;0;2;0;0;0;0
"21/01/2022";"12:27:00";"319";"Acidente s";"401";"BR-386/RS";"Sul";"Capotamento";1;0;0;0;0;0;0;0;0;0;2;0;0;0;0
"21/01/2022";"02:30:00";"347";"Acidente s";"379";"BR-386/RS";"Norte";"Colisão - Traseira";1;0;0;0;0;0;0;1;0;0;3;0;0;0;0
"21/01/2022";"03:25:00";"361";"Acidente s";"69";"BR-290/RS";"Oeste";"Colisão - Traseira";1;0;1;0;0;0;0;0;0;0;2;0;0;0;0
"21/01/2022";"07:09:00";"429";"Acidente c";"87";"BR-101/RS";"Sul";"Choque - Poste";1;0;0;0;0;0;0;0;0;0;0;0;1;0;0
"21/01/2022";"11:21:00";"482";"Atropelame";"271";"BR-386/RS";"Norte";"Atropelamento - Andarilho";1;0;0;0;0;0;0;0;0;0;1;0;0;0;1
"22/01/2022";"12:55:00";"4";"Acidente c";"217";"BR-386/RS";"Sul";"Colisão - Frontal";2;0;0;0;0;0;0;0;0;0;2;2;0;0;0
"22/01/2022";"09:28:00";"99";"Acidente c";"23";"BR-290/RS";"Leste";"Capotamento";1;0;0;0;0;0;0;0;0;0;0;0;1;0;0
"22/01/2022";"02:04:00";"175";"Acidente c";"33";"BR-290/RS";"Leste";"Queda de moto";0;0;0;1;0;0;0;0;0;0;0;2;0;0;0
"22/01/2022";"03:08:00";"192";"Acidente c";"92";"BR-290/RS";"Oeste";"Colisão - Lateral";1;0;0;1;0;0;0;0;0;0;3;0;1;0;0
"22/01/2022";"09:42:00";"299";"Acidente s";"9";"BR-290/RS";"Leste";"Saída de pista";1;0;0;0;0;0;0;0;0;0;1;0;0;0;0
"22/01/2022";"09:56:00";"304";"Acidente s";"331";"BR-386/RS";"Sul";"Colisão - Traseira";2;0;0;0;0;0;0;0;0;0;2;0;0;0;0
"22/01/2022";"10:36:00";"310";"Acidente s";"15";"BR-101/RS";"Norte";"Saída de pista";1;0;0;0;0;0;0;0;0;0;1;0;0;0;0
"22/01/2022";"11:55:00";"318";"Acidente s";"23";"BR-101/RS";"Sul";"Colisão - Traseira";0;0;1;0;0;1;0;0;0;0;2;0;0;0;0
"23/01/2022";"05:01:00";"29";"Acidente s";"79";"BR-101/RS";"Norte";"Atropelamento de Animal";1;0;0;0;0;0;0;0;0;0;1;0;0;0;0
"23/01/2022";"09:21:00";"65";"Acidente c";"344";"BR-386/RS";"Sul";"Colisão - Lateral";2;0;0;0;0;0;0;0;0;0;4;0;0;1;0
"23/01/2022";"10:47:00";"78";"Acidente c";"2";"BR-101/RS";"Sul";"Colisão - Lateral";1;0;0;1;0;0;0;0;0;0;1;1;0;0;0
"23/01/2022";"06:01:00";"180";"Acidente s";"227";"BR-386/RS";"Norte";"Colisão - Lateral";2;0;0;0;0;0;0;0;0;0;2;0;0;0;0
"23/01/2022";"06:31:00";"190";"Acidente s";"94";"BR-290/RS";"Oeste";"Choque Barreira";1;0;0;0;0;0;0;0;0;0;1;0;0;0;0
"23/01/2022";"07:54:00";"221";"Atropelame";"24";"BR-101/RS";"Sul";"Atropelamento - Usuário";1;0;0;0;0;0;0;0;0;0;1;1;0;1;0
"23/01/2022";"08:26:00";"232";"Acidente s";"63";"BR-101/RS";"Norte";"Outros";0;0;1;0;0;0;0;0;0;0;1;0;0;0;0
"23/01/2022";"08:39:00";"236";"Acidente s";"63";"BR-101/RS";"Norte";"Choque com objeto sobre a pista";1;0;0;0;0;0;0;0;0;0;3;0;0;0;0
"23/01/2022";"10:49:00";"261";"Atropelame";"69";"BR-290/RS";"Oeste";"Atropelamento - Usuário";1;0;0;0;0;0;0;0;0;0;1;0;0;0;1
"24/01/2022";"03:39:00";"29";"Acidente c";"179";"BR-386/RS";"Ambos";"Choque - Poste";1;0;0;0;0;0;0;0;0;0;0;2;0;0;0
"24/01/2022";"07:37:00";"62";"Acidente s";"86";"BR-290/RS";"Oeste";"Colisão - Traseira";1;0;0;1;0;0;0;0;0;0;3;0;0;0;0
"24/01/2022";"07:51:00";"66";"Acidente s";"60";"BR-290/RS";"Oeste";"Colisão - Traseira";2;0;0;0;0;0;0;0;0;0;5;0;0;0;0
"24/01/2022";"08:28:00";"90";"Acidente s";"85";"BR-290/RS";"Oeste";"Colisão - Traseira";2;0;0;0;0;0;0;0;0;0;2;0;0;0;0
"24/01/2022";"10:31:00";"136";"Acidente s";"35";"BR-101/RS";"Norte";"Colisão - Traseira";1;0;0;0;0;0;0;0;0;1;3;0;0;0;0
"24/01/2022";"05:04:00";"258";"Acidente s";"13";"BR-290/RS";"Oeste";"Queda de ribanceira";1;0;0;0;0;0;0;0;0;0;1;0;0;0;0
"24/01/2022";"07:01:00";"295";"Acidente s";"232";"BR-386/RS";"Norte";"Queda de ribanceira";1;0;0;0;0;0;0;0;0;0;1;0;0;0;0
"25/01/2022";"01:11:00";"8";"Acidente c";"49";"BR-101/RS";"Norte";"Capotamento";0;0;1;0;0;0;0;0;0;0;0;0;1;0;0
"25/01/2022";"08:08:00";"306";"Acidente s";"68";"BR-290/RS";"Leste";"Colisão - Traseira";1;0;0;0;0;0;0;1;0;0;5;0;0;0;0
"26/01/2022";"07:23:00";"45";"Acidente s";"34";"BR-290/RS";"Oeste";"Saída de pista";1;0;0;0;0;0;0;0;0;0;1;0;0;0;0
"26/01/2022";"10:03:00";"122";"Acidente s";"19";"BR-290/RS";"Oeste";"Colisão - Traseira";1;0;0;0;0;0;0;0;0;1;2;0;0;0;0
"26/01/2022";"04:17:00";"219";"Acidente s";"66";"BR-290/RS";"Leste";"Saída de pista";1;0;0;0;0;0;0;0;0;0;4;0;0;0;0
"26/01/2022";"04:46:00";"225";"Acidente s";"10";"BR-448/RS";"Norte";"Queda de ribanceira";1;0;0;0;0;0;0;0;0;0;1;0;0;0;0
"26/01/2022";"05:24:00";"233";"Acidente s";"50";"BR-290/RS";"Leste";"Capotamento";1;0;0;0;0;0;0;0;0;0;2;0;0;0;0
"26/01/2022";"06:20:00";"246";"Acidente s";"423";"BR-386/RS";"Sul";"Saída de pista";1;0;0;0;0;0;0;0;0;0;2;0;0;0;0
"27/01/2022";"12:09:00";"2";"Acidente s";"10";"BR-101/RS";"Sul";"Saída de pista";1;0;0;0;0;0;0;0;0;0;3;0;0;0;0
"27/01/2022";"05:57:00";"18";"Atropelame";"343";"BR-386/RS";"Norte";"Atropelamento - Usuário";1;0;0;0;0;0;0;0;0;0;1;0;0;1;0
"27/01/2022";"06:37:00";"21";"Acidente c";"29";"BR-290/RS";"Oeste";"Saída de pista";1;0;0;0;0;0;0;0;0;0;1;0;1;0;0
"27/01/2022";"08:09:00";"42";"Acidente s";"91";"BR-290/RS";"Leste";"Colisão - Traseira";2;0;0;0;0;0;0;0;0;0;2;0;0;0;0
"27/01/2022";"08:13:00";"43";"Acidente s";"411";"BR-386/RS";"Sul";"Queda de ribanceira";1;0;0;0;0;0;0;0;0;0;1;0;0;0;0
"27/01/2022";"08:59:00";"50";"Acidente s";"361";"BR-386/RS";"Norte";"Choque Barreira";1;0;0;0;0;0;0;0;0;0;1;0;0;0;0
"27/01/2022";"09:44:00";"59";"Acidente s";"435";"BR-386/RS";"Norte";"Colisão - Lateral";0;0;1;0;0;0;0;1;0;0;2;0;0;0;0
"27/01/2022";"10:29:00";"73";"Acidente s";"379";"BR-386/RS";"Norte";"Colisão - Traseira";1;0;0;0;0;0;0;0;0;0;1;0;0;0;0
"27/01/2022";"10:38:00";"76";"Acidente s";"325";"BR-386/RS";"Ambos";"Queda de ribanceira";1;0;0;0;0;0;0;0;0;0;1;0;0;0;0
"27/01/2022";"10:44:00";"78";"Acidente s";"415";"BR-386/RS";"Norte";"Queda de ribanceira";1;0;0;0;0;0;0;0;0;0;1;0;0;0;0
"27/01/2022";"11:30:00";"89";"Acidente c";"15";"BR-448/RS";"Sul";"Capotamento";1;0;0;0;0;0;0;0;0;0;0;0;1;0;0
"27/01/2022";"01:15:00";"113";"Acidente s";"50";"BR-290/RS";"Leste";"Saída de pista";1;0;0;0;0;0;0;0;0;0;1;0;0;0;0
"27/01/2022";"01:31:00";"117";"Acidente c";"396";"BR-386/RS";"Sul";"Capotamento";1;0;0;0;0;0;0;0;0;0;0;1;1;0;0
"27/01/2022";"01:54:00";"121";"Acidente s";"340";"BR-386/RS";"Norte";"Queda de ribanceira";1;0;0;0;0;0;0;0;0;0;2;0;0;0;0
"27/01/2022";"08:30:00";"223";"Acidente s";"60";"BR-290/RS";"Leste";"Colisão - Lateral";2;0;0;0;0;0;0;0;0;0;3;0;0;0;0
"28/01/2022";"02:39:00";"16";"Acidente s";"1";"BR-448/RS";"Norte";"Choque Defensa";1;0;0;0;0;0;0;0;0;0;1;0;0;0;0
"28/01/2022";"04:43:00";"18";"Acidente c";"87";"BR-101/RS";"Sul";"Saída de pista";1;0;0;0;0;0;0;0;0;0;0;1;0;0;0
"28/01/2022";"09:20:00";"105";"Acidente s";"36";"BR-290/RS";"Leste";"Queda de ribanceira";1;0;0;0;0;0;0;0;0;0;3;0;0;0;0
"28/01/2022";"10:24:00";"137";"Acidente s";"60";"BR-290/RS";"Leste";"Choque Praça - Cabine";0;0;0;0;1;0;0;0;0;0;4;0;0;0;0
"28/01/2022";"11:09:00";"150";"Acidente s";"94";"BR-290/RS";"Oeste";"Colisão - Lateral";1;0;0;0;0;0;0;1;0;0;3;0;0;0;0
"28/01/2022";"11:57:00";"168";"Acidente c";"21";"BR-101/RS";"Sul";"Colisão - Traseira";1;0;1;0;0;0;0;0;0;0;1;1;0;0;0
"28/01/2022";"12:18:00";"171";"Acidente s";"342.3";"BR-386/RS";"Sul";"Colisão - Transversal";2;0;0;0;0;0;0;0;0;1;5;0;0;0;0
"28/01/2022";"03:25:00";"242";"Acidente c";"343";"BR-386/RS";"Sul";"Colisão - Traseira";1;0;0;1;0;0;0;0;0;0;1;0;0;1;0
"28/01/2022";"04:41:00";"277";"Acidente s";"18";"BR-290/RS";"Leste";"Colisão - Traseira";3;0;0;0;0;0;0;0;0;0;3;0;0;0;0
"28/01/2022";"05:10:00";"288";"Acidente s";"419";"BR-386/RS";"Sul";"Colisão - Transversal";2;0;0;0;0;0;0;0;0;0;4;0;0;0;0
"28/01/2022";"05:59:00";"302";"Acidente s";"89";"BR-290/RS";"Leste";"Engavetamento";3;0;1;0;0;0;0;0;0;0;5;0;0;0;0
"28/01/2022";"08:13:00";"331";"Acidente s";"373";"BR-386/RS";"Norte";"Colisão - Frontal";2;0;0;0;0;0;0;0;0;0;5;0;0;0;0
"28/01/2022";"08:34:00";"336";"Acidente c";"83";"BR-290/RS";"Leste";"Saída de pista";0;0;0;1;0;0;0;0;0;0;0;1;1;0;0
"29/01/2022";"01:52:00";"10";"Acidente s";"371";"BR-386/RS";"Sul";"Choque - Poste";1;0;0;0;0;0;0;0;0;0;1;0;0;0;0
"29/01/2022";"02:13:00";"12";"Acidente s";"319";"BR-386/RS";"Norte";"Choque Defensa";1;0;0;0;0;0;0;0;0;0;1;0;0;0;0
"29/01/2022";"06:03:00";"27";"Acidente c";"196";"BR-386/RS";"Norte";"Capotamento";1;0;0;0;0;0;0;0;0;0;2;1;1;0;0
"29/01/2022";"08:19:00";"66";"Acidente s";"5";"BR-290/RS";"Oeste";"Colisão - Lateral";1;0;1;0;0;0;0;0;0;0;4;0;0;0;0
"29/01/2022";"10:23:00";"98";"Acidente s";"248";"BR-386/RS";"Norte";"Colisão - Traseira";1;0;0;0;0;0;0;1;0;0;3;0;0;0;0
"29/01/2022";"05:34:00";"181";"Acidente s";"375";"BR-386/RS";"Norte";"Colisão - Traseira";3;0;0;0;0;0;0;0;0;0;7;0;0;0;0
"30/01/2022";"07:55:00";"42";"Acidente s";"92";"BR-290/RS";"Leste";"Colisão - Traseira";2;0;0;0;0;0;0;0;0;0;2;0;0;0;0
"30/01/2022";"12:18:00";"97";"Acidente s";"92";"BR-290/RS";"Oeste";"Choque Barreira";1;0;0;0;0;0;0;0;0;0;1;0;0;0;0
"30/01/2022";"03:29:00";"140";"Acidente c";"344";"BR-386/RS";"Norte";"Colisão - Transversal";1;0;0;1;0;0;0;0;0;0;1;0;1;0;0
"30/01/2022";"03:34:00";"142";"Acidente s";"344";"BR-386/RS";"Norte";"Colisão - Traseira";2;0;0;0;0;0;0;0;0;0;5;0;0;0;0
"30/01/2022";"04:26:00";"152";"Acidente c";"56";"BR-290/RS";"Oeste";"Capotamento";1;0;0;0;0;0;0;0;0;0;0;1;1;0;0
"30/01/2022";"04:45:00";"159";"Acidente c";"68";"BR-290/RS";"Leste";"Queda de ribanceira";1;0;0;0;0;0;0;0;0;0;0;1;0;0;0
"30/01/2022";"09:53:00";"224";"Acidente s";"35";"BR-101/RS";"Norte";"Colisão - Traseira";1;0;0;0;0;0;0;0;0;1;2;0;0;0;0