data;horario;n_da_ocorrencia;tipo_de_ocorrencia;km;trecho;sentido;tipo_de_acidente;automovel;bicicleta;caminhao;moto;onibus;outros;tracao_animal;transporte_de_cargas_especiais;trator_maquinas;utilitarios;ilesos;levemente_feridos;moderadamente_feridos;gravemente_feridos;mortos
"30/01/2022";"10:23:00";"228";"Acidente c";"280";"BR-386/RS";"Norte";"Capotamento";1;0;0;0;0;0;0;0;0;0;2;1;2;0;0
"31/01/2022";"07:01:00";"38";"Acidente s";"92";"BR-290/RS";"Oeste";"Colisão - Traseira";2;0;0;0;0;0;0;0;0;0;2;0;0;0;0
"31/01/2022";"08:08:00";"65";"Acidente s";"84";"BR-290/RS";"Oeste";"Colisão - Traseira";2;0;0;0;0;0;0;0;0;0;2;0;0;0;0
"31/01/2022";"08:11:00";"270";"Atropelame";"96";"BR-290/RS";"Leste";"Atropelamento - Andarilho";1;0;0;0;0;0;0;0;0;0;1;0;0;0;1
"31/01/2022";"08:16:00";"274";"Acidente s";"368";"BR-386/RS";"Sul";"Saída de pista";1;0;0;0;0;0;0;0;0;0;1;0;0;0;0
"31/01/2022";"08:24:00";"276";"Acidente c";"94";"BR-290/RS";"Leste";"Queda de moto";0;0;0;1;0;0;0;0;0;0;0;2;0;0;0
"01/02/2022";"08:46:00";"83";"Acidente s";"307";"BR-386/RS";"Sul";"Tombamento";0;0;0;0;0;0;0;1;0;0;1;0;0;0;0
"01/02/2022";"11:52:00";"143";"Acidente s";"35";"BR-101/RS";"Norte";"Colisão - Traseira";1;0;0;0;0;0;0;1;0;0;2;0;0;0;0
"01/02/2022";"02:52:00";"174";"Acidente s";"441";"BR-386/RS";"Norte";"Choque - Arvore";1;0;0;0;0;0;0;0;0;0;1;0;0;0;0
"01/02/2022";"04:17:00";"194";"Acidente s";"249";"BR-386/RS";"Sul";"Colisão - Traseira";2;0;0;0;0;0;0;0;0;0;4;0;0;0;0
"02/02/2022";"01:11:00";"4";"Acidente s";"73";"BR-290/RS";"Ambos";"Saída de pista";1;0;0;0;0;0;0;0;0;0;1;0;0;0;0
"02/02/2022";"08:02:00";"57";"Acidente c";"13.46";"BR-448/RS";"Norte";"Choque Barreira";1;0;0;0;0;0;0;0;0;0;0;0;1;0;0
"02/02/2022";"10:11:00";"104";"Acidente c";"443";"BR-386/RS";"Norte";"Queda de moto";0;0;0;1;0;0;0;0;0;0;0;0;1;0;0
"02/02/2022";"10:37:00";"116";"Acidente s";"15";"BR-290/RS";"Leste";"Capotamento";1;0;0;0;0;0;0;0;0;0;1;0;0;0;0
"02/02/2022";"12:34:00";"160";"Acidente c";"52";"BR-101/RS";"Sul";"Queda de ribanceira";0;0;0;0;0;0;0;1;0;0;0;1;0;0;0
"02/02/2022";"04:55:00";"232";"Acidente s";"7";"BR-290/RS";"Leste";"Queda de ribanceira";1;0;0;0;0;0;0;0;0;0;2;0;0;0;0
"02/02/2022";"08:43:00";"295";"Acidente s";"77";"BR-290/RS";"Oeste";"Colisão - Lateral";2;0;0;0;0;0;0;0;0;0;6;0;0;0;0
"03/02/2022";"08:03:00";"102";"Acidente s";"92";"BR-290/RS";"Oeste";"Engavetamento";6;0;0;0;0;0;0;0;0;0;6;0;0;0;0
"03/02/2022";"08:09:00";"106";"Acidente s";"90";"BR-290/RS";"Oeste";"Queda de moto";0;0;0;1;0;0;0;0;0;0;1;0;0;0;0
"03/02/2022";"08:58:00";"131";"Acidente s";"327";"BR-386/RS";"Norte";"Queda de ribanceira";0;0;1;0;0;0;0;0;0;0;1;0;0;0;0
"03/02/2022";"11:06:00";"177";"Acidente s";"319";"BR-386/RS";"Sul";"Saída de pista";1;0;0;0;0;0;0;0;0;0;2;0;0;0;0
"03/02/2022";"03:26:00";"248";"Acidente s";"19";"BR-290/RS";"Leste";"Colisão - Traseira";1;0;1;0;0;0;0;0;0;0;3;0;0;0;0
"03/02/2022";"07:21:00";"351";"Acidente s";"35";"BR-101/RS";"Norte";"Choque Praça - Cabine";0;0;0;0;0;1;0;0;0;0;1;0;0;0;0
"03/02/2022";"08:48:00";"318";"Acidente s";"393";"BR-386/RS";"Sul";"Saída de pista";1;0;0;0;0;0;0;0;0;0;2;0;0;0;0
"04/02/2022";"04:33:00";"22";"Acidente s";"88";"BR-290/RS";"Leste";"Choque - Poste";0;0;0;0;0;1;0;0;0;0;0;0;1;1;1
"04/02/2022";"07:33:00";"64";"Acidente c";"444";"BR-386/RS";"Norte";"Colisão - Transversal";3;0;0;0;0;0;0;0;0;0;1;0;0;0;0
"04/02/2022";"11:28:00";"150";"Acidente s";"277";"BR-386/RS";"Norte";"Queda de ribanceira";0;0;0;0;0;0;0;0;0;1;1;0;0;0;0
"04/02/2022";"12:10:00";"158";"Acidente s";"292";"BR-386/RS";"Norte";"Choque - Arvore";0;0;1;0;0;0;0;0;0;0;2;0;0;0;0
"04/02/2022";"04:52:00";"220";"Acidente s";"19";"BR-290/RS";"Leste";"Choque Barreira";1;0;0;0;0;0;0;0;0;0;8;0;1;3;2
"04/02/2022";"05:27:00";"227";"Acidente c";"73";"BR-290/RS";"Leste";"Choque com veículo na faixa de rolamento";7;0;0;0;0;0;0;0;0;0;2;1;0;0;0
"04/02/2022";"08:16:00";"277";"Acidente c";"389";"BR-386/RS";"Norte";"Colisão - Transversal";1;0;0;1;0;0;0;0;0;0;5;0;0;0;0
"04/02/2022";"08:38:00";"287";"Acidente s";"43";"BR-290/RS";"Leste";"Colisão - Traseira";1;0;0;0;0;1;0;0;0;0;1;0;0;0;0
"04/02/2022";"10:00:00";"305";"Acidente s";"345";"BR-386/RS";"Norte";"Outros";1;0;0;0;0;0;0;0;0;0;1;0;0;0;0
"05/02/2022";"05:42:00";"36";"Acidente s";"55";"BR-290/RS";"Leste";"Capotamento";1;0;0;0;0;0;0;0;0;0;3;0;0;0;0
"05/02/2022";"06:14:00";"42";"Acidente s";"429";"BR-386/RS";"Norte";"Choque Barreira";1;0;0;0;0;0;0;0;0;0;1;0;0;0;0
"05/02/2022";"06:53:00";"54";"Acidente s";"9";"BR-448/RS";"Ambos";"Capotamento";1;0;0;0;0;0;0;0;0;0;3;0;1;0;0
"05/02/2022";"07:44:00";"64";"Acidente c";"215";"BR-386/RS";"Sul";"Colisão - Lateral";1;0;0;1;0;0;0;0;0;0;4;0;0;0;0
"05/02/2022";"10:50:00";"104";"Acidente s";"435";"BR-386/RS";"Sul";"Colisão - Transversal";2;0;0;0;0;0;0;1;0;0;5;1;0;0;0
"05/02/2022";"11:10:00";"112";"Acidente c";"19";"BR-290/RS";"Oeste";"Colisão - Transversal";2;0;0;0;0;0;0;0;0;0;2;0;0;0;0
"05/02/2022";"01:29:00";"143";"Acidente s";"410";"BR-386/RS";"Norte";"Queda de ribanceira";1;0;0;0;0;0;0;0;0;0;3;0;0;0;0
"05/02/2022";"02:06:00";"152";"Acidente s";"15";"BR-290/RS";"Oeste";"Saída de pista";1;0;0;0;0;0;0;0;0;0;2;0;0;0;0
"05/02/2022";"02:11:00";"153";"Acidente s";"413";"BR-386/RS";"Sul";"Queda de ribanceira";1;0;0;0;0;0;0;0;0;0;2;0;0;0;0
"05/02/2022";"02:20:00";"155";"Acidente s";"14";"BR-290/RS";"Oeste";"Saída de pista";1;0;0;0;0;0;0;0;0;0;1;0;0;0;0
"05/02/2022";"02:22:00";"156";"Acidente s";"49";"BR-290/RS";"Leste";"Capotamento";1;0;0;0;0;0;0;0;0;0;0;0;2;1;0
"06/02/2022";"06:28:00";"41";"Acidente c";"18";"BR-290/RS";"Oeste";"Saída de pista";0;0;0;0;0;0;0;1;0;0;1;0;0;0;0
"06/02/2022";"06:57:00";"52";"Acidente s";"86";"BR-290/RS";"Oeste";"Saída de pista";1;0;0;0;0;0;0;0;0;0;4;0;0;0;0
"06/02/2022";"12:18:00";"124";"Acidente s";"70";"BR-290/RS";"Oeste";"Engavetamento";2;0;0;0;0;1;0;0;0;0;2;0;0;0;0
"06/02/2022";"05:09:00";"175";"Acidente s";"11";"BR-290/RS";"Oeste";"Colisão - Traseira";1;0;0;0;0;1;0;0;0;0;1;0;0;0;0
"06/02/2022";"08:08:00";"219";"Acidente s";"76";"BR-101/RS";"Norte";"Saída de pista";1;0;0;0;0;0;0;0;0;0;1;0;0;0;0
"06/02/2022";"10:54:00";"249";"Acidente c";"26";"BR-290/RS";"Oeste";"Capotamento";1;0;0;0;0;0;0;0;0;0;4;1;0;0;0
"07/02/2022";"03:42:00";"359";"Acidente s";"436";"BR-386/RS";"Norte";"Saída de pista";1;0;0;0;0;0;0;0;0;0;4;0;0;0;0
"07/02/2022";"05:02:00";"365";"Acidente s";"35";"BR-101/RS";"Norte";"Choque Praça - Cabine";0;0;1;0;0;0;0;0;0;0;1;0;0;0;0
"07/02/2022";"07:27:00";"394";"Acidente c";"89";"BR-290/RS";"Oeste";"Engavetamento";1;0;0;3;0;0;0;0;0;0;4;0;1;1;0
"07/02/2022";"09:43:00";"472";"Acidente s";"347";"BR-386/RS";"Norte";"Colisão - Traseira";1;0;0;1;0;0;0;0;0;0;2;0;0;0;0
"07/02/2022";"10:37:00";"492";"Acidente c";"350";"BR-386/RS";"Norte";"Queda de moto";0;0;0;1;0;0;0;0;0;0;0;1;0;0;0
"07/02/2022";"10:49:00";"497";"Acidente s";"435";"BR-386/RS";"Norte";"Colisão - Lateral";2;0;0;0;0;0;0;0;0;0;2;0;0;0;0
"07/02/2022";"03:29:00";"579";"Acidente s";"417";"BR-386/RS";"Norte";"Colisão - Traseira";1;0;0;0;0;0;0;0;0;1;5;0;0;0;0
"07/02/2022";"04:16:00";"592";"Atropelame";"248";"BR-386/RS";"Sul";"Atropelamento - Usuário";0;0;0;0;0;0;0;1;0;0;1;0;0;1;0
"07/02/2022";"05:36:00";"613";"Acidente c";"342";"BR-386/RS";"Norte";"Colisão - Transversal";0;0;0;1;0;1;0;0;0;0;1;1;0;0;0
"07/02/2022";"08:22:00";"648";"Acidente s";"438";"BR-386/RS";"Norte";"Colisão - Lateral";1;0;0;0;1;0;0;0;0;0;3;0;0;0;0
"07/02/2022";"09:02:00";"658";"Acidente s";"185";"BR-386/RS";"Norte";"Colisão - Traseira";2;0;0;0;0;0;0;0;0;0;2;0;0;0;0
"07/02/2022";"09:43:00";"668";"Acidente s";"370";"BR-386/RS";"Sul";"Saída de pista";1;0;0;0;0;0;0;0;0;0;1;0;0;0;0
"08/02/2022";"12:05:00";"1";"Acidente s";"304";"BR-386/RS";"Norte";"Colisão - Lateral";0;0;2;0;0;0;0;0;0;0;2;0;0;0;0
"08/02/2022";"09:17:00";"123";"Acidente s";"13";"BR-101/RS";"Norte";"Colisão - Traseira";2;0;0;0;0;0;0;0;0;0;8;0;0;0;0
"08/02/2022";"09:47:00";"132";"Acidente s";"58";"BR-290/RS";"Leste";"Outros";4;0;1;0;0;0;0;0;0;0;8;0;0;0;0
"08/02/2022";"11:07:00";"149";"Acidente c";"355";"BR-386/RS";"Norte";"Capotamento";1;0;0;0;0;0;0;0;0;0;0;1;0;0;0
"08/02/2022";"05:23:00";"227";"Acidente s";"426";"BR-386/RS";"Sul";"Colisão - Traseira";1;0;1;0;0;0;0;0;0;0;4;0;0;0;0
"08/02/2022";"07:03:00";"256";"Acidente s";"19";"BR-290/RS";"Oeste";"Choque Praça - Cabine";0;0;1;0;0;0;0;0;0;0;1;0;0;0;0
"08/02/2022";"08:22:00";"274";"Acidente s";"1";"BR-101/RS";"Norte";"Colisão - Transversal";1;0;0;0;0;0;0;1;0;0;2;0;0;0;0
"09/02/2022";"12:27:00";"2";"Acidente s";"431";"BR-386/RS";"Sul";"Saída de pista";1;0;0;0;0;0;0;0;0;0;2;0;0;0;0
"09/02/2022";"07:26:00";"50";"Acidente s";"83";"BR-290/RS";"Leste";"Queda de moto";1;0;0;0;0;0;0;0;0;0;1;0;0;0;0
"09/02/2022";"11:58:00";"132";"Acidente c";"41";"BR-290/RS";"Leste";"Capotamento";1;0;0;0;0;0;0;0;0;0;0;1;0;0;0
"09/02/2022";"12:27:00";"141";"Acidente c";"346";"BR-386/RS";"Sul";"Queda de moto";0;0;0;1;0;0;0;0;0;0;0;0;1;0;0
"09/02/2022";"01:42:00";"163";"Acidente s";"91";"BR-290/RS";"Leste";"Saída de pista";1;0;0;0;0;0;0;0;0;0;1;0;0;0;0
"10/02/2022";"01:14:00";"17";"Acidente s";"348";"BR-386/RS";"Norte";"Colisão - Traseira";1;0;1;0;0;0;0;0;0;0;2;0;0;0;0
"10/02/2022";"09:42:00";"127";"Acidente s";"307";"BR-386/RS";"Sul";"Colisão - Traseira";1;0;0;0;0;0;0;1;0;0;2;0;0;0;0
"10/02/2022";"12:56:00";"168";"Acidente s";"92";"BR-290/RS";"Leste";"Queda de moto";0;0;0;1;0;0;0;0;0;0;2;0;0;0;0
"10/02/2022";"05:18:00";"235";"Acidente c";"90";"BR-290/RS";"Leste";"Queda de ribanceira";2;0;0;0;0;0;0;0;0;1;3;4;0;0;0
"10/02/2022";"05:59:00";"244";"Acidente c";"92";"BR-290/RS";"Leste";"Queda de moto";1;0;0;1;0;0;0;0;0;0;1;1;0;0;0
"10/02/2022";"06:02:00";"246";"Acidente s";"264";"BR-386/RS";"Sul";"Queda de ribanceira";1;0;0;0;0;0;0;0;0;0;2;0;0;0;0
"10/02/2022";"06:17:00";"248";"Acidente s";"308";"BR-386/RS";"Norte";"Saída de pista";1;0;0;0;0;0;0;0;0;0;1;0;0;0;0
"10/02/2022";"11:02:00";"304";"Acidente s";"373";"BR-386/RS";"Sul";"Atropelamento de Animal";0;0;1;0;0;0;0;0;0;0;1;0;0;0;0
"11/02/2022";"01:31:00";"8";"Acidente s";"37";"BR-290/RS";"Oeste";"Choque Defensa";1;0;0;0;0;0;0;0;0;0;1;0;0;0;0
"11/02/2022";"02:25:00";"12";"Acidente s";"86";"BR-290/RS";"Oeste";"Capotamento";1;0;0;0;0;0;0;0;0;0;1;0;0;0;0
"11/02/2022";"08:39:00";"93";"Acidente s";"91";"BR-290/RS";"Oeste";"Colisão - Lateral";1;0;1;0;0;0;0;0;0;0;2;0;0;0;0
"11/02/2022";"09:55:00";"122";"Acidente c";"60";"BR-290/RS";"Leste";"Choque Praça - Submarino";1;0;0;0;0;0;0;0;0;0;0;0;0;2;0
"11/02/2022";"10:09:00";"127";"Acidente s";"93";"BR-290/RS";"Oeste";"Colisão - Lateral";2;0;0;0;0;0;0;0;0;0;2;0;0;0;0
"11/02/2022";"01:24:00";"191";"Acidente c";"295";"BR-386/RS";"Norte";"Colisão - Lateral";1;0;0;1;0;0;0;0;0;0;1;0;0;2;0
"11/02/2022";"02:53:00";"211";"Acidente s";"81";"BR-290/RS";"Leste";"Choque com objeto sobre a pista";2;0;0;0;0;1;0;0;0;0;3;0;0;0;0
"11/02/2022";"06:21:00";"281";"Acidente s";"438";"BR-386/RS";"Norte";"Colisão - Transversal";2;0;0;0;0;0;0;0;0;0;2;0;0;0;0
"11/02/2022";"08:55:00";"318";"Acidente s";"18";"BR-290/RS";"Oeste";"Saída de pista";1;0;0;0;0;0;0;0;0;0;4;0;0;0;0
"11/02/2022";"09:06:00";"321";"Acidente s";"386";"BR-386/RS";"Norte";"Saída de pista";1;0;0;0;0;0;0;0;0;0;1;0;0;0;0
"11/02/2022";"11:16:00";"345";"Acidente s";"414";"BR-386/RS";"Norte";"Saída de pista";0;0;1;0;0;0;0;0;0;0;1;0;0;0;0
"12/02/2022";"02:22:00";"18";"Acidente s";"440";"BR-386/RS";"Sul";"Queda de ribanceira";1;0;0;0;0;0;0;0;0;0;1;0;0;0;0
"12/02/2022";"09:25:00";"95";"Acidente s";"307";"BR-386/RS";"Sul";"Colisão - Lateral";1;0;0;0;0;0;0;1;0;0;5;0;0;0;0
"12/02/2022";"01:53:00";"172";"Acidente c";"77";"BR-290/RS";"Oeste";"Colisão - Traseira";2;0;0;0;0;0;0;0;0;0;0;1;1;0;0
"12/02/2022";"04:00:00";"217";"Acidente s";"330";"BR-386/RS";"Sul";"Colisão - Traseira";2;0;0;0;0;0;0;0;0;0;5;0;0;0;0
"12/02/2022";"04:33:00";"226";"Acidente s";"359";"BR-386/RS";"Sul";"Saída de pista";1;0;0;0;0;0;0;0;0;0;3;0;0;0;0
"12/02/2022";"05:21:00";"240";"Acidente s";"85";"BR-101/RS";"Norte";"Saída de pista";0;0;0;1;0;0;0;0;0;0;1;0;0;0;0
"12/02/2022";"07:30:00";"291";"Acidente s";"362";"BR-386/RS";"Sul";"Saída de pista";1;0;0;0;0;0;0;0;0;0;1;0;0;0;0
"12/02/2022";"08:19:00";"297";"Acidente s";"92";"BR-290/RS";"Oeste";"Colisão - Transversal";2;0;0;0;0;0;0;0;0;0;4;0;0;0;0
"12/02/2022";"08:54:00";"300";"Acidente s";"356";"BR-386/RS";"Sul";"Tombamento";0;0;0;0;1;0;0;0;0;0;1;0;0;0;0
"12/02/2022";"10:06:00";"305";"Acidente c";"60";"BR-101/RS";"Norte";"Queda de moto";0;0;0;1;0;0;0;0;0;0;0;1;0;0;0
"12/02/2022";"11:18:00";"312";"Acidente s";"73";"BR-290/RS";"Leste";"Colisão - Traseira";2;0;0;0;0;0;0;0;0;0;2;0;0;0;0
"13/02/2022";"12:40:00";"7";"Acidente s";"415";"BR-386/RS";"Norte";"Colisão - Traseira";1;0;0;0;0;0;0;0;0;0;2;0;0;0;0
"13/02/2022";"01:45:00";"10";"Acidente c";"92";"BR-290/RS";"Leste";"Queda de moto";1;0;0;0;0;0;0;0;0;0;0;1;0;0;0
"13/02/2022";"02:41:00";"15";"Acidente c";"347";"BR-386/RS";"Norte";"Saída de pista";1;0;0;0;0;0;0;0;0;0;0;0;1;0;0
"13/02/2022";"11:23:00";"97";"Acidente s";"22";"BR-448/RS";"Sul";"Choque Barreira";0;0;0;0;0;0;0;0;0;0;2;0;0;0;0
"13/02/2022";"08:15:00";"208";"Acidente s";"83";"BR-101/RS";"Sul";"Colisão - Traseira";2;0;0;0;0;0;0;0;0;0;3;0;0;0;0
"13/02/2022";"08:41:00";"218";"Acidente s";"85";"BR-101/RS";"Sul";"Colisão - Traseira";2;0;0;0;0;0;0;0;0;0;2;0;0;0;0
"14/02/2022";"03:14:00";"16";"Acidente s";"13";"BR-290/RS";"Oeste";"Atropelamento de Animal";1;0;0;0;0;0;0;0;0;0;1;0;0;0;0
"14/02/2022";"06:28:00";"45";"Acidente s";"364";"BR-386/RS";"Norte";"Colisão - Traseira";2;0;0;0;0;0;0;0;0;0;2;0;0;0;0
"14/02/2022";"07:25:00";"58";"Acidente s";"89";"BR-290/RS";"Oeste";"Colisão - Traseira";2;0;0;0;0;0;0;0;0;0;2;0;0;0;0
"14/02/2022";"09:27:00";"110";"Acidente s";"96";"BR-290/RS";"Oeste";"Colisão - Traseira";2;0;0;0;0;0;0;0;0;0;2;0;0;0;0
"14/02/2022";"10:47:00";"127";"Acidente s";"264";"BR-386/RS";"Norte";"Colisão - Traseira";1;0;1;0;0;0;0;0;0;0;1;0;0;0;0
"14/02/2022";"12:25:00";"164";"Acidente c";"337";"BR-386/RS";"Norte";"Saída de pista";0;0;1;0;0;0;0;0;0;0;0;1;0;0;0
"14/02/2022";"01:11:00";"176";"Acidente s";"279";"BR-386/RS";"Norte";"Queda de ribanceira";1;0;0;0;0;0;0;0;0;0;1;0;0;0;0
"14/02/2022";"04:47:00";"241";"Acidente c";"356";"BR-386/RS";"Sul";"Queda de moto";0;0;0;1;0;0;0;0;0;0;1;0;1;0;0
"14/02/2022";"06:40:00";"264";"Acidente c";"15";"BR-448/RS";"Sul";"Colisão - Traseira";1;0;0;1;0;0;0;0;0;0;1;2;0;0;0
"15/02/2022";"07:39:00";"53";"Acidente c";"19";"BR-290/RS";"Leste";"Colisão - Traseira";2;0;0;0;0;0;0;0;0;0;2;1;0;0;0
"15/02/2022";"11:17:00";"140";"Acidente s";"94";"BR-290/RS";"Leste";"Colisão - Traseira";2;0;0;0;0;0;0;0;0;0;5;0;0;0;0
"15/02/2022";"02:26:00";"174";"Acidente s";"435";"BR-386/RS";"Norte";"Engavetamento";0;0;0;0;0;0;0;2;0;1;3;0;0;0;0
"16/02/2022";"06:56:00";"29";"Acidente s";"402";"BR-386/RS";"Sul";"Saída de pista";1;0;0;0;0;0;0;0;0;0;2;0;0;0;0
"16/02/2022";"07:52:00";"50";"Acidente s";"91";"BR-290/RS";"Oeste";"Engavetamento";3;0;0;0;0;0;0;0;0;0;4;0;0;0;0
"16/02/2022";"08:10:00";"62";"Acidente s";"426";"BR-386/RS";"Sul";"Choque Praça - Cabine";0;0;1;0;0;0;0;0;0;0;2;0;0;0;0
"16/02/2022";"08:40:00";"74";"Acidente s";"307";"BR-386/RS";"Norte";"Colisão - Traseira";2;0;0;0;0;0;0;0;0;0;2;0;0;0;0
"16/02/2022";"09:25:00";"100";"Acidente c";"32";"BR-290/RS";"Leste";"Queda de ribanceira";1;0;0;0;0;0;0;0;0;0;0;0;1;0;0
"16/02/2022";"11:15:00";"139";"Acidente s";"60";"BR-290/RS";"Leste";"Colisão - Traseira";2;0;0;0;0;0;0;0;0;0;5;0;0;0;0
"16/02/2022";"02:44:00";"197";"Acidente s";"26";"BR-290/RS";"Oeste";"Queda de moto";0;0;0;1;0;0;0;0;0;0;1;0;0;0;0
"16/02/2022";"03:31:00";"219";"Acidente s";"92";"BR-290/RS";"Leste";"Engavetamento";4;0;0;0;0;0;0;0;0;0;4;0;0;0;0
"16/02/2022";"04:16:00";"230";"Acidente s";"23";"BR-290/RS";"Leste";"Engavetamento";4;0;1;0;0;0;0;0;0;0;5;0;0;0;0
"16/02/2022";"05:52:00";"258";"Acidente s";"53";"BR-290/RS";"Leste";"Saída de pista";1;0;0;0;0;0;0;0;0;0;1;0;0;0;0
"17/02/2022";"02:22:00";"16";"Acidente s";"235";"BR-386/RS";"Norte";"Capotamento";1;0;0;0;0;0;0;0;0;0;2;0;0;0;0
"17/02/2022";"07:30:00";"51";"Acidente c";"55";"BR-290/RS";"Leste";"Capotamento";1;0;0;0;0;0;0;0;0;0;0;0;0;1;1
"17/02/2022";"07:47:00";"66";"Acidente c";"5";"BR-448/RS";"Sul";"Queda de moto";0;0;0;1;0;0;0;0;0;0;0;1;0;0;0
"17/02/2022";"09:48:00";"118";"Acidente s";"35";"BR-101/RS";"Norte";"Outros";1;0;0;0;0;0;0;1;0;0;2;0;0;0;0
"17/02/2022";"10:45:00";"144";"Acidente c";"52";"BR-101/RS";"Norte";"Colisão - Frontal";1;0;0;0;0;1;0;0;0;0;1;0;1;0;0
"17/02/2022";"03:06:00";"215";"Acidente s";"87";"BR-290/RS";"Oeste";"Colisão - Lateral";1;0;0;0;0;0;0;1;0;0;3;0;0;0;0
"17/02/2022";"06:18:00";"262";"Acidente s";"92";"BR-290/RS";"Leste";"Colisão - Lateral";1;0;0;1;0;0;0;0;0;0;2;0;0;0;0
"17/02/2022";"08:57:00";"299";"Acidente s";"332";"BR-386/RS";"Norte";"Colisão - Lateral";2;0;1;0;0;0;0;0;0;0;3;0;0;0;0
"17/02/2022";"10:17:00";"306";"Atropelame";"11";"BR-101/RS";"Sul";"Atropelamento - Morador/Trabalhador/Estudante";0;0;1;0;0;0;0;0;0;0;0;0;1;0;0
"17/02/2022";"10:49:00";"310";"Acidente c";"81";"BR-290/RS";"Leste";"Queda de ribanceira";1;0;0;0;0;0;0;0;0;0;0;1;0;0;0
"18/02/2022";"03:51:00";"20";"Acidente c";"68";"BR-290/RS";"Leste";"Saída de pista";1;0;0;0;0;0;0;0;0;0;0;1;0;0;0
"18/02/2022";"06:01:00";"27";"Acidente s";"409";"BR-386/RS";"Norte";"Atropelamento de Animal";1;0;0;0;0;0;0;0;0;0;3;0;0;0;0
"18/02/2022";"08:37:00";"90";"Acidente s";"424";"BR-386/RS";"Norte";"Choque - Meio Fio";1;0;0;0;0;0;0;0;0;0;1;0;0;0;0
"18/02/2022";"10:08:00";"118";"Acidente s";"362";"BR-386/RS";"Sul";"Colisão - Lateral";0;0;0;0;0;0;0;0;0;2;2;0;0;0;0
"18/02/2022";"08:22:00";"274";"Acidente c";"345";"BR-386/RS";"Norte";"Colisão - Frontal";1;0;1;0;0;0;0;0;0;0;1;0;0;1;0
"18/02/2022";"08:37:00";"277";"Acidente c";"351";"BR-386/RS";"Norte";"Colisão - Traseira";2;0;0;0;0;0;0;0;0;0;2;0;1;0;0
"19/02/2022";"10:25:00";"113";"Acidente c";"64";"BR-290/RS";"Leste";"Capotamento";1;0;0;0;0;0;0;0;0;0;0;4;0;0;0
"19/02/2022";"03:50:00";"181";"Acidente s";"180";"BR-386/RS";"Sul";"Tombamento";0;0;0;0;0;1;0;0;0;0;1;0;0;0;0
"19/02/2022";"06:02:00";"210";"Acidente s";"58";"BR-290/RS";"Leste";"Saída de pista";1;0;0;0;0;0;0;0;0;0;2;0;0;0;0
"19/02/2022";"06:30:00";"214";"Acidente s";"37";"BR-290/RS";"Oeste";"Choque com objeto sobre a pista";2;0;0;0;0;0;0;0;0;0;3;0;0;0;0
"19/02/2022";"08:42:00";"245";"Acidente s";"426";"BR-386/RS";"Sul";"Atropelamento de Animal";1;0;0;0;0;0;0;0;0;0;4;0;0;0;0
"19/02/2022";"11:19:00";"272";"Acidente c";"41";"BR-290/RS";"Oeste";"Tombamento";0;0;0;0;0;0;0;1;0;0;0;0;0;1;0
"20/02/2022";"04:27:00";"29";"Acidente s";"15";"BR-101/RS";"Sul";"Capotamento";1;0;0;0;0;0;0;0;0;0;1;0;0;0;0
"20/02/2022";"05:47:00";"32";"Acidente s";"86";"BR-290/RS";"Leste";"Choque - Poste";1;0;0;0;0;0;0;0;0;0;1;0;0;0;0
"20/02/2022";"06:05:00";"36";"Acidente s";"414";"BR-386/RS";"Norte";"Choque Defensa";1;0;0;0;0;0;0;0;0;0;1;0;0;0;0
"21/02/2022";"01:25:00";"10";"Acidente s";"356";"BR-386/RS";"Sul";"Saída de pista";1;0;0;0;0;0;0;0;0;0;1;0;0;0;0
"21/02/2022";"05:11:00";"28";"Acidente s";"26";"BR-290/RS";"Leste";"Choque Defensa";1;0;0;0;0;0;0;0;0;0;1;0;0;0;0
"21/02/2022";"07:48:00";"65";"Acidente s";"310";"BR-386/RS";"Sul";"Queda de ribanceira";0;0;1;0;0;0;0;0;0;0;1;0;0;0;0
"21/02/2022";"07:49:00";"132";"Acidente s";"310";"BR-386/RS";"Sul";"Choque Barreira";0;0;1;0;0;0;0;0;0;0;2;0;0;0;0
"21/02/2022";"08:11:00";"87";"Acidente s";"352";"BR-386/RS";"Norte";"Colisão - Traseira";2;0;0;0;0;0;0;0;0;0;2;0;0;0;0
"21/02/2022";"08:22:00";"91";"Acidente c";"15";"BR-448/RS";"Sul";"Choque Defensa";1;0;0;0;0;0;0;0;0;0;0;1;0;0;0
"21/02/2022";"08:51:00";"105";"Acidente s";"358";"BR-386/RS";"Norte";"Saída de pista";1;0;0;0;0;0;0;0;0;0;1;0;0;0;0
"21/02/2022";"09:39:00";"118";"Acidente s";"318";"BR-386/RS";"Norte";"Engavetamento";3;0;0;0;0;0;0;0;0;0;6;0;0;0;0
"21/02/2022";"02:16:00";"183";"Acidente s";"16";"BR-290/RS";"Oeste";"Choque Defensa";1;0;0;0;0;0;0;0;0;0;3;0;0;0;0
"21/02/2022";"03:03:00";"195";"Acidente s";"339";"BR-386/RS";"Sul";"Queda de ribanceira";1;0;0;0;0;0;0;0;0;0;1;0;0;0;0
"21/02/2022";"03:10:00";"198";"Acidente s";"361";"BR-386/RS";"Norte";"Capotamento";1;0;0;0;0;0;0;0;0;0;1;0;0;0;0