data;horario;n_da_ocorrencia;tipo_de_ocorrencia;km;trecho;sentido;tipo_de_acidente;automovel;bicicleta;caminhao;moto;onibus;outros;tracao_animal;transporte_de_cargas_especiais;trator_maquinas;utilitarios;ilesos;levemente_feridos;moderadamente_feridos;gravemente_feridos;mortos
"08/07/2022";"07:15:00";"36";"Acidente s";"434";"BR-386/RS";"Norte";"Colisão - Traseira";2;0;0;0;0;0;0;0;0;0;2;0;0;0;0
"08/07/2022";"09:21:00";"97";"Acidente c";"252";"BR-386/RS";"Norte";"Capotamento";1;0;0;0;0;0;0;0;0;0;0;5;0;0;0
"08/07/2022";"01:12:00";"151";"Acidente s";"65";"BR-290/RS";"Oeste";"Saída de pista";1;0;0;0;0;0;0;0;0;0;1;0;0;0;0
"08/07/2022";"03:22:00";"168";"Acidente c";"434";"BR-386/RS";"Norte";"Colisão - Transversal";1;0;0;1;0;0;0;0;0;0;2;0;1;0;0
"08/07/2022";"07:00:00";"211";"Acidente s";"431";"BR-386/RS";"Norte";"Colisão - Lateral";0;0;1;0;0;1;0;0;0;0;3;0;0;0;0
"08/07/2022";"07:53:00";"221";"Acidente s";"390";"BR-386/RS";"Norte";"Colisão - Traseira";2;0;0;0;0;0;0;0;0;0;2;0;0;0;0
"08/07/2022";"10:18:00";"238";"Acidente s";"359";"BR-386/RS";"Norte";"Saída de pista";1;0;0;0;0;0;0;0;0;0;1;0;0;0;0
"09/07/2022";"12:50:00";"6";"Acidente s";"439";"BR-386/RS";"Norte";"Capotamento";2;0;0;0;0;0;0;0;0;0;3;0;0;0;0
"09/07/2022";"01:50:00";"8";"Acidente c";"13";"BR-448/RS";"Norte";"Colisão - Traseira";2;0;0;0;0;0;0;0;0;0;1;0;5;0;0
"09/07/2022";"06:38:00";"25";"Acidente c";"70";"BR-290/RS";"Leste";"Colisão - Lateral";1;0;0;0;0;0;0;0;0;1;6;2;0;0;0
"09/07/2022";"11:41:00";"97";"Acidente c";"238";"BR-386/RS";"Norte";"Colisão - Lateral";1;0;0;1;0;0;0;0;0;0;1;2;0;0;0
"09/07/2022";"12:30:00";"104";"Acidente s";"358";"BR-386/RS";"Norte";"Queda de ribanceira";1;0;0;0;0;0;0;0;0;0;2;0;0;0;0
"09/07/2022";"03:53:00";"142";"Acidente c";"92";"BR-290/RS";"Oeste";"Queda de moto";0;0;0;1;0;0;0;0;0;0;0;0;1;0;0
"09/07/2022";"06:24:00";"171";"Acidente s";"361";"BR-386/RS";"Sul";"Saída de pista";1;0;0;0;0;1;0;0;0;0;3;0;0;0;0
"09/07/2022";"06:29:00";"173";"Acidente c";"10";"BR-101/RS";"Sul";"Colisão - Transversal";2;0;0;0;0;0;0;0;0;0;1;1;1;0;0
"09/07/2022";"07:38:00";"189";"Atropelame";"236";"BR-386/RS";"Norte";"Atropelamento - Morador/Trabalhador/Estudante";0;0;0;0;0;1;0;0;0;0;1;0;0;0;2
"09/07/2022";"08:30:00";"196";"Acidente s";"429";"BR-386/RS";"Sul";"Saída de pista";1;0;0;0;0;0;0;0;0;0;1;0;0;0;0
"10/07/2022";"03:21:00";"12";"Acidente s";"43";"BR-290/RS";"Oeste";"Saída de pista";0;0;1;0;0;0;0;0;0;0;1;0;0;0;0
"10/07/2022";"10:08:00";"63";"Acidente s";"35";"BR-101/RS";"Sul";"Choque Praça - Cabine";0;0;0;0;0;0;0;1;0;0;1;0;0;0;0
"10/07/2022";"02:54:00";"114";"Acidente s";"15";"BR-101/RS";"Sul";"Colisão - Traseira";0;0;0;2;0;0;0;0;0;0;3;0;0;0;0
"10/07/2022";"06:30:00";"162";"Acidente c";"418";"BR-386/RS";"Sul";"Colisão - Lateral";1;0;0;0;0;0;0;0;0;0;0;0;1;0;0
"10/07/2022";"08:33:00";"183";"Acidente s";"91";"BR-290/RS";"Leste";"Colisão - Lateral";2;0;0;0;0;0;0;0;0;0;3;0;0;0;0
"10/07/2022";"09:25:00";"196";"Acidente c";"70";"BR-101/RS";"Sul";"Colisão - Traseira";2;0;0;0;0;0;0;0;0;0;2;1;0;0;0
"11/07/2022";"04:23:00";"19";"Acidente s";"405";"BR-386/RS";"Sul";"Queda de ribanceira";1;0;0;0;0;0;0;0;0;0;1;0;0;0;0
"11/07/2022";"06:20:00";"25";"Atropelame";"343";"BR-386/RS";"Norte";"Atropelamento - Esportista";0;0;0;1;0;0;0;0;0;0;0;1;1;0;0
"11/07/2022";"08:08:00";"71";"Acidente c";"75";"BR-101/RS";"Sul";"Capotamento";1;0;0;0;0;0;0;0;0;0;0;1;0;0;0
"11/07/2022";"08:41:00";"85";"Acidente s";"427";"BR-386/RS";"Norte";"Choque Barreira";1;0;0;0;0;0;0;0;0;0;1;0;0;0;0
"11/07/2022";"08:59:00";"94";"Acidente c";"74";"BR-290/RS";"Leste";"Colisão - Lateral";1;0;1;0;0;0;0;0;0;0;1;0;2;0;0
"11/07/2022";"11:13:00";"144";"Acidente s";"81";"BR-290/RS";"Oeste";"Queda de ribanceira";1;0;0;0;0;0;0;0;0;0;1;0;0;0;0
"11/07/2022";"01:55:00";"184";"Acidente s";"7";"BR-101/RS";"Norte";"Capotamento";1;0;0;0;0;0;0;0;0;0;1;0;0;0;0
"11/07/2022";"05:19:00";"232";"Acidente s";"14";"BR-290/RS";"Oeste";"Capotamento";1;0;0;0;0;0;0;0;0;0;4;0;0;0;0
"11/07/2022";"07:08:00";"251";"Acidente c";"337";"BR-386/RS";"Ambos";"Colisão - Frontal";3;0;0;0;0;0;0;0;0;0;2;0;1;0;1
"11/07/2022";"08:05:00";"265";"Acidente c";"82";"BR-290/RS";"Oeste";"Colisão - Traseira";1;0;1;0;0;0;0;0;0;0;1;1;0;0;0
"11/07/2022";"09:36:00";"273";"Acidente s";"364";"BR-386/RS";"Sul";"Saída de pista";1;0;0;0;0;0;0;0;0;0;2;0;0;0;0
"11/07/2022";"10:06:00";"283";"Acidente s";"92";"BR-290/RS";"Leste";"Colisão - Traseira";1;0;1;0;0;0;0;0;0;0;5;0;0;0;0
"11/07/2022";"10:55:00";"287";"Acidente s";"395";"BR-386/RS";"Norte";"Saída de pista";0;0;1;0;0;0;0;0;0;0;1;0;0;0;0
"11/07/2022";"11:06:00";"288";"Acidente s";"214";"BR-386/RS";"Sul";"Saída de pista";0;0;0;0;0;0;0;0;0;1;7;0;0;0;0
"12/07/2022";"08:34:00";"56";"Acidente s";"92";"BR-290/RS";"Leste";"Choque Defensa";1;0;0;0;0;0;0;0;0;0;1;0;0;0;0
"12/07/2022";"09:26:00";"78";"Acidente s";"436";"BR-386/RS";"Sul";"Saída de pista";1;0;0;0;0;0;0;0;0;0;1;0;0;0;0
"12/07/2022";"03:48:00";"165";"Acidente s";"399";"BR-386/RS";"Sul";"Saída de pista";0;0;1;0;0;0;0;0;0;0;1;0;0;0;0
"12/07/2022";"06:29:00";"185";"Acidente s";"60";"BR-290/RS";"Oeste";"Colisão - Lateral";1;0;0;0;0;0;0;1;0;0;2;0;0;0;0
"12/07/2022";"06:35:00";"187";"Acidente s";"90.31";"BR-290/RS";"Leste";"Colisão - Lateral";0;0;0;0;0;0;0;1;0;1;2;0;0;0;0
"12/07/2022";"08:12:00";"205";"Acidente s";"92";"BR-290/RS";"Oeste";"Capotamento";1;0;0;0;0;0;0;0;0;0;1;0;0;0;0
"12/07/2022";"08:27:00";"206";"Acidente s";"245";"BR-386/RS";"Norte";"Saída de pista";1;0;1;0;0;0;0;0;0;0;2;0;0;0;0
"13/07/2022";"01:09:00";"3";"Acidente s";"306";"BR-386/RS";"Norte";"Saída de pista";1;0;0;0;0;0;0;0;0;0;1;0;0;0;0
"13/07/2022";"01:25:00";"4";"Acidente s";"63";"BR-101/RS";"Norte";"Choque com objeto sobre a pista";1;0;0;0;0;0;0;0;0;0;2;0;0;0;0
"13/07/2022";"07:54:00";"56";"Acidente s";"406";"BR-386/RS";"Sul";"Saída de pista";0;0;1;0;0;0;0;0;0;0;1;0;0;0;0
"13/07/2022";"03:58:00";"189";"Acidente c";"343";"BR-386/RS";"Sul";"Colisão - Transversal";2;0;1;0;0;0;0;0;0;0;4;0;1;0;0
"13/07/2022";"06:12:00";"211";"Acidente c";"347";"BR-386/RS";"Sul";"Colisão - Transversal";2;0;0;0;0;0;0;0;0;1;3;1;0;0;0
"13/07/2022";"07:46:00";"236";"Acidente s";"92";"BR-290/RS";"Leste";"Colisão - Lateral";2;0;0;0;0;0;0;0;0;0;3;0;0;0;0
"14/07/2022";"05:40:00";"24";"Acidente c";"335";"BR-386/RS";"Norte";"Tombamento";0;0;1;0;0;0;0;0;0;0;0;1;0;0;0
"14/07/2022";"06:57:00";"29";"Acidente s";"13";"BR-290/RS";"Oeste";"Choque Defensa";1;0;0;0;0;0;0;0;0;0;2;0;0;0;0
"14/07/2022";"08:01:00";"39";"Acidente s";"414";"BR-386/RS";"Sul";"Saída de pista";0;0;0;0;0;0;0;0;0;1;1;0;0;0;0
"14/07/2022";"08:48:00";"55";"Acidente s";"2";"BR-101/RS";"Norte";"Choque Defensa";1;0;0;0;0;0;0;0;0;0;3;0;0;0;0
"14/07/2022";"09:26:00";"78";"Acidente s";"11";"BR-290/RS";"Leste";"Saída de pista";1;0;0;0;0;0;0;0;0;0;1;0;0;0;0
"14/07/2022";"10:50:00";"91";"Acidente s";"343";"BR-386/RS";"Sul";"Colisão - Transversal";2;0;0;0;0;0;0;0;0;0;5;0;0;0;0
"14/07/2022";"12:09:00";"98";"Acidente c";"345";"BR-386/RS";"Sul";"Queda de ribanceira";0;0;0;1;0;0;0;0;0;0;0;1;0;0;0
"14/07/2022";"02:01:00";"112";"Acidente c";"397";"BR-386/RS";"Norte";"Saída de pista";1;0;0;0;0;0;0;0;0;0;4;0;1;0;0
"14/07/2022";"03:46:00";"123";"Acidente s";"331";"BR-386/RS";"Sul";"Colisão - Traseira";0;0;0;0;0;0;0;0;0;2;2;0;0;0;0
"14/07/2022";"04:30:00";"130";"Acidente s";"11";"BR-290/RS";"Leste";"Saída de pista";1;0;0;0;0;0;0;0;0;0;1;0;0;0;0
"14/07/2022";"04:52:00";"133";"Acidente s";"94";"BR-290/RS";"Oeste";"Choque Barreira";1;0;0;0;0;0;0;0;0;0;1;0;0;0;0
"14/07/2022";"05:05:00";"137";"Acidente s";"94";"BR-290/RS";"Oeste";"Colisão - Traseira";2;0;0;0;0;0;0;0;0;0;2;0;0;0;0
"14/07/2022";"05:36:00";"141";"Acidente s";"70";"BR-290/RS";"Oeste";"Colisão - Lateral";1;0;0;0;0;1;0;0;0;0;2;0;0;0;0
"14/07/2022";"06:30:00";"151";"Acidente s";"414";"BR-386/RS";"Sul";"Colisão - Traseira";2;0;0;0;0;0;0;0;0;0;5;0;0;0;0
"15/07/2022";"06:25:00";"27";"Acidente s";"83";"BR-290/RS";"Oeste";"Colisão - Traseira";2;0;0;0;0;0;0;0;0;0;2;0;0;0;0
"15/07/2022";"07:29:00";"35";"Acidente s";"60";"BR-290/RS";"Oeste";"Choque Praça - Cabine";0;0;0;0;0;0;0;1;0;0;2;0;0;0;0
"15/07/2022";"11:36:00";"100";"Acidente s";"373";"BR-386/RS";"Norte";"Saída de pista";1;0;0;0;0;0;0;0;0;0;1;0;0;0;0
"15/07/2022";"12:30:00";"111";"Acidente s";"410";"BR-386/RS";"Norte";"Saída de pista";1;0;0;0;0;0;0;0;0;0;1;0;0;0;0
"15/07/2022";"01:51:00";"126";"Acidente s";"349";"BR-386/RS";"Norte";"Colisão - Lateral";1;0;0;1;0;0;0;0;0;0;2;0;0;0;0
"15/07/2022";"02:36:00";"134";"Acidente s";"411";"BR-386/RS";"Norte";"Saída de pista";1;0;0;0;0;0;0;0;0;0;1;0;0;0;0
"15/07/2022";"02:42:00";"135";"Acidente s";"215";"BR-386/RS";"Sul";"Colisão - Lateral";1;0;1;0;0;0;0;0;0;0;3;0;0;0;0
"15/07/2022";"03:47:00";"160";"Acidente s";"49";"BR-290/RS";"Leste";"Queda de ribanceira";1;0;0;0;0;0;0;0;0;0;2;0;0;0;0
"15/07/2022";"06:04:00";"187";"Acidente s";"86";"BR-290/RS";"Oeste";"Colisão - Traseira";2;0;0;0;0;0;0;0;0;0;2;0;0;0;0
"15/07/2022";"06:17:00";"189";"Acidente s";"4";"BR-101/RS";"Sul";"Colisão - Traseira";1;0;1;0;0;0;0;0;0;0;3;0;0;0;0
"15/07/2022";"07:53:00";"211";"Acidente s";"445";"BR-386/RS";"Norte";"Saída de pista";1;0;0;0;0;0;0;0;0;0;1;0;0;0;0
"16/07/2022";"01:58:00";"253";"Acidente s";"85";"BR-290/RS";"Oeste";"Atropelamento de Animal";1;0;0;0;0;0;0;0;0;0;1;0;0;0;0
"16/07/2022";"04:33:00";"262";"Acidente c";"39";"BR-290/RS";"Oeste";"Colisão - Traseira";1;0;0;0;0;0;0;1;0;0;5;1;0;0;0
"16/07/2022";"10:21:00";"314";"Acidente c";"398";"BR-386/RS";"Sul";"Capotamento";1;0;0;0;0;0;0;0;0;0;2;1;1;0;0
"16/07/2022";"12:18:00";"333";"Acidente s";"94";"BR-290/RS";"Oeste";"Choque Barreira";1;0;0;0;0;0;0;0;0;0;1;0;0;0;0
"16/07/2022";"12:42:00";"338";"Acidente s";"75";"BR-290/RS";"Oeste";"Choque Defensa";1;0;0;0;0;0;0;0;0;0;3;0;0;0;0
"16/07/2022";"05:04:00";"372";"Acidente s";"83";"BR-290/RS";"Oeste";"Choque Barreira";1;0;0;0;0;0;0;0;0;0;2;0;0;0;0
"16/07/2022";"05:23:00";"376";"Acidente s";"440";"BR-386/RS";"Norte";"Saída de pista";1;0;0;0;0;0;0;0;0;0;1;0;0;0;0
"16/07/2022";"09:14:00";"416";"Acidente s";"395";"BR-386/RS";"Sul";"Outros";0;0;0;0;0;0;0;1;0;0;1;0;0;0;0
"17/07/2022";"04:22:00";"92";"Acidente s";"19";"BR-290/RS";"Oeste";"Colisão - Traseira";2;0;0;0;0;0;0;0;0;0;2;0;0;0;0
"17/07/2022";"08:00:00";"137";"Atropelame";"342";"BR-386/RS";"Norte";"Atropelamento - Usuário";0;0;0;0;0;1;0;0;0;0;1;0;0;1;0
"17/07/2022";"08:16:00";"140";"Acidente s";"216";"BR-386/RS";"Norte";"Saída de pista";1;0;0;0;0;0;0;0;0;0;1;0;0;0;0
"17/07/2022";"10:38:00";"155";"Acidente s";"9";"BR-101/RS";"Sul";"Colisão - Lateral";2;0;0;0;0;0;0;0;0;0;3;0;0;0;0
"17/07/2022";"11:18:00";"159";"Acidente s";"44";"BR-290/RS";"Leste";"Atropelamento de Animal";1;0;0;0;0;0;0;0;0;0;3;0;0;0;0
"17/07/2022";"11:55:00";"165";"Acidente s";"220";"BR-386/RS";"Sul";"Saída de pista";1;0;0;0;0;0;0;0;0;0;2;0;0;0;0
"18/07/2022";"08:10:00";"64";"Acidente s";"92";"BR-290/RS";"Oeste";"Engavetamento";4;0;0;0;0;0;0;0;0;0;5;0;0;0;0
"18/07/2022";"09:48:00";"114";"Acidente c";"435";"BR-386/RS";"Sul";"Choque Barreira";1;0;0;0;0;0;0;0;0;0;0;0;1;0;0
"18/07/2022";"05:38:00";"215";"Acidente c";"435";"BR-386/RS";"Norte";"Engavetamento";3;0;0;0;0;0;0;0;0;0;3;2;0;0;0
"18/07/2022";"06:06:00";"224";"Acidente c";"40";"BR-101/RS";"Sul";"Colisão - Transversal";2;0;0;0;0;0;0;0;0;0;1;2;0;0;0
"19/07/2022";"02:22:00";"12";"Acidente s";"50";"BR-101/RS";"Sul";"Saída de pista";1;0;0;0;0;0;0;0;0;0;2;0;0;0;0
"19/07/2022";"08:20:00";"72";"Acidente s";"444";"BR-386/RS";"Sul";"Colisão - Lateral";1;0;0;0;0;0;0;1;0;0;3;0;0;0;0
"19/07/2022";"08:27:00";"75";"Acidente s";"60";"BR-290/RS";"Oeste";"Colisão - Traseira";2;0;0;0;0;0;0;0;0;0;4;0;0;0;0
"19/07/2022";"09:20:00";"102";"Acidente s";"287";"BR-386/RS";"Norte";"Queda de ribanceira";0;0;0;0;0;1;0;1;0;0;1;0;0;0;0
"19/07/2022";"09:37:00";"109";"Acidente s";"345";"BR-386/RS";"Sul";"Colisão - Traseira";1;0;0;0;0;0;0;0;0;1;2;0;0;0;0
"19/07/2022";"02:12:00";"163";"Acidente s";"398";"BR-386/RS";"Norte";"Colisão - Lateral";0;0;1;0;0;2;0;0;0;0;1;0;0;0;0
"19/07/2022";"07:23:00";"221";"Acidente s";"9";"BR-101/RS";"Norte";"Colisão - Transversal";1;0;0;0;0;0;0;1;0;0;3;0;0;0;0
"19/07/2022";"07:44:00";"223";"Acidente s";"297";"BR-386/RS";"Sul";"Saída de pista";1;0;0;0;0;0;0;0;0;0;1;0;0;0;0
"20/07/2022";"03:50:00";"8";"Acidente s";"94";"BR-290/RS";"Oeste";"Colisão - Traseira";1;0;0;0;0;0;0;0;0;1;4;0;0;0;0
"20/07/2022";"07:12:00";"28";"Acidente s";"88";"BR-290/RS";"Oeste";"Colisão - Traseira";1;0;0;0;1;0;0;0;0;0;2;0;0;0;0
"20/07/2022";"08:57:00";"67";"Acidente s";"60";"BR-290/RS";"Oeste";"Colisão - Traseira";2;0;0;0;0;0;0;0;0;0;6;0;0;0;0
"20/07/2022";"08:40:00";"210";"Acidente s";"302";"BR-386/RS";"Norte";"Queda de ribanceira";1;0;0;0;0;0;0;1;0;0;5;0;0;0;0
"21/07/2022";"01:01:00";"6";"Acidente s";"74";"BR-101/RS";"Sul";"Atropelamento de Animal";1;0;0;0;0;0;0;0;0;0;3;0;0;0;0
"21/07/2022";"01:39:00";"9";"Acidente s";"87";"BR-290/RS";"Leste";"Colisão - Lateral";1;0;0;1;0;0;0;0;0;0;3;0;0;0;0
"21/07/2022";"03:03:00";"11";"Acidente c";"359";"BR-386/RS";"Sul";"Saída de pista";1;0;0;0;0;0;0;0;0;0;0;1;0;0;0
"21/07/2022";"07:56:00";"61";"Acidente s";"91";"BR-290/RS";"Oeste";"Colisão - Traseira";2;0;0;0;0;0;0;0;0;0;3;0;0;0;0
"21/07/2022";"09:59:00";"111";"Acidente s";"343";"BR-386/RS";"Sul";"Colisão - Traseira";0;0;2;0;0;0;0;0;0;0;2;0;0;0;0
"21/07/2022";"12:01:00";"138";"Acidente s";"81";"BR-290/RS";"Leste";"Colisão - Traseira";2;0;0;0;0;0;0;0;0;0;4;0;0;0;0
"21/07/2022";"06:03:00";"224";"Acidente s";"437";"BR-386/RS";"Sul";"Colisão - Traseira";1;0;0;0;0;0;0;0;0;1;3;0;0;0;0
"22/07/2022";"06:33:00";"19";"Acidente s";"433";"BR-386/RS";"Norte";"Queda de ribanceira";1;0;0;0;0;0;0;0;0;0;5;0;0;0;0
"22/07/2022";"09:27:00";"108";"Acidente s";"54";"BR-290/RS";"Oeste";"Saída de pista";1;0;0;0;0;0;0;0;0;0;1;0;0;0;0
"22/07/2022";"01:40:00";"177";"Acidente c";"180";"BR-386/RS";"Sul";"Colisão - Transversal";2;0;0;0;0;0;0;0;0;0;7;1;0;0;0
"22/07/2022";"02:51:00";"196";"Acidente c";"239";"BR-386/RS";"Sul";"Colisão - Traseira";2;0;0;0;0;0;0;0;0;0;3;1;0;0;0
"22/07/2022";"04:33:00";"220";"Acidente s";"297";"BR-386/RS";"Sul";"Colisão - Traseira";1;0;0;0;0;0;0;0;0;1;3;0;0;0;0
"22/07/2022";"05:16:00";"228";"Acidente s";"48";"BR-101/RS";"Norte";"Colisão - Traseira";2;0;0;0;0;0;0;0;0;0;2;0;0;0;0
"22/07/2022";"05:54:00";"234";"Acidente s";"264.23";"BR-386/RS";"Sul";"Colisão - Traseira";2;0;0;0;0;0;0;0;0;0;7;0;0;0;0
"22/07/2022";"06:10:00";"238";"Acidente c";"86";"BR-290/RS";"Leste";"Colisão - Lateral";3;0;0;0;0;0;0;0;0;0;6;1;0;0;0
"22/07/2022";"06:15:00";"240";"Acidente s";"60";"BR-290/RS";"Oeste";"Colisão - Traseira";2;0;0;0;0;0;0;0;0;0;5;0;0;0;0
"22/07/2022";"06:32:00";"247";"Acidente s";"58";"BR-290/RS";"Leste";"Atropelamento de Animal";1;0;0;0;0;0;0;0;0;0;4;0;0;0;0
"22/07/2022";"07:56:00";"274";"Acidente s";"75";"BR-290/RS";"Oeste";"Saída de pista";1;0;0;0;0;0;0;0;0;0;1;0;0;0;0
"22/07/2022";"08:34:00";"280";"Acidente s";"12";"BR-448/RS";"Norte";"Colisão - Lateral";1;0;0;0;0;0;0;1;0;0;2;0;0;0;0
"22/07/2022";"09:16:00";"292";"Acidente s";"356";"BR-386/RS";"Norte";"Saída de pista";1;0;0;0;0;0;0;0;0;0;2;0;0;0;0
"23/07/2022";"01:03:00";"6";"Acidente s";"388";"BR-386/RS";"Norte";"Saída de pista";0;0;1;0;0;0;0;0;0;0;1;0;0;0;0
"23/07/2022";"05:49:00";"22";"Acidente s";"10";"BR-448/RS";"Sul";"Queda de ribanceira";1;0;0;0;0;0;0;0;0;0;3;0;0;0;0
"23/07/2022";"06:41:00";"30";"Acidente s";"82";"BR-290/RS";"Leste";"Choque Barreira";1;0;0;0;0;0;0;0;0;0;2;0;0;0;0
"23/07/2022";"02:05:00";"117";"Acidente c";"336";"BR-386/RS";"Sul";"Colisão - Transversal";2;0;0;0;0;0;0;0;0;0;3;0;2;0;0
"23/07/2022";"02:13:00";"122";"Acidente s";"43";"BR-101/RS";"Sul";"Saída de pista";1;0;0;0;0;0;0;0;0;0;4;0;0;0;0
"23/07/2022";"04:27:00";"148";"Acidente c";"86";"BR-101/RS";"Norte";"Colisão - Lateral";0;0;0;1;0;0;0;1;0;0;1;1;0;0;0
"23/07/2022";"05:11:00";"155";"Acidente c";"50";"BR-101/RS";"Sul";"Saída de pista";1;0;0;0;0;0;0;0;0;0;1;0;1;0;0
"23/07/2022";"09:34:00";"205";"Acidente s";"29";"BR-290/RS";"Leste";"Tombamento";0;0;0;0;0;0;0;1;0;0;1;0;0;0;0
"24/07/2022";"02:31:00";"12";"Acidente s";"90";"BR-290/RS";"Oeste";"Capotamento";1;0;0;0;0;0;0;0;0;0;1;0;0;0;0
"24/07/2022";"01:11:00";"98";"Acidente c";"5";"BR-448/RS";"Sul";"Queda de moto";0;0;0;1;0;0;0;0;0;0;0;0;2;0;0
"24/07/2022";"06:53:00";"184";"Acidente s";"354";"BR-386/RS";"Norte";"Colisão - Transversal";2;0;0;0;0;0;0;0;0;0;4;0;0;0;0
"24/07/2022";"07:13:00";"190";"Acidente s";"270";"BR-386/RS";"Ambos";"Colisão - Traseira";2;0;0;0;0;0;0;0;0;0;2;0;0;0;0
"24/07/2022";"10:12:00";"221";"Acidente s";"60";"BR-101/RS";"Norte";"Atropelamento de Animal";1;0;0;0;0;0;0;0;0;0;3;0;0;0;0
"24/07/2022";"10:48:00";"228";"Acidente c";"355";"BR-386/RS";"Norte";"Capotamento";1;0;0;0;0;0;0;0;0;0;0;2;0;0;0
"24/07/2022";"11:01:00";"233";"Acidente s";"248";"BR-386/RS";"Norte";"Saída de pista";1;0;0;0;0;0;0;0;0;0;2;0;0;0;0
"24/07/2022";"11:42:00";"241";"Acidente s";"5";"BR-101/RS";"Norte";"Saída de pista";1;0;0;0;0;0;0;0;0;0;1;0;0;0;0
"25/07/2022";"05:42:00";"25";"Acidente s";"59";"BR-290/RS";"Ambos";"Queda de ribanceira";1;0;0;0;0;0;0;0;0;0;1;0;0;0;0
"25/07/2022";"05:46:00";"26";"Acidente s";"36";"BR-101/RS";"Norte";"Choque Defensa";0;0;0;0;0;0;0;0;0;1;1;0;0;0;0
"25/07/2022";"06:28:00";"30";"Acidente c";"245";"BR-386/RS";"Sul";"Colisão - Transversal";2;0;0;0;0;0;0;0;0;0;1;1;1;0;0
"25/07/2022";"06:46:00";"34";"Acidente c";"303";"BR-386/RS";"Norte";"Saída de pista";0;0;0;0;0;0;0;1;0;0;0;1;0;0;0
"25/07/2022";"11:06:00";"137";"Acidente s";"265";"BR-386/RS";"Norte";"Colisão - Traseira";2;0;0;0;0;0;0;0;0;0;6;0;0;0;0
"25/07/2022";"06:19:00";"235";"Acidente s";"351";"BR-386/RS";"Norte";"Colisão - Lateral";1;0;0;2;0;0;0;0;0;0;3;0;0;0;0
"25/07/2022";"06:54:00";"247";"Acidente c";"245";"BR-386/RS";"Norte";"Colisão - Frontal";2;0;0;0;0;0;0;0;0;0;1;2;0;0;0
"25/07/2022";"09:23:00";"270";"Acidente c";"341";"BR-386/RS";"Norte";"Capotamento";1;0;0;0;0;0;0;0;0;0;1;1;0;0;0
"25/07/2022";"11:38:00";"285";"Acidente s";"387";"BR-386/RS";"Sul";"Colisão - Lateral";1;0;2;0;0;0;0;0;0;0;4;0;0;0;0
"26/07/2022";"03:27:00";"169";"Acidente c";"342";"BR-386/RS";"Sul";"Colisão - Traseira";1;0;0;1;0;0;0;0;0;0;3;1;0;0;0
"26/07/2022";"04:08:00";"176";"Acidente s";"432";"BR-386/RS";"Sul";"Saída de pista";1;0;0;0;0;0;0;0;0;0;1;0;0;0;0
"26/07/2022";"06:21:00";"199";"Acidente c";"351";"BR-386/RS";"Sul";"Colisão - Lateral";2;0;0;1;0;0;0;0;0;0;3;0;1;0;0
"26/07/2022";"06:49:00";"206";"Acidente s";"83";"BR-290/RS";"Leste";"Colisão - Traseira";3;0;0;0;0;0;0;0;0;0;4;0;0;0;0
"26/07/2022";"06:49:00";"205";"Acidente s";"385";"BR-386/RS";"Sul";"Saída de pista";1;0;0;0;0;0;0;0;0;0;1;0;0;0;0
"27/07/2022";"02:44:00";"17";"Acidente c";"51";"BR-101/RS";"Sul";"Tombamento";0;0;1;0;0;0;0;0;0;0;0;1;0;0;0
"27/07/2022";"03:01:00";"18";"Acidente c";"55";"BR-101/RS";"Norte";"Queda de ribanceira";0;0;0;0;0;1;0;0;0;0;0;2;0;0;0
"27/07/2022";"11:07:00";"125";"Acidente s";"328.19";"BR-386/RS";"Sul";"Engavetamento";3;0;0;0;0;0;0;0;0;0;7;0;0;0;0
"27/07/2022";"12:11:00";"137";"Acidente s";"328";"BR-386/RS";"Sul";"Choque Defensa";0;0;1;0;0;0;0;0;0;1;2;0;0;0;0
"27/07/2022";"02:38:00";"165";"Acidente s";"445";"BR-386/RS";"Sul";"Tombamento";0;0;0;0;0;0;0;0;0;1;1;0;0;0;0
"27/07/2022";"02:49:00";"169";"Acidente s";"226";"BR-386/RS";"Sul";"Colisão - Traseira";1;0;1;0;0;0;0;0;0;0;3;0;0;0;0
"27/07/2022";"04:39:00";"194";"Acidente s";"333";"BR-386/RS";"Norte";"Colisão - Traseira";2;0;0;0;0;0;0;0;0;0;6;0;0;0;0
"27/07/2022";"06:48:00";"235";"Acidente s";"304";"BR-386/RS";"Norte";"Colisão - Lateral";1;0;0;0;0;1;0;0;0;0;2;0;0;0;0
"27/07/2022";"07:18:00";"243";"Acidente c";"345";"BR-386/RS";"Sul";"Colisão - Transversal";1;0;0;1;0;0;0;0;0;0;1;1;0;0;0
"28/07/2022";"01:41:00";"7";"Acidente c";"56";"BR-290/RS";"Oeste";"Tombamento";0;0;1;0;0;0;0;0;0;0;0;1;0;0;0
"28/07/2022";"06:42:00";"27";"Acidente c";"26";"BR-101/RS";"Sul";"Colisão - Traseira";0;0;1;0;0;0;0;1;0;0;0;1;1;0;0
"28/07/2022";"09:55:00";"116";"Acidente s";"426";"BR-386/RS";"Norte";"Colisão - Traseira";2;0;0;0;0;0;0;0;0;0;4;0;0;0;0
"28/07/2022";"01:27:00";"164";"Acidente s";"84";"BR-290/RS";"Oeste";"Colisão - Lateral";0;0;0;0;0;0;0;2;0;0;2;0;0;0;0