data;horario;n_da_ocorrencia;tipo_de_ocorrencia;km;trecho;sentido;tipo_de_acidente;automovel;bicicleta;caminhao;moto;onibus;outros;tracao_animal;transporte_de_cargas_especiais;trator_maquinas;utilitarios;ilesos;levemente_feridos;moderadamente_feridos;gravemente_feridos;mortos
"16/10/2022";"08:37:00";"161";"Acidente c";"375";"BR-386/RS";"Norte";"Colisão - Transversal";1;0;0;1;0;0;0;0;0;0;5;0;1;0;0
"16/10/2022";"08:57:00";"164";"Acidente s";"339";"BR-386/RS";"Sul";"Saída de pista";0;0;1;0;0;0;0;0;0;0;3;0;0;0;0
"16/10/2022";"09:29:00";"172";"Acidente s";"80";"BR-290/RS";"Leste";"Colisão - Traseira";2;0;0;0;0;0;0;0;0;0;1;0;0;0;0
"17/10/2022";"06:07:00";"29";"Acidente s";"1";"BR-290/RS";"Oeste";"Saída de pista";1;0;0;0;0;0;0;0;0;0;2;0;0;0;0
"17/10/2022";"06:10:00";"31";"Acidente c";"366";"BR-386/RS";"Sul";"Saída de pista";1;0;0;0;0;0;0;0;0;0;2;0;0;0;0
"17/10/2022";"09:09:00";"104";"Acidente s";"349";"BR-386/RS";"Sul";"Colisão - Lateral";1;0;1;0;0;0;0;0;0;0;1;0;0;0;0
"17/10/2022";"10:58:00";"131";"Acidente c";"76";"BR-290/RS";"Oeste";"Colisão - Transversal";1;0;1;0;0;0;0;0;0;0;0;1;0;0;0
"17/10/2022";"11:08:00";"134";"Acidente s";"76";"BR-290/RS";"Leste";"Capotamento";1;0;0;0;0;0;0;0;0;0;1;0;0;0;0
"17/10/2022";"12:10:00";"151";"Acidente s";"440";"BR-386/RS";"Sul";"Colisão - Lateral";1;0;1;0;0;0;0;0;0;0;4;0;0;0;0
"17/10/2022";"12:32:00";"157";"Acidente s";"317";"BR-386/RS";"Sul";"Colisão - Traseira";0;0;1;0;0;0;0;0;0;0;3;0;0;0;0
"17/10/2022";"01:59:00";"171";"Acidente c";"346";"BR-386/RS";"Sul";"Colisão - Transversal";1;0;0;0;0;0;0;0;0;0;0;1;0;0;0
"17/10/2022";"07:50:00";"242";"Acidente c";"97";"BR-290/RS";"Oeste";"Engavetamento";3;0;0;0;0;0;0;0;0;0;2;0;0;0;0
"17/10/2022";"10:35:00";"275";"Acidente s";"15";"BR-448/RS";"Sul";"Colisão - Lateral";1;0;1;0;0;0;0;0;0;0;3;0;0;0;0
"18/10/2022";"08:38:00";"109";"Acidente s";"345";"BR-386/RS";"Sul";"Colisão - Traseira";1;0;0;0;0;0;0;0;0;0;0;1;0;0;0
"18/10/2022";"06:40:00";"234";"Acidente s";"89";"BR-290/RS";"Leste";"Colisão - Lateral";1;0;0;1;0;0;0;0;0;0;2;0;0;0;0
"18/10/2022";"07:08:00";"239";"Acidente s";"391";"BR-386/RS";"Sul";"Saída de pista";1;0;0;0;0;0;0;0;0;0;5;0;0;0;0
"19/10/2022";"10:09:00";"117";"Acidente c";"242.4";"BR-386/RS";"Norte";"Queda de ribanceira";1;0;0;0;0;0;0;0;0;0;2;0;0;0;0
"19/10/2022";"12:31:00";"142";"Acidente s";"96";"BR-290/RS";"Oeste";"Saída de pista";3;0;0;0;0;0;0;0;0;0;2;0;0;0;0
"20/10/2022";"05:47:00";"18";"Acidente c";"358";"BR-386/RS";"Norte";"Queda de ribanceira";1;0;0;0;0;0;0;0;0;0;0;2;0;0;0
"20/10/2022";"06:57:00";"31";"Acidente c";"92";"BR-290/RS";"Oeste";"Queda de moto";0;0;0;1;0;0;0;0;0;0;6;0;0;0;0
"20/10/2022";"01:30:00";"158";"Acidente s";"281";"BR-386/RS";"Norte";"Colisão - Traseira";2;0;0;0;0;0;0;0;0;0;3;0;0;0;0
"20/10/2022";"02:26:00";"169";"Acidente s";"80";"BR-290/RS";"Oeste";"Queda de moto";0;0;0;1;0;0;0;0;0;0;0;0;0;1;0
"21/10/2022";"12:09:00";"2";"Acidente c";"309";"BR-386/RS";"Sul";"Colisão - Frontal";1;0;1;0;0;0;0;0;0;0;2;0;0;0;0
"21/10/2022";"07:18:00";"50";"Acidente c";"87";"BR-290/RS";"Oeste";"Queda de moto";0;0;0;1;0;0;0;0;0;0;2;0;1;0;0
"21/10/2022";"10:25:00";"142";"Acidente s";"80";"BR-290/RS";"Leste";"Colisão - Transversal";1;0;0;1;0;0;0;0;0;0;1;0;0;0;0
"21/10/2022";"10:41:00";"146";"Acidente s";"18";"BR-448/RS";"Sul";"Colisão - Lateral";1;0;1;0;0;0;0;0;0;0;3;0;0;0;0
"21/10/2022";"11:35:00";"163";"Acidente s";"397";"BR-386/RS";"Norte";"Saída de pista";0;0;1;0;0;0;0;0;0;0;2;0;0;0;0
"21/10/2022";"03:28:00";"223";"Acidente s";"12";"BR-448/RS";"Sul";"Engavetamento";3;0;0;0;0;0;0;0;0;0;0;0;1;0;0
"21/10/2022";"04:55:00";"244";"Acidente s";"88";"BR-290/RS";"Leste";"Tombamento";2;0;1;0;0;0;0;0;0;0;3;1;1;0;0
"21/10/2022";"05:55:00";"261";"Acidente s";"90";"BR-290/RS";"Leste";"Colisão - Traseira";1;0;0;2;0;0;0;0;0;0;2;0;2;0;0
"21/10/2022";"06:49:00";"283";"Acidente s";"219";"BR-386/RS";"Sul";"Colisão - Lateral";1;0;0;0;0;0;0;0;0;0;1;0;0;0;0
"21/10/2022";"07:38:00";"293";"Acidente s";"32";"BR-101/RS";"Norte";"Queda de ribanceira";1;0;0;0;0;0;0;0;0;0;3;0;0;0;0
"21/10/2022";"08:52:00";"316";"Acidente s";"3";"BR-101/RS";"Norte";"Saída de pista";1;0;0;0;0;0;0;0;0;0;1;0;0;0;0
"21/10/2022";"10:15:00";"329";"Acidente s";"3";"BR-101/RS";"Norte";"Colisão - Traseira";0;0;1;0;0;0;0;0;0;0;2;1;0;0;0
"21/10/2022";"10:24:00";"330";"Acidente s";"29";"BR-290/RS";"Leste";"Colisão - Traseira";2;0;0;0;0;0;0;0;0;0;1;1;0;0;0
"21/10/2022";"11:46:00";"340";"Acidente s";"307";"BR-386/RS";"Sul";"Saída de pista";1;0;0;0;0;0;0;0;0;0;3;0;0;3;1
"22/10/2022";"03:57:00";"20";"Acidente s";"371";"BR-386/RS";"Norte";"Saída de pista";1;0;0;0;0;0;0;0;0;0;1;1;0;0;0
"22/10/2022";"08:55:00";"200";"Acidente s";"443";"BR-386/RS";"Sul";"Colisão - Traseira";2;0;0;0;0;0;0;0;0;0;7;0;0;0;0
"22/10/2022";"10:50:00";"213";"Acidente s";"350";"BR-386/RS";"Norte";"Capotamento";1;0;0;0;0;0;0;0;0;0;1;1;0;0;0
"23/10/2022";"06:02:00";"38";"Acidente s";"35";"BR-101/RS";"Sul";"Choque Praça - Submarino";1;0;0;0;0;0;0;0;0;0;6;0;0;0;0
"23/10/2022";"07:48:00";"59";"Acidente s";"442";"BR-386/RS";"Norte";"Colisão - Traseira";2;0;0;0;0;0;0;0;0;0;5;0;0;0;0
"23/10/2022";"11:01:00";"95";"Acidente s";"92";"BR-290/RS";"Oeste";"Choque Barreira";1;0;0;0;0;0;0;0;0;0;2;0;0;0;0
"23/10/2022";"11:03:00";"96";"Acidente c";"348";"BR-386/RS";"Sul";"Queda de moto";0;0;0;1;0;0;0;0;0;0;3;0;0;0;0
"23/10/2022";"11:09:00";"97";"Acidente c";"417";"BR-386/RS";"Sul";"Queda de moto";0;0;0;1;0;0;0;0;0;0;2;0;0;0;0
"23/10/2022";"12:19:00";"107";"Acidente s";"80";"BR-101/RS";"Norte";"Choque Defensa";1;0;0;0;0;0;0;0;0;0;1;0;0;0;0
"23/10/2022";"02:39:00";"129";"Acidente s";"71";"BR-290/RS";"Oeste";"Colisão - Lateral";2;0;0;0;0;0;0;0;0;0;4;0;0;0;0
"23/10/2022";"02:53:00";"131";"Acidente s";"43";"BR-290/RS";"Oeste";"Queda de moto";0;0;0;1;0;0;0;0;0;0;1;0;0;0;0
"23/10/2022";"05:23:00";"153";"Acidente s";"88";"BR-290/RS";"Leste";"Colisão - Traseira";2;0;0;0;0;0;0;0;0;0;0;1;0;0;0
"23/10/2022";"09:08:00";"202";"Acidente s";"96";"BR-290/RS";"Leste";"Colisão - Lateral";2;0;0;0;0;0;0;0;0;0;1;0;0;0;0
"24/10/2022";"05:21:00";"23";"Acidente s";"440";"BR-386/RS";"Norte";"Saída de pista";1;0;0;0;0;0;0;0;0;0;5;0;0;0;0
"24/10/2022";"07:28:00";"62";"Acidente s";"22";"BR-448/RS";"Norte";"Colisão - Traseira";3;0;0;0;0;0;0;0;0;0;2;0;0;0;0
"24/10/2022";"10:05:00";"124";"Acidente s";"438";"BR-386/RS";"Norte";"Colisão - Traseira";1;0;0;0;0;0;0;0;0;0;4;0;0;0;0
"24/10/2022";"04:09:00";"210";"Atropelame";"75";"BR-290/RS";"Leste";"Atropelamento - Usuário";1;0;0;0;0;0;0;0;0;0;11;0;0;0;0
"24/10/2022";"06:04:00";"236";"Acidente c";"90";"BR-290/RS";"Oeste";"Queda de moto";0;0;0;1;0;0;0;0;0;0;6;0;0;0;0
"24/10/2022";"06:26:00";"241";"Acidente s";"92";"BR-290/RS";"Leste";"Colisão - Lateral";2;0;0;0;0;0;0;0;0;0;1;0;1;0;0
"24/10/2022";"10:06:00";"281";"Acidente s";"42";"BR-290/RS";"Oeste";"Tombamento";0;0;1;0;0;0;0;0;0;0;1;0;0;0;0
"25/10/2022";"01:57:00";"2";"Acidente s";"32";"BR-290/RS";"Leste";"Atropelamento de Animal";1;0;0;0;0;0;0;0;0;0;3;0;0;0;0
"25/10/2022";"07:39:00";"56";"Acidente s";"87.5";"BR-290/RS";"Oeste";"Engavetamento";3;0;0;0;0;0;0;0;0;0;2;0;0;0;0
"25/10/2022";"08:11:00";"77";"Acidente c";"374";"BR-386/RS";"Norte";"Colisão - Transversal";1;0;0;1;0;0;0;0;0;0;4;0;0;0;0
"25/10/2022";"11:38:00";"132";"Acidente s";"58";"BR-290/RS";"Oeste";"Saída de pista";1;0;0;0;0;0;0;0;0;0;1;0;0;0;0
"25/10/2022";"03:04:00";"172";"Acidente s";"348";"BR-386/RS";"Norte";"Queda de moto";0;0;0;1;0;0;0;0;0;0;5;0;0;0;0
"25/10/2022";"07:58:00";"232";"Acidente c";"343.7";"BR-386/RS";"Norte";"Colisão - Transversal";1;0;0;1;0;0;0;0;0;0;1;1;0;0;0
"26/10/2022";"08:11:00";"100";"Acidente c";"86";"BR-290/RS";"Oeste";"Queda de moto";0;0;0;1;0;0;0;0;0;0;1;0;0;0;0
"26/10/2022";"10:27:00";"162";"Acidente s";"284";"BR-386/RS";"Norte";"Capotamento";1;0;0;0;0;0;0;0;0;0;2;0;0;0;0
"26/10/2022";"03:50:00";"231";"Acidente s";"356";"BR-386/RS";"Sul";"Choque Defensa";1;0;0;0;0;0;0;0;0;0;8;0;0;0;0
"26/10/2022";"04:39:00";"237";"Acidente s";"35";"BR-101/RS";"Norte";"Colisão - Traseira";0;0;2;0;0;0;0;0;0;0;2;0;0;0;0
"26/10/2022";"07:51:00";"286";"Acidente s";"7";"BR-290/RS";"Oeste";"Queda de Carga";1;0;1;0;0;0;0;0;0;0;7;0;0;0;0
"27/10/2022";"12:28:00";"2";"Acidente s";"87";"BR-290/RS";"Oeste";"Capotamento";1;0;0;0;0;0;0;0;0;0;1;0;0;0;0
"27/10/2022";"01:36:00";"6";"Acidente s";"259";"BR-386/RS";"Sul";"Tombamento";0;0;1;0;0;0;0;0;0;0;2;0;0;0;0
"27/10/2022";"11:24:00";"166";"Acidente s";"426";"BR-386/RS";"Norte";"Colisão - Traseira";2;0;0;0;0;0;0;0;0;0;1;0;0;0;0
"27/10/2022";"12:04:00";"174";"Acidente c";"321";"BR-386/RS";"Norte";"Colisão - Traseira";1;0;0;1;0;0;0;0;0;0;3;0;0;0;0
"27/10/2022";"01:28:00";"194";"Acidente s";"345";"BR-386/RS";"Norte";"Engavetamento";1;0;0;0;0;0;0;0;0;0;6;0;0;0;0
"27/10/2022";"04:21:00";"256";"Acidente s";"352";"BR-386/RS";"Sul";"Colisão - Transversal";1;0;0;1;0;0;0;0;0;0;3;0;0;0;0
"27/10/2022";"05:20:00";"268";"Acidente s";"46";"BR-290/RS";"Oeste";"Queda de ribanceira";1;0;0;0;0;0;0;0;0;0;1;0;0;0;0
"27/10/2022";"06:00:00";"278";"Acidente s";"94";"BR-290/RS";"Leste";"Choque Defensa";1;0;0;0;0;0;0;0;0;0;3;0;0;0;0
"27/10/2022";"09:49:00";"320";"Acidente c";"75";"BR-290/RS";"Leste";"Choque - Arvore";1;0;0;0;0;0;0;0;0;0;2;0;0;0;0
"28/10/2022";"07:25:00";"78";"Acidente s";"17";"BR-448/RS";"Sul";"Colisão - Lateral";2;0;0;0;0;0;0;0;0;0;4;0;0;0;0
"28/10/2022";"09:50:00";"136";"Acidente s";"359";"BR-386/RS";"Sul";"Colisão - Traseira";1;0;0;0;0;0;0;0;0;0;1;0;0;0;0
"28/10/2022";"12:04:00";"162";"Acidente s";"344";"BR-386/RS";"Sul";"Colisão - Traseira";2;0;0;0;0;0;0;0;0;0;2;0;2;0;0
"28/10/2022";"05:40:00";"228";"Acidente c";"6";"BR-448/RS";"Norte";"Capotamento";1;0;0;0;0;0;0;0;0;0;2;0;0;0;0
"28/10/2022";"06:45:00";"242";"Acidente s";"434";"BR-386/RS";"Norte";"Colisão - Traseira";2;0;0;0;0;0;0;0;0;0;1;0;0;0;0
"29/10/2022";"01:53:00";"11";"Acidente s";"35";"BR-101/RS";"Sul";"Choque Praça - Submarino";0;0;1;0;0;0;0;0;0;0;2;0;0;0;0
"29/10/2022";"07:46:00";"53";"Acidente c";"83";"BR-290/RS";"Leste";"Colisão - Lateral";1;0;0;1;0;0;0;0;0;0;1;0;0;0;0
"29/10/2022";"08:09:00";"64";"Acidente s";"304";"BR-386/RS";"Norte";"Queda de moto";0;0;0;1;0;0;0;0;0;0;2;0;0;0;0
"29/10/2022";"08:13:00";"66";"Acidente c";"33";"BR-290/RS";"Leste";"Colisão - Lateral";2;0;0;0;0;0;0;0;0;0;3;0;0;0;0
"29/10/2022";"12:30:00";"127";"Acidente s";"398";"BR-386/RS";"Norte";"Saída de pista";1;0;0;0;0;0;0;0;0;0;4;0;0;0;0
"29/10/2022";"03:59:00";"166";"Acidente s";"86";"BR-290/RS";"Oeste";"Choque Barreira";1;0;0;0;0;0;0;0;0;0;1;0;0;0;0
"29/10/2022";"04:19:00";"171";"Acidente s";"41";"BR-290/RS";"Oeste";"Colisão - Traseira";2;0;0;0;0;0;0;0;0;0;1;0;0;0;0
"29/10/2022";"07:29:00";"209";"Acidente s";"210";"BR-386/RS";"Norte";"Colisão - Lateral";2;0;0;0;0;0;0;0;0;0;1;0;0;0;0
"30/10/2022";"12:22:00";"1";"Acidente s";"363";"BR-386/RS";"Sul";"Capotamento";1;0;0;0;0;0;0;0;0;0;0;1;0;1;0
"30/10/2022";"07:39:00";"21";"Acidente c";"45";"BR-290/RS";"Oeste";"Tombamento";1;0;0;0;0;0;0;0;0;0;6;1;0;0;0
"30/10/2022";"08:06:00";"28";"Acidente c";"317";"BR-386/RS";"Norte";"Saída de pista";0;0;0;1;0;0;0;0;0;0;3;0;0;0;0
"30/10/2022";"11:23:00";"81";"Acidente s";"34";"BR-290/RS";"Leste";"Queda de moto";0;0;0;1;0;0;0;0;0;0;2;0;0;0;0
"30/10/2022";"11:38:00";"86";"Acidente s";"378";"BR-386/RS";"Sul";"Queda de ribanceira";1;0;0;0;0;0;0;0;0;0;9;0;0;0;0
"30/10/2022";"02:16:00";"108";"Acidente c";"385";"BR-386/RS";"Norte";"Saída de pista";1;0;0;0;0;0;0;0;0;0;4;0;0;0;0
"30/10/2022";"03:54:00";"136";"Acidente s";"60";"BR-290/RS";"Leste";"Colisão - Lateral";1;0;1;0;0;0;0;0;0;0;1;1;0;0;0
"30/10/2022";"09:56:00";"192";"Acidente c";"10";"BR-448/RS";"Norte";"Queda de moto";0;0;0;1;0;0;0;0;0;0;4;0;0;0;0
"30/10/2022";"11:43:00";"203";"Acidente s";"362";"BR-386/RS";"Sul";"Saída de pista";1;0;0;0;0;0;0;0;0;0;1;0;0;0;0
"31/10/2022";"03:22:00";"7";"Acidente c";"372";"BR-386/RS";"Sul";"Queda de moto";1;0;0;0;0;0;0;0;0;0;2;0;0;0;0
"31/10/2022";"04:54:00";"12";"Acidente s";"340";"BR-386/RS";"Norte";"Saída de pista";1;0;0;0;0;0;0;0;0;0;1;0;0;1;0
"31/10/2022";"05:13:00";"14";"Acidente s";"340";"BR-386/RS";"Norte";"Saída de pista";0;0;0;1;0;0;0;0;0;0;9;0;0;0;0
"31/10/2022";"05:35:00";"16";"Acidente s";"417";"BR-386/RS";"Norte";"Atropelamento de Animal";0;0;1;0;0;0;0;0;0;0;5;0;0;0;0
"31/10/2022";"06:57:00";"33";"Acidente c";"336";"BR-386/RS";"Norte";"Tombamento";0;0;1;0;0;0;0;0;0;0;1;0;0;0;0
"31/10/2022";"07:57:00";"50";"Acidente s";"22";"BR-448/RS";"Norte";"Choque Barreira";2;0;0;0;0;0;0;0;0;0;1;0;0;0;0
"31/10/2022";"08:51:00";"64";"Acidente s";"50";"BR-290/RS";"Leste";"Queda de ribanceira";1;0;0;0;0;0;0;0;0;0;1;0;0;0;0
"31/10/2022";"10:14:00";"84";"Acidente s";"433";"BR-386/RS";"Sul";"Engavetamento";4;0;0;0;0;0;0;0;0;0;1;0;0;0;0
"31/10/2022";"10:32:00";"87";"Acidente s";"348";"BR-386/RS";"Norte";"Queda de ribanceira";1;0;0;0;0;0;0;0;0;0;5;0;0;0;0
"31/10/2022";"11:08:00";"91";"Acidente c";"33";"BR-101/RS";"Sul";"Colisão - Lateral";1;0;1;0;0;0;0;0;0;0;3;0;0;0;0
"31/10/2022";"11:26:00";"95";"Acidente s";"360";"BR-386/RS";"Norte";"Queda de ribanceira";1;0;0;0;0;0;0;0;0;0;3;0;0;0;0
"31/10/2022";"01:30:00";"113";"Acidente c";"360";"BR-386/RS";"Norte";"Queda de ribanceira";1;0;0;0;0;0;0;0;0;0;2;0;0;0;0
"31/10/2022";"02:08:00";"117";"Acidente c";"49";"BR-290/RS";"Leste";"Queda de ribanceira";1;0;0;0;0;0;0;0;0;0;1;0;0;0;0
"31/10/2022";"02:14:00";"119";"Acidente c";"310";"BR-386/RS";"Sul";"Colisão - Frontal";3;0;0;0;0;0;0;0;0;0;1;0;0;0;0
"31/10/2022";"02:37:00";"122";"Acidente s";"16";"BR-290/RS";"Leste";"Choque Defensa";1;0;0;0;0;0;0;0;0;0;1;0;0;0;0
"31/10/2022";"03:10:00";"128";"Acidente s";"377";"BR-386/RS";"Sul";"Queda de ribanceira";1;0;0;0;0;0;0;0;0;0;1;1;0;0;0
"31/10/2022";"03:55:00";"133";"Acidente s";"292";"BR-386/RS";"Norte";"Queda de ribanceira";0;0;1;0;0;0;0;0;0;0;4;0;0;0;0
"31/10/2022";"09:12:00";"179";"Acidente s";"27";"BR-290/RS";"Leste";"Saída de pista";1;0;0;0;0;0;0;0;0;0;6;0;0;0;0
"31/10/2022";"09:38:00";"180";"Acidente s";"10";"BR-448/RS";"Norte";"Saída de pista";0;0;0;0;0;0;0;0;0;0;8;0;0;0;0
"31/10/2022";"11:00:00";"187";"Acidente c";"95";"BR-290/RS";"Oeste";"Colisão - Lateral";2;0;0;0;0;0;0;0;0;0;0;0;2;0;0
"01/11/2022";"02:05:00";"4";"Acidente s";"440";"BR-386/RS";"Sul";"Atropelamento de Animal";1;0;0;0;0;0;0;0;0;0;2;0;0;0;0
"01/11/2022";"02:54:00";"166";"Acidente s";"40";"BR-290/RS";"Oeste";"Capotamento";1;0;0;0;0;0;0;0;0;0;1;0;0;0;0
"01/11/2022";"05:11:00";"191";"Acidente s";"72";"BR-290/RS";"Oeste";"Queda de moto";0;0;0;1;0;0;0;0;0;0;2;0;0;0;0
"02/11/2022";"12:42:00";"7";"Acidente c";"339";"BR-386/RS";"Norte";"Saída de pista";0;0;0;1;0;0;0;0;0;0;1;0;0;0;0
"02/11/2022";"06:35:00";"30";"Acidente s";"31";"BR-290/RS";"Oeste";"Saída de pista";1;0;0;0;0;0;0;0;0;0;2;0;0;0;0
"02/11/2022";"05:07:00";"128";"Acidente s";"336";"BR-386/RS";"Sul";"Saída de pista";1;0;0;0;0;0;0;0;0;0;2;0;0;0;0
"02/11/2022";"07:29:00";"150";"Acidente s";"268";"BR-386/RS";"Sul";"Colisão - Lateral";1;0;1;0;0;0;0;0;0;0;2;0;0;0;0
"02/11/2022";"07:42:00";"155";"Acidente s";"423";"BR-386/RS";"Norte";"Colisão - Lateral";2;0;0;0;0;0;0;0;0;0;0;2;0;0;0
"02/11/2022";"10:25:00";"173";"Acidente c";"435";"BR-386/RS";"Norte";"Colisão - Transversal";2;0;0;0;0;0;0;0;0;0;4;0;0;0;0
"03/11/2022";"02:01:00";"3";"Acidente s";"42.3";"BR-290/RS";"Leste";"Tombamento";0;0;1;0;0;0;0;0;0;0;2;0;0;0;0
"03/11/2022";"07:43:00";"67";"Acidente s";"96";"BR-290/RS";"Oeste";"Colisão - Traseira";2;0;0;0;0;0;0;0;0;0;4;0;0;0;0
"03/11/2022";"08:03:00";"80";"Acidente s";"336";"BR-386/RS";"Sul";"Colisão - Traseira";1;0;1;0;0;0;0;0;0;0;1;0;0;0;0
"03/11/2022";"10:25:00";"128";"Acidente c";"346";"BR-386/RS";"Sul";"Colisão - Traseira";1;0;0;0;1;0;0;0;0;0;3;0;0;0;0
"03/11/2022";"10:52:00";"133";"Acidente c";"411";"BR-386/RS";"Sul";"Colisão - Traseira";1;0;0;0;1;0;0;0;0;0;2;0;0;0;0
"03/11/2022";"11:14:00";"139";"Acidente s";"271";"BR-386/RS";"Norte";"Queda de ribanceira";0;0;1;0;0;0;0;0;0;0;2;2;0;0;0
"03/11/2022";"12:14:00";"156";"Acidente s";"357";"BR-386/RS";"Norte";"Colisão - Traseira";1;0;1;0;0;0;0;0;0;0;1;0;0;0;0
"03/11/2022";"06:02:00";"222";"Acidente s";"349";"BR-386/RS";"Norte";"Colisão - Traseira";2;0;0;0;0;0;0;0;0;0;1;2;0;0;0
"03/11/2022";"06:05:00";"223";"Acidente c";"86";"BR-290/RS";"Oeste";"Colisão - Traseira";1;0;0;1;0;0;0;0;0;0;1;0;0;0;0
"03/11/2022";"06:41:00";"229";"Acidente s";"91";"BR-290/RS";"Leste";"Colisão - Lateral";2;0;0;0;0;0;0;0;0;0;0;1;0;0;0
"04/11/2022";"04:06:00";"8";"Acidente s";"81";"BR-290/RS";"Leste";"Choque Defensa";1;0;0;0;0;0;0;0;0;0;2;0;0;0;0
"04/11/2022";"07:42:00";"72";"Acidente s";"86";"BR-290/RS";"Oeste";"Queda de moto";0;0;0;1;0;0;0;0;0;0;2;0;0;0;0
"04/11/2022";"10:16:00";"133";"Acidente s";"338";"BR-386/RS";"Norte";"Colisão - Traseira";2;0;0;0;0;0;0;0;0;0;3;0;0;0;0
"04/11/2022";"11:14:00";"145";"Acidente s";"391";"BR-386/RS";"Norte";"Colisão - Transversal";1;0;1;0;0;0;0;0;0;0;4;0;0;0;0
"04/11/2022";"11:39:00";"151";"Acidente c";"375";"BR-386/RS";"Norte";"Colisão - Lateral";0;0;1;1;0;0;0;0;0;0;2;0;0;0;0
"04/11/2022";"04:46:00";"229";"Acidente s";"10";"BR-290/RS";"Oeste";"Colisão - Transversal";0;0;2;0;0;0;0;0;0;0;1;0;0;0;0
"04/11/2022";"07:05:00";"270";"Acidente s";"343";"BR-386/RS";"Ambos";"Colisão - Lateral";2;0;0;0;0;0;0;0;0;0;1;0;0;0;0
"04/11/2022";"07:42:00";"274";"Acidente c";"268";"BR-386/RS";"Sul";"Colisão - Lateral";2;0;0;0;0;0;0;0;0;0;0;1;1;0;0
"04/11/2022";"09:26:00";"285";"Acidente s";"289";"BR-386/RS";"Sul";"Colisão - Lateral";1;0;1;0;0;0;0;0;0;0;0;1;0;0;0
"05/11/2022";"12:24:00";"2";"Acidente s";"55";"BR-101/RS";"Norte";"Saída de pista";0;0;1;0;0;0;0;0;0;0;3;0;0;0;0
"05/11/2022";"04:43:00";"19";"Acidente c";"11";"BR-101/RS";"Sul";"Queda de moto";0;0;0;1;1;0;0;0;0;0;2;0;0;0;0
"05/11/2022";"06:34:00";"42";"Acidente s";"62";"BR-290/RS";"Leste";"Queda de ribanceira";1;0;0;0;0;0;0;0;0;0;2;0;0;0;0
"05/11/2022";"09:08:00";"104";"Acidente s";"57";"BR-101/RS";"Sul";"Queda de ribanceira";1;0;0;0;0;0;0;0;0;0;2;0;0;0;0
"05/11/2022";"01:33:00";"156";"Acidente s";"85";"BR-101/RS";"Norte";"Tombamento";0;0;1;0;0;0;0;0;0;0;2;0;0;0;0
"05/11/2022";"06:43:00";"219";"Acidente s";"420";"BR-386/RS";"Norte";"Queda de ribanceira";1;0;0;0;0;0;0;0;0;0;1;0;0;0;0
"05/11/2022";"08:49:00";"239";"Acidente c";"49";"BR-101/RS";"Sul";"Queda de moto";0;0;0;1;0;0;0;0;0;0;2;0;0;0;0
"06/11/2022";"12:38:00";"4";"Acidente s";"441";"BR-386/RS";"Sul";"Saída de pista";1;0;0;0;0;0;0;0;0;0;2;0;0;0;0
"06/11/2022";"03:58:00";"23";"Acidente s";"365";"BR-386/RS";"Sul";"Queda de ribanceira";1;0;0;0;0;0;0;0;0;0;0;1;0;0;0
"06/11/2022";"06:48:00";"36";"Acidente s";"8";"BR-448/RS";"Sul";"Choque Barreira";1;0;0;0;0;0;0;0;0;0;3;0;0;0;0
"06/11/2022";"04:58:00";"140";"Acidente c";"368";"BR-386/RS";"Norte";"Queda de moto";0;0;0;1;0;0;0;0;0;0;1;0;0;0;0
"06/11/2022";"08:37:00";"185";"Acidente s";"89";"BR-290/RS";"Leste";"Colisão - Lateral";2;0;0;0;0;0;0;0;0;0;0;1;0;0;0
"07/11/2022";"03:22:00";"21";"Atropelame";"389";"BR-386/RS";"Norte";"Atropelamento - Andarilho";0;0;1;0;0;0;0;0;0;0;3;0;0;0;0
"07/11/2022";"05:59:00";"31";"Acidente c";"75";"BR-290/RS";"Leste";"Queda de moto";0;0;0;1;0;0;0;0;0;0;0;1;0;0;0
"07/11/2022";"06:34:00";"42";"Acidente s";"2";"BR-290/RS";"Leste";"Saída de pista";1;0;0;0;0;0;0;0;0;0;3;0;0;0;0
"07/11/2022";"06:40:00";"43";"Acidente s";"5";"BR-290/RS";"Leste";"Saída de pista";1;0;0;0;0;0;0;0;0;0;3;0;0;0;0
"07/11/2022";"08:00:00";"90";"Acidente c";"30";"BR-290/RS";"Oeste";"Saída de pista";1;0;0;0;0;0;0;0;0;0;0;1;0;0;0
"07/11/2022";"08:27:00";"97";"Acidente s";"62";"BR-101/RS";"Sul";"Saída de pista";1;0;0;0;0;0;0;0;0;0;4;0;0;0;0
"07/11/2022";"08:46:00";"106";"Acidente s";"96";"BR-290/RS";"Oeste";"Colisão - Traseira";1;0;0;0;0;1;0;0;0;0;1;0;0;0;0
"07/11/2022";"09:42:00";"128";"Acidente s";"35";"BR-101/RS";"Sul";"Choque Praça - Submarino";1;0;0;0;0;0;0;0;0;0;4;0;0;0;0
"07/11/2022";"09:59:00";"135";"Acidente s";"11";"BR-290/RS";"Oeste";"Saída de pista";1;0;0;0;0;0;0;0;0;0;2;0;0;0;0
"07/11/2022";"11:55:00";"170";"Acidente c";"342";"BR-386/RS";"Norte";"Colisão - Traseira";2;0;0;0;0;0;0;0;0;0;3;0;0;0;0
"07/11/2022";"02:20:00";"204";"Acidente s";"419";"BR-386/RS";"Sul";"Colisão - Traseira";2;0;0;0;0;0;0;0;0;0;0;1;0;0;0