data;horario;n_da_ocorrencia;tipo_de_ocorrencia;km;trecho;sentido;tipo_de_acidente;automovel;bicicleta;caminhao;moto;onibus;outros;tracao_animal;transporte_de_cargas_especiais;trator_maquinas;utilitarios;ilesos;levemente_feridos;moderadamente_feridos;gravemente_feridos;mortos
"26/11/2022";"12:10:00";"1";"Acidente s";"215";"BR-386/RS";"Sul";"Colisão - Traseira";0;0;0;0;2;0;0;0;0;0;1;0;0;0;0
"26/11/2022";"03:06:00";"291";"Acidente s";"73";"BR-290/RS";"Leste";"Queda de moto";0;0;0;1;0;0;0;0;0;0;0;1;0;0;0
"26/11/2022";"08:00:00";"337";"Acidente c";"57";"BR-290/RS";"Oeste";"Capotamento";1;0;0;0;0;0;0;0;0;0;2;0;1;0;0
"26/11/2022";"08:16:00";"341";"Acidente c";"341";"BR-386/RS";"Sul";"Colisão - Traseira";2;0;0;0;0;0;0;0;0;0;3;1;0;0;0
"26/11/2022";"09:54:00";"362";"Acidente s";"91";"BR-290/RS";"Leste";"Colisão - Traseira";2;0;0;0;0;0;0;0;0;0;2;0;0;0;0
"26/11/2022";"10:10:00";"366";"Acidente s";"91";"BR-290/RS";"Leste";"Colisão - Lateral";2;0;0;0;0;0;0;0;0;0;1;1;0;0;0
"26/11/2022";"11:25:00";"385";"Acidente s";"344";"BR-386/RS";"Norte";"Colisão - Lateral";2;0;0;0;0;0;0;0;0;0;6;2;0;0;0
"26/11/2022";"03:35:00";"432";"Acidente c";"52";"BR-101/RS";"Sul";"Queda de Ponte/Viaduto";1;0;0;0;0;0;0;0;0;0;6;0;0;0;0
"26/11/2022";"07:49:00";"473";"Acidente s";"369";"BR-386/RS";"Norte";"Saída de pista";1;0;0;0;0;0;0;0;0;0;1;0;0;0;0
"26/11/2022";"10:09:00";"489";"Acidente s";"22";"BR-290/RS";"Oeste";"Choque com objeto sobre a pista";4;0;1;0;0;0;0;0;0;0;2;0;0;0;0
"26/11/2022";"10:09:00";"490";"Acidente s";"344";"BR-386/RS";"Norte";"Saída de pista";1;0;0;0;0;0;0;0;0;0;1;0;0;0;0
"27/11/2022";"01:16:00";"3";"Acidente c";"47";"BR-290/RS";"Oeste";"Choque com objeto sobre a pista";0;0;0;1;0;0;0;0;0;0;3;0;0;0;0
"27/11/2022";"04:58:00";"17";"Acidente s";"81";"BR-290/RS";"Leste";"Colisão - Traseira";2;0;0;0;0;0;0;0;0;0;3;0;0;0;0
"27/11/2022";"11:56:00";"90";"Acidente s";"30";"BR-101/RS";"Norte";"Saída de pista";1;0;0;0;0;0;0;0;0;0;2;0;0;0;0
"27/11/2022";"03:14:00";"121";"Acidente s";"83";"BR-101/RS";"Sul";"Colisão - Traseira";2;0;0;0;0;0;0;0;0;0;1;0;1;0;0
"27/11/2022";"08:19:00";"183";"Acidente s";"80";"BR-290/RS";"Leste";"Queda de ribanceira";1;0;0;0;0;0;0;0;0;0;3;0;0;0;0
"27/11/2022";"10:24:00";"200";"Acidente c";"4";"BR-101/RS";"Sul";"Saída de pista";1;0;0;0;0;0;0;0;0;0;3;0;0;0;0
"28/11/2022";"01:15:00";"4";"Acidente s";"420";"BR-386/RS";"Sul";"Atropelamento de Animal";1;0;0;0;0;0;0;0;0;0;2;0;0;1;0
"28/11/2022";"06:19:00";"25";"Acidente s";"370";"BR-386/RS";"Norte";"Queda de ribanceira";1;0;0;0;0;0;0;0;0;0;6;0;0;0;0
"28/11/2022";"06:48:00";"39";"Acidente s";"345";"BR-386/RS";"Norte";"Colisão - Traseira";2;0;0;0;0;1;0;0;0;0;0;0;1;0;0
"28/11/2022";"11:40:00";"162";"Acidente c";"26";"BR-290/RS";"Leste";"Colisão - Lateral";0;0;1;1;0;0;0;0;0;0;2;0;0;0;0
"28/11/2022";"12:25:00";"164";"Acidente c";"325";"BR-386/RS";"Sul";"Colisão - Transversal";1;0;1;0;0;0;0;0;0;0;2;0;0;0;0
"28/11/2022";"02:04:00";"178";"Acidente s";"18";"BR-448/RS";"Norte";"Colisão - Traseira";0;0;0;1;1;0;0;0;0;0;3;1;1;0;0
"28/11/2022";"02:51:00";"183";"Acidente s";"13";"BR-290/RS";"Oeste";"Queda de ribanceira";1;0;0;0;0;0;0;0;0;0;0;1;0;0;0
"29/11/2022";"08:16:00";"115";"Acidente s";"77";"BR-290/RS";"Leste";"Colisão - Traseira";0;0;2;0;0;0;0;0;0;0;5;0;0;0;0
"29/11/2022";"10:05:00";"161";"Acidente s";"365";"BR-386/RS";"Sul";"Colisão - Transversal";1;0;1;0;0;0;0;0;0;0;1;0;0;0;0
"29/11/2022";"10:45:00";"175";"Acidente s";"397";"BR-386/RS";"Norte";"Tombamento";0;0;0;0;0;1;0;0;0;0;1;3;0;0;0
"29/11/2022";"02:26:00";"226";"Acidente s";"88";"BR-290/RS";"Oeste";"Choque Barreira";1;0;0;0;0;0;0;0;0;0;5;0;0;0;0
"29/11/2022";"05:01:00";"258";"Acidente s";"385";"BR-386/RS";"Norte";"Colisão - Traseira";1;0;0;0;0;1;0;0;0;0;2;0;0;0;0
"29/11/2022";"06:38:00";"274";"Acidente s";"92";"BR-290/RS";"Oeste";"Queda de moto";0;0;0;1;0;0;0;0;0;0;2;0;0;0;0
"01/12/2022";"05:07:00";"10";"Acidente s";"96";"BR-290/RS";"Oeste";"Choque - Meio Fio";1;0;0;0;0;0;0;0;0;0;1;0;0;0;0
"01/12/2022";"07:14:00";"41";"Acidente s";"325";"BR-386/RS";"Norte";"Colisão - Transversal";2;0;0;0;0;0;0;0;0;0;3;0;0;0;0
"01/12/2022";"10:16:00";"122";"Acidente s";"399";"BR-386/RS";"Sul";"Saída de pista";0;0;0;0;0;0;0;0;0;1;2;1;0;0;0
"01/12/2022";"10:25:00";"125";"Acidente c";"347";"BR-386/RS";"Norte";"Colisão - Traseira";1;0;0;0;0;1;0;0;0;0;1;0;0;0;0
"01/12/2022";"12:40:00";"146";"Acidente s";"14";"BR-290/RS";"Leste";"Saída de pista";1;0;0;0;0;0;0;0;0;0;3;0;0;0;0
"01/12/2022";"12:59:00";"151";"Acidente s";"66";"BR-290/RS";"Leste";"Choque Defensa";1;0;0;0;0;0;0;0;0;0;1;0;0;0;0
"01/12/2022";"02:24:00";"168";"Acidente s";"79";"BR-290/RS";"Oeste";"Capotamento";1;0;0;0;0;0;0;0;0;0;1;0;0;0;1
"01/12/2022";"03:52:00";"185";"Acidente s";"414";"BR-386/RS";"Sul";"Saída de pista";0;0;0;0;0;0;0;0;0;1;1;0;0;0;0
"01/12/2022";"06:29:00";"212";"Acidente c";"11";"BR-101/RS";"Sul";"Choque com veículo no acostamento";1;0;0;1;0;0;0;0;0;0;1;0;0;0;0
"02/12/2022";"02:23:00";"5";"Acidente s";"11";"BR-101/RS";"Norte";"Saída de pista";1;0;0;0;0;0;0;0;0;0;1;0;0;0;0
"02/12/2022";"03:55:00";"10";"Acidente c";"365";"BR-386/RS";"Sul";"Saída de pista";0;0;1;0;0;0;0;0;0;0;3;0;0;0;0
"02/12/2022";"04:37:00";"12";"Acidente c";"224";"BR-386/RS";"Sul";"Colisão - Frontal";1;0;1;0;0;0;0;0;0;0;2;0;0;0;0
"02/12/2022";"12:44:00";"174";"Acidente s";"296";"BR-386/RS";"Sul";"Saída de pista";0;0;0;0;0;0;0;1;0;0;2;0;0;0;0
"02/12/2022";"02:01:00";"199";"Acidente s";"60";"BR-290/RS";"Leste";"Colisão - Traseira";2;0;0;0;0;0;0;0;0;0;1;0;0;0;0
"02/12/2022";"02:40:00";"207";"Acidente s";"342";"BR-386/RS";"Norte";"Engavetamento";2;0;0;0;0;0;0;0;0;1;1;0;3;0;1
"02/12/2022";"06:08:00";"260";"Acidente c";"420";"BR-386/RS";"Norte";"Colisão - Traseira";0;0;0;1;0;1;0;0;0;0;2;0;2;0;0
"02/12/2022";"08:08:00";"288";"Acidente s";"1";"BR-448/RS";"Norte";"Choque Defensa";1;0;0;0;0;0;0;0;0;0;0;0;2;0;0
"02/12/2022";"08:49:00";"303";"Acidente s";"347";"BR-386/RS";"Norte";"Colisão - Transversal";2;0;0;0;0;0;0;0;0;0;1;0;0;0;0
"02/12/2022";"09:01:00";"307";"Acidente s";"426";"BR-386/RS";"Norte";"Colisão - Transversal";2;0;0;0;0;0;0;0;0;0;5;0;0;0;0
"02/12/2022";"09:23:00";"314";"Acidente s";"344";"BR-386/RS";"Norte";"Saída de pista";1;0;0;0;0;0;0;0;0;0;1;0;0;0;0
"02/12/2022";"09:47:00";"322";"Acidente s";"373.53";"BR-386/RS";"Norte";"Choque Defensa";1;0;0;0;0;0;0;0;0;0;1;0;0;0;0
"03/12/2022";"12:31:00";"6";"Acidente s";"401";"BR-386/RS";"Norte";"Saída de pista";1;0;0;0;0;0;0;0;0;0;1;0;0;0;0
"03/12/2022";"03:03:00";"11";"Acidente s";"242";"BR-386/RS";"Norte";"Saída de pista";1;0;0;0;0;0;0;0;0;0;2;0;0;0;0
"03/12/2022";"05:11:00";"19";"Acidente c";"90";"BR-290/RS";"Leste";"Queda de moto";0;0;0;1;0;0;0;0;0;0;2;0;0;0;0
"03/12/2022";"08:58:00";"78";"Acidente s";"347";"BR-386/RS";"Sul";"Colisão - Lateral";1;0;0;0;0;0;0;1;0;0;1;1;0;0;0
"03/12/2022";"05:43:00";"179";"Acidente s";"266";"BR-386/RS";"Norte";"Colisão - Lateral";1;0;0;0;0;0;0;0;0;1;3;0;0;0;0
"03/12/2022";"05:50:00";"198";"Acidente c";"266";"BR-386/RS";"Sul";"Queda de ribanceira";1;0;0;0;0;0;0;0;0;0;3;0;0;0;0
"03/12/2022";"10:42:00";"219";"Acidente s";"96";"BR-290/RS";"Oeste";"Choque Defensa";1;0;0;0;0;0;0;0;0;0;0;0;1;0;0
"04/12/2022";"02:49:00";"8";"Acidente s";"413";"BR-386/RS";"Sul";"Saída de pista";0;0;0;0;0;0;0;0;0;1;1;0;0;0;0
"04/12/2022";"03:02:00";"10";"Acidente s";"42";"BR-101/RS";"Sul";"Saída de pista";1;0;0;0;0;0;0;0;0;0;2;0;0;0;0
"04/12/2022";"05:13:00";"29";"Acidente s";"309";"BR-386/RS";"Norte";"Choque Defensa";1;0;0;0;0;0;0;0;0;0;2;0;0;0;0
"04/12/2022";"07:07:00";"48";"Acidente s";"75";"BR-290/RS";"Oeste";"Choque Defensa";1;0;0;0;0;0;0;0;0;0;5;0;0;0;0
"04/12/2022";"01:40:00";"105";"Acidente s";"346";"BR-386/RS";"Norte";"Choque - Sinalização";0;0;0;0;0;0;0;0;0;1;1;0;0;0;0
"04/12/2022";"02:27:00";"110";"Acidente s";"80";"BR-290/RS";"Oeste";"Choque Defensa";1;0;0;0;0;0;0;0;0;0;0;0;2;0;0
"04/12/2022";"03:25:00";"128";"Acidente s";"396";"BR-386/RS";"Norte";"Capotamento";1;0;0;0;0;0;0;0;0;0;1;0;1;0;0
"04/12/2022";"03:45:00";"133";"Acidente c";"36";"BR-290/RS";"Leste";"Colisão - Traseira";2;0;0;0;0;0;0;0;0;0;2;0;0;0;0
"04/12/2022";"04:07:00";"136";"Acidente c";"235";"BR-386/RS";"Sul";"Queda de ribanceira";1;0;0;0;0;0;0;0;0;0;1;0;0;0;0
"04/12/2022";"04:09:00";"137";"Acidente s";"80";"BR-290/RS";"Oeste";"Queda de ribanceira";1;0;0;0;0;0;0;0;0;0;1;0;2;0;0
"04/12/2022";"04:45:00";"143";"Acidente s";"12";"BR-290/RS";"Oeste";"Queda de ribanceira";1;0;0;0;0;0;0;0;0;0;1;1;0;0;0
"04/12/2022";"04:55:00";"146";"Acidente s";"94";"BR-290/RS";"Leste";"Colisão - Lateral";1;0;0;0;0;0;0;1;0;0;0;1;0;0;0
"04/12/2022";"05:00:00";"148";"Acidente s";"440";"BR-386/RS";"Norte";"Saída de pista";1;0;0;0;0;0;0;0;0;0;2;0;0;0;0
"04/12/2022";"05:15:00";"152";"Acidente c";"440";"BR-386/RS";"Norte";"Saída de pista";1;0;0;0;0;0;0;0;0;0;1;0;0;0;0
"04/12/2022";"05:50:00";"162";"Acidente s";"94";"BR-290/RS";"Oeste";"Choque Barreira";1;0;0;0;0;0;0;0;0;0;3;0;0;0;0
"04/12/2022";"06:45:00";"174";"Acidente s";"368";"BR-386/RS";"Sul";"Saída de pista";1;0;0;0;0;0;0;0;0;0;1;0;0;0;0
"04/12/2022";"08:31:00";"199";"Acidente s";"345";"BR-386/RS";"Norte";"Choque - Meio Fio";1;0;0;0;0;0;0;0;0;0;1;0;0;0;0
"04/12/2022";"10:12:00";"222";"Acidente s";"401";"BR-386/RS";"Norte";"Saída de pista";1;0;0;0;0;0;0;0;0;0;9;0;0;0;0
"05/12/2022";"02:16:00";"10";"Acidente c";"366";"BR-386/RS";"Sul";"Choque Defensa";1;0;0;0;0;0;0;0;0;0;0;1;0;0;0
"05/12/2022";"06:17:00";"32";"Acidente s";"57";"BR-101/RS";"Sul";"Saída de pista";1;0;0;0;0;0;0;0;0;0;1;0;0;0;0
"05/12/2022";"06:32:00";"36";"Acidente s";"192";"BR-386/RS";"Sul";"Colisão - Transversal";2;0;0;0;0;0;0;0;0;0;6;0;0;0;0
"05/12/2022";"09:13:00";"123";"Acidente c";"444";"BR-386/RS";"Norte";"Colisão - Lateral";1;0;0;0;0;1;0;0;0;0;4;0;1;0;0
"05/12/2022";"09:52:00";"133";"Acidente s";"438";"BR-386/RS";"Sul";"Choque Defensa";0;0;0;0;0;1;0;0;0;0;1;0;0;0;0
"05/12/2022";"10:27:00";"143";"Acidente s";"389";"BR-386/RS";"Norte";"Colisão - Lateral";2;0;0;0;0;0;0;0;0;0;2;3;0;0;0
"05/12/2022";"03:10:00";"208";"Acidente s";"334";"BR-386/RS";"Sul";"Engavetamento";5;0;0;0;0;0;0;0;0;0;1;0;0;0;0
"05/12/2022";"08:57:00";"271";"Acidente s";"414.1";"BR-386/RS";"Sul";"Saída de pista";0;0;0;0;1;0;0;0;0;0;3;0;0;0;0
"06/12/2022";"04:53:00";"14";"Acidente s";"3";"BR-101/RS";"Sul";"Saída de pista";0;0;1;0;0;0;0;0;0;0;3;0;0;0;0
"06/12/2022";"08:47:00";"97";"Acidente s";"68";"BR-290/RS";"Oeste";"Capotamento";1;0;0;0;0;0;0;0;0;0;4;0;0;0;0
"06/12/2022";"03:27:00";"205";"Acidente s";"379";"BR-386/RS";"Sul";"Saída de pista";1;0;0;0;0;0;0;0;0;0;0;0;0;1;0
"06/12/2022";"08:13:00";"270";"Acidente c";"216";"BR-386/RS";"Norte";"Colisão - Lateral";1;0;0;1;0;0;0;0;0;0;1;0;0;0;0
"07/12/2022";"11:24:00";"161";"Acidente c";"432";"BR-386/RS";"Sul";"Capotamento";1;0;0;0;0;0;0;0;0;0;0;0;5;0;0
"07/12/2022";"11:48:00";"164";"Acidente c";"383";"BR-386/RS";"Sul";"Queda de moto";1;0;0;0;0;0;0;0;0;0;2;0;0;0;0
"07/12/2022";"01:58:00";"194";"Acidente s";"24";"BR-101/RS";"Sul";"Colisão - Traseira";2;0;0;0;0;0;0;0;0;0;1;0;0;0;0
"07/12/2022";"02:02:00";"195";"Acidente c";"38";"BR-290/RS";"Leste";"Capotamento";1;0;0;0;0;0;0;0;0;0;1;0;0;0;0
"07/12/2022";"05:38:00";"243";"Acidente s";"53";"BR-290/RS";"Oeste";"Colisão - Traseira";0;0;1;0;0;0;0;1;0;0;1;0;0;0;0
"07/12/2022";"06:03:00";"248";"Acidente s";"347";"BR-386/RS";"Sul";"Colisão - Lateral";2;0;0;0;0;1;0;0;0;0;1;0;0;0;0
"07/12/2022";"07:37:00";"272";"Acidente s";"91";"BR-290/RS";"Leste";"Colisão - Traseira";2;0;0;0;0;0;0;0;0;0;6;0;0;0;0
"07/12/2022";"10:27:00";"296";"Acidente c";"347";"BR-386/RS";"Norte";"Colisão - Traseira";1;0;1;0;0;0;0;0;0;0;1;0;0;0;0
"08/12/2022";"12:56:00";"3";"Acidente s";"52";"BR-101/RS";"Norte";"Colisão - Lateral";1;0;0;0;0;0;0;1;0;1;1;0;0;0;0
"08/12/2022";"01:39:00";"5";"Acidente s";"53";"BR-290/RS";"Oeste";"Colisão - Traseira";1;0;0;0;0;0;0;0;0;1;1;0;0;0;0
"08/12/2022";"07:46:00";"89";"Acidente s";"95";"BR-290/RS";"Oeste";"Colisão - Traseira";0;0;0;2;0;1;0;0;0;0;6;0;0;0;0
"08/12/2022";"08:26:00";"121";"Acidente s";"400";"BR-386/RS";"Sul";"Colisão - Traseira";1;0;0;0;0;0;0;0;0;1;0;2;0;0;0
"08/12/2022";"10:11:00";"164";"Acidente s";"420";"BR-386/RS";"Sul";"Queda de ribanceira";0;0;0;1;0;0;0;0;0;0;3;0;0;0;0
"08/12/2022";"11:23:00";"193";"Acidente s";"84";"BR-101/RS";"Sul";"Colisão - Transversal";2;0;0;0;0;0;0;0;0;0;1;0;0;0;0
"08/12/2022";"12:44:00";"212";"Acidente s";"9";"BR-448/RS";"Norte";"Colisão - Lateral";1;0;0;0;0;1;0;0;0;0;4;0;0;0;0
"08/12/2022";"02:52:00";"253";"Acidente c";"25";"BR-290/RS";"Leste";"Colisão - Lateral";1;0;0;0;0;0;0;1;0;0;1;0;0;0;0
"08/12/2022";"03:12:00";"261";"Acidente s";"73";"BR-290/RS";"Leste";"Colisão - Traseira";2;0;0;0;0;0;0;0;0;0;5;0;0;0;0
"08/12/2022";"03:56:00";"279";"Acidente s";"7";"BR-290/RS";"Leste";"Capotamento";0;0;0;0;0;0;0;0;0;1;2;0;0;0;0
"08/12/2022";"07:08:00";"328";"Atropelame";"85";"BR-101/RS";"Sul";"Atropelamento - Usuário";1;0;1;0;0;0;0;0;0;0;1;1;0;0;0
"08/12/2022";"07:57:00";"342";"Atropelame";"183";"BR-386/RS";"Sul";"Atropelamento - Usuário";1;0;1;1;0;0;0;0;0;0;0;1;0;0;0
"08/12/2022";"10:22:00";"372";"Acidente c";"92";"BR-290/RS";"Oeste";"Queda de moto";0;0;0;1;0;0;0;0;0;0;1;3;0;0;0
"09/12/2022";"09:52:00";"135";"Acidente s";"39";"BR-101/RS";"Norte";"Colisão - Lateral";1;0;0;0;0;1;0;0;0;0;1;0;0;0;0
"09/12/2022";"12:50:00";"181";"Acidente s";"92";"BR-290/RS";"Leste";"Colisão - Traseira";1;0;0;0;0;0;0;0;0;1;2;1;2;0;0
"09/12/2022";"01:51:00";"197";"Acidente s";"307";"BR-386/RS";"Norte";"Choque Barreira";0;0;1;0;0;0;0;0;0;0;0;2;0;0;0
"09/12/2022";"09:14:00";"302";"Acidente s";"30";"BR-101/RS";"Sul";"Atropelamento de Animal";2;0;0;0;0;0;0;0;0;0;1;1;0;0;0
"10/12/2022";"02:17:00";"9";"Acidente s";"3";"BR-290/RS";"Leste";"Saída de pista";1;0;0;0;0;0;0;0;0;0;0;1;0;0;0
"10/12/2022";"05:43:00";"17";"Acidente s";"35";"BR-101/RS";"Norte";"Choque Defensa";0;0;1;0;0;0;0;0;0;0;4;0;0;0;0
"10/12/2022";"11:01:00";"106";"Acidente s";"215";"BR-386/RS";"Norte";"Colisão - Transversal";2;0;0;0;0;0;0;0;0;0;2;0;0;0;0
"10/12/2022";"12:36:00";"125";"Acidente s";"247.41";"BR-386/RS";"Norte";"Queda de ribanceira";1;0;0;0;0;0;0;0;0;0;5;0;0;0;0
"10/12/2022";"01:34:00";"144";"Acidente s";"83";"BR-101/RS";"Norte";"Saída de pista";1;0;0;0;0;0;0;0;0;0;1;0;0;0;0
"10/12/2022";"08:14:00";"232";"Acidente s";"356.35";"BR-386/RS";"Norte";"Colisão - Transversal";2;0;0;0;0;0;0;0;0;0;1;0;0;0;0
"10/12/2022";"08:18:00";"233";"Acidente s";"370";"BR-386/RS";"Norte";"Saída de pista";2;0;0;0;0;0;0;0;0;0;1;0;0;0;0
"10/12/2022";"08:35:00";"237";"Acidente c";"346";"BR-386/RS";"Sul";"Saída de pista";1;0;0;0;0;0;0;0;0;0;1;0;0;0;0
"10/12/2022";"08:42:00";"239";"Acidente c";"324";"BR-386/RS";"Norte";"Colisão - Transversal";2;0;0;0;0;0;0;0;0;0;0;1;0;0;0
"10/12/2022";"11:28:00";"259";"Acidente c";"92";"BR-290/RS";"Leste";"Choque Defensa";1;0;0;0;0;0;0;0;0;0;2;0;0;0;0
"11/12/2022";"12:48:00";"6";"Acidente c";"62";"BR-290/RS";"Leste";"Colisão - Traseira";2;0;0;0;0;0;0;0;0;0;1;0;0;0;0
"11/12/2022";"02:31:00";"108";"Acidente c";"405";"BR-386/RS";"Norte";"Saída de pista";1;0;0;0;0;0;0;0;0;0;0;2;0;0;0
"11/12/2022";"10:00:00";"227";"Acidente s";"346";"BR-386/RS";"Norte";"Colisão - Lateral";2;0;0;0;0;0;0;0;0;0;1;0;0;0;0
"12/12/2022";"12:31:00";"2";"Acidente s";"378";"BR-386/RS";"Norte";"Saída de pista";0;0;1;0;0;0;0;0;0;0;1;0;0;0;0
"12/12/2022";"12:57:00";"4";"Acidente s";"299";"BR-386/RS";"Sul";"Tombamento";0;0;1;0;0;0;0;0;0;0;14;0;0;0;0
"12/12/2022";"01:06:00";"6";"Acidente s";"97";"BR-290/RS";"Leste";"Choque - Meio Fio";1;0;0;0;0;0;0;0;0;0;0;0;1;0;0
"12/12/2022";"05:00:00";"19";"Acidente s";"54";"BR-290/RS";"Oeste";"Capotamento";1;0;0;0;0;0;0;0;0;0;2;0;0;0;0
"12/12/2022";"05:27:00";"24";"Acidente s";"45";"BR-290/RS";"Leste";"Choque Defensa";0;0;1;0;0;0;0;0;0;0;5;1;0;0;0
"12/12/2022";"06:38:00";"44";"Acidente s";"95";"BR-290/RS";"Leste";"Choque Defensa";1;0;0;0;0;0;0;0;0;0;1;0;0;0;0
"12/12/2022";"07:11:00";"65";"Acidente s";"24";"BR-290/RS";"Leste";"Colisão - Lateral";1;0;0;0;0;0;0;0;0;0;2;0;0;0;0
"12/12/2022";"08:04:00";"100";"Acidente c";"70";"BR-290/RS";"Oeste";"Colisão - Frontal";2;0;0;0;0;0;0;0;0;0;2;0;0;0;0
"12/12/2022";"08:07:00";"105";"Acidente s";"84";"BR-290/RS";"Oeste";"Engavetamento";5;0;0;0;0;0;0;0;0;1;2;0;1;0;0
"12/12/2022";"01:18:00";"215";"Acidente s";"77";"BR-290/RS";"Leste";"Colisão - Lateral";1;0;1;0;0;0;0;0;0;0;0;1;0;0;0
"12/12/2022";"02:26:00";"241";"Acidente s";"411";"BR-386/RS";"Norte";"Saída de pista";1;0;0;0;0;0;0;0;0;0;3;0;1;0;0
"12/12/2022";"06:48:00";"302";"Acidente s";"342";"BR-386/RS";"Norte";"Colisão - Traseira";2;0;0;0;0;1;0;2;0;0;1;0;0;0;0
"12/12/2022";"07:02:00";"304";"Acidente s";"24";"BR-290/RS";"Oeste";"Choque Defensa";1;0;0;0;0;0;0;0;0;0;3;0;0;0;0
"12/12/2022";"07:36:00";"317";"Acidente s";"9";"BR-448/RS";"Sul";"Saída de pista";1;0;0;0;0;0;0;0;0;0;1;0;0;0;0
"12/12/2022";"08:52:00";"332";"Acidente s";"80";"BR-290/RS";"Leste";"Saída de pista";1;0;0;0;0;0;0;0;0;0;1;0;0;0;0
"13/12/2022";"07:21:00";"72";"Acidente s";"90";"BR-290/RS";"Oeste";"Colisão - Traseira";2;0;0;0;0;0;0;0;0;0;2;0;0;0;0
"13/12/2022";"07:47:00";"90";"Acidente s";"286";"BR-386/RS";"Sul";"Colisão - Traseira";1;0;0;0;0;0;0;0;0;1;2;0;0;0;0
"13/12/2022";"07:56:00";"100";"Acidente s";"410";"BR-386/RS";"Norte";"Capotamento";1;0;0;0;0;0;0;0;0;0;3;0;0;0;0
"13/12/2022";"08:51:00";"131";"Acidente s";"89";"BR-290/RS";"Oeste";"Colisão - Traseira";2;0;0;0;0;0;0;0;0;0;2;0;0;0;0
"13/12/2022";"12:07:00";"190";"Acidente s";"17";"BR-448/RS";"Norte";"Colisão - Lateral";1;0;1;0;0;0;0;0;0;0;4;0;0;0;0
"13/12/2022";"12:12:00";"192";"Acidente s";"46";"BR-101/RS";"Norte";"Colisão - Traseira";2;0;0;0;0;0;0;0;0;0;1;0;0;0;0
"13/12/2022";"01:59:00";"213";"Acidente s";"92";"BR-290/RS";"Oeste";"Colisão - Traseira";1;0;0;0;0;1;0;0;0;0;1;0;0;0;0
"13/12/2022";"07:52:00";"309";"Atropelame";"15";"BR-101/RS";"Sul";"Atropelamento - Esportista";2;0;0;0;0;0;0;0;0;0;1;6;0;0;0
"14/12/2022";"07:13:00";"65";"Acidente c";"349";"BR-386/RS";"Norte";"Colisão - Traseira";2;0;0;0;0;0;0;0;0;0;0;2;0;0;0
"14/12/2022";"07:13:00";"66";"Acidente c";"290";"BR-386/RS";"Ambos";"Colisão - Transversal";1;0;1;0;0;2;0;1;0;0;4;0;0;0;0
"14/12/2022";"08:28:00";"107";"Acidente c";"347";"BR-386/RS";"Sul";"Colisão - Traseira";1;0;0;0;0;0;0;0;0;1;1;0;0;1;0
"14/12/2022";"10:46:00";"151";"Acidente s";"348";"BR-386/RS";"Norte";"Colisão - Traseira";2;0;0;0;0;0;0;0;0;0;45;0;0;0;0
"14/12/2022";"01:05:00";"186";"Acidente s";"346";"BR-386/RS";"Norte";"Colisão - Traseira";1;0;0;0;0;1;0;0;0;0;1;0;0;0;0
"14/12/2022";"03:09:00";"214";"Acidente s";"426.03";"BR-386/RS";"Sul";"Colisão - Traseira";2;0;0;0;0;0;0;0;0;0;4;2;0;0;0
"14/12/2022";"06:07:00";"253";"Acidente c";"352";"BR-386/RS";"Norte";"Queda de moto";0;0;0;2;0;0;0;0;0;0;1;1;0;0;0
"14/12/2022";"06:33:00";"261";"Acidente s";"348";"BR-386/RS";"Norte";"Colisão - Lateral";1;0;1;0;0;0;0;0;0;0;1;0;0;0;0
"14/12/2022";"07:38:00";"268";"Acidente s";"285";"BR-386/RS";"Ambos";"Colisão - Traseira";0;0;1;0;0;1;0;0;0;0;3;0;0;0;0
"15/12/2022";"12:18:00";"3";"Acidente s";"299";"BR-386/RS";"Norte";"Colisão - Lateral";0;0;1;0;0;0;0;0;0;1;3;0;0;0;0
"15/12/2022";"07:27:00";"89";"Acidente s";"434.58";"BR-386/RS";"Norte";"Queda de moto";0;0;0;1;0;0;0;0;0;0;4;0;0;0;0
"15/12/2022";"04:42:00";"254";"Acidente s";"435";"BR-386/RS";"Norte";"Colisão - Transversal";2;0;0;0;0;0;0;0;0;0;2;0;0;0;0
"15/12/2022";"10:25:00";"318";"Acidente s";"11";"BR-448/RS";"Sul";"Saída de pista";1;0;0;0;0;0;0;0;0;0;2;0;0;0;0
"16/12/2022";"10:01:00";"155";"Acidente c";"91";"BR-290/RS";"Oeste";"Colisão - Traseira";1;0;0;1;0;0;0;0;0;0;1;0;0;0;0
"16/12/2022";"01:31:00";"207";"Acidente s";"248";"BR-386/RS";"Norte";"Colisão - Traseira";1;0;0;0;0;1;0;0;0;0;2;0;1;0;0
"16/12/2022";"01:56:00";"211";"Acidente s";"37";"BR-101/RS";"Norte";"Colisão - Lateral";2;0;0;0;0;0;0;0;0;0;2;0;0;0;0
"16/12/2022";"02:57:00";"222";"Acidente s";"17";"BR-290/RS";"Leste";"Colisão - Lateral";2;0;0;0;0;0;0;0;0;0;2;0;0;0;0
"16/12/2022";"04:57:00";"247";"Acidente s";"89";"BR-290/RS";"Leste";"Colisão - Lateral";1;0;1;0;0;0;0;0;0;0;2;0;0;0;0
"17/12/2022";"12:46:00";"13";"Acidente s";"22";"BR-448/RS";"Norte";"Choque Barreira";1;0;0;0;0;0;0;0;0;0;3;0;0;0;0