data;horario;n_da_ocorrencia;tipo_de_ocorrencia;km;trecho;sentido;tipo_de_acidente;automovel;bicicleta;caminhao;moto;onibus;outros;tracao_animal;transporte_de_cargas_especiais;trator_maquinas;utilitarios;ilesos;levemente_feridos;moderadamente_feridos;gravemente_feridos;mortos
"20/01/2023";"09:05:00";"306";"Acidente s";"90";"BR-290/RS";"Leste";"Colisão - Lateral";1;0;0;0;0;1;0;0;0;0;2;1;1;0;0
"20/01/2023";"11:54:00";"331";"Acidente c";"92";"BR-290/RS";"Oeste";"Queda de moto";0;0;0;1;0;0;0;0;0;0;2;0;0;0;0
"21/01/2023";"04:40:00";"10";"Acidente c";"346";"BR-386/RS";"Norte";"Queda de moto";1;0;0;0;0;0;0;0;0;0;4;0;0;0;0
"21/01/2023";"08:27:00";"68";"Acidente s";"74";"BR-290/RS";"Oeste";"Engavetamento";3;0;0;0;0;1;0;0;0;0;2;0;0;0;0
"21/01/2023";"10:35:00";"104";"Acidente s";"60";"BR-290/RS";"Leste";"Colisão - Traseira";1;0;0;0;0;0;0;0;0;1;5;0;0;0;0
"21/01/2023";"02:36:00";"164";"Acidente s";"64";"BR-290/RS";"Oeste";"Colisão - Traseira";2;0;0;0;0;0;0;0;0;0;4;0;0;0;0
"21/01/2023";"04:00:00";"200";"Acidente s";"26";"BR-290/RS";"Leste";"Saída de pista";1;0;0;0;0;0;0;0;0;0;4;0;0;0;0
"21/01/2023";"05:38:00";"215";"Acidente c";"190";"BR-386/RS";"Norte";"Queda de moto";0;0;0;1;0;0;0;0;0;0;1;0;0;0;0
"21/01/2023";"06:03:00";"221";"Acidente c";"10";"BR-290/RS";"Oeste";"Choque Defensa";1;0;0;0;0;0;0;0;0;0;1;2;0;0;0
"21/01/2023";"06:40:00";"235";"Acidente s";"86";"BR-290/RS";"Leste";"Choque Defensa";1;0;0;0;0;0;0;0;0;0;5;0;0;0;0
"21/01/2023";"08:21:00";"254";"Acidente s";"22";"BR-448/RS";"Sul";"Colisão - Lateral";2;0;0;0;0;0;0;0;0;0;4;0;0;0;0
"21/01/2023";"11:45:00";"289";"Acidente s";"93";"BR-290/RS";"Leste";"Capotamento";1;0;0;0;0;0;0;0;0;0;1;0;0;0;0
"22/01/2023";"05:15:00";"18";"Acidente c";"327";"BR-386/RS";"Sul";"Colisão - Frontal";3;0;0;0;0;0;0;0;0;0;1;2;1;0;0
"22/01/2023";"09:33:00";"82";"Acidente c";"59";"BR-290/RS";"Leste";"Colisão - Transversal";2;0;0;0;0;0;0;0;0;0;8;0;0;0;0
"22/01/2023";"04:24:00";"171";"Acidente s";"82";"BR-101/RS";"Sul";"Colisão - Traseira";1;0;0;0;0;0;0;0;0;0;2;0;0;0;0
"22/01/2023";"05:43:00";"194";"Acidente c";"435";"BR-386/RS";"Sul";"Colisão - Transversal";2;0;0;0;0;0;0;0;0;0;2;0;0;0;0
"22/01/2023";"06:27:00";"208";"Acidente s";"2";"BR-290/RS";"Oeste";"Engavetamento";3;0;0;0;0;0;0;0;0;0;2;0;0;0;0
"22/01/2023";"07:30:00";"225";"Acidente s";"57";"BR-290/RS";"Oeste";"Engavetamento";3;0;0;0;0;0;0;0;0;0;3;0;0;0;0
"22/01/2023";"08:17:00";"238";"Acidente c";"346";"BR-386/RS";"Sul";"Queda de moto";0;0;0;0;0;1;0;0;0;0;2;0;0;0;0
"23/01/2023";"04:32:00";"14";"Acidente s";"304";"BR-386/RS";"Norte";"Saída de pista";1;0;0;0;0;0;0;0;0;0;1;0;0;0;0
"23/01/2023";"10:37:00";"159";"Acidente s";"347";"BR-386/RS";"Norte";"Colisão - Traseira";1;0;0;0;0;0;0;1;0;0;3;0;0;0;0
"23/01/2023";"03:54:00";"247";"Acidente s";"292";"BR-386/RS";"Norte";"Colisão - Lateral";0;0;0;0;0;0;0;1;0;1;1;0;0;0;0
"23/01/2023";"04:54:00";"262";"Acidente s";"60";"BR-290/RS";"Leste";"Colisão - Traseira";2;0;0;0;0;0;0;0;0;0;2;0;0;0;0
"23/01/2023";"07:18:00";"292";"Atropelame";"19";"BR-101/RS";"Norte";"Atropelamento - Andarilho";0;0;0;1;0;0;0;0;0;0;1;0;0;0;0
"23/01/2023";"09:46:00";"314";"Acidente s";"60";"BR-290/RS";"Leste";"Choque Praça - Cancela";1;0;0;0;0;1;0;0;0;0;1;0;0;0;0
"24/01/2023";"08:26:00";"100";"Acidente s";"96";"BR-290/RS";"Oeste";"Colisão - Traseira";2;0;0;0;0;0;0;0;0;0;0;0;1;0;0
"24/01/2023";"11:20:00";"157";"Acidente s";"351";"BR-386/RS";"Norte";"Colisão - Lateral";1;0;0;0;0;0;0;1;0;0;1;0;0;0;0
"24/01/2023";"12:31:00";"176";"Acidente s";"38";"BR-101/RS";"Sul";"Colisão - Traseira";0;0;1;0;0;1;0;0;0;0;1;0;0;0;0
"24/01/2023";"01:32:00";"188";"Acidente c";"68";"BR-290/RS";"Oeste";"Queda de moto";0;0;0;1;0;0;0;0;0;0;0;0;1;0;0
"24/01/2023";"05:56:00";"250";"Acidente s";"349";"BR-386/RS";"Sul";"Queda de moto";0;0;0;1;0;0;0;0;0;0;0;0;0;5;2
"24/01/2023";"08:25:00";"293";"Acidente s";"415";"BR-386/RS";"Norte";"Choque Defensa";1;0;0;0;0;0;0;0;0;0;1;0;0;0;0
"24/01/2023";"10:14:00";"313";"Acidente s";"57";"BR-290/RS";"Oeste";"Outros";4;0;0;1;0;0;0;0;0;1;2;0;0;0;0
"24/01/2023";"10:33:00";"317";"Acidente s";"69";"BR-290/RS";"Leste";"Colisão - Lateral";2;0;0;0;0;0;0;0;0;0;1;0;1;0;0
"25/01/2023";"03:29:00";"18";"Acidente s";"444";"BR-386/RS";"Sul";"Atropelamento de Animal";1;0;0;0;0;0;0;0;0;0;1;0;0;0;0
"25/01/2023";"07:24:00";"57";"Acidente c";"349";"BR-386/RS";"Sul";"Queda de moto";0;0;0;1;0;0;0;0;0;0;0;0;1;0;0
"25/01/2023";"12:13:00";"191";"Acidente s";"426";"BR-386/RS";"Norte";"Colisão - Transversal";1;0;0;0;0;0;0;0;0;1;1;0;0;0;0
"25/01/2023";"04:36:00";"254";"Acidente s";"18";"BR-448/RS";"Norte";"Colisão - Traseira";4;0;0;0;0;0;0;0;0;0;5;0;0;0;0
"26/01/2023";"06:08:00";"24";"Acidente c";"69";"BR-101/RS";"Sul";"Colisão - Traseira";1;0;0;0;0;1;0;0;0;0;0;0;0;3;0
"26/01/2023";"06:57:00";"44";"Acidente c";"274";"BR-386/RS";"Norte";"Queda de moto";0;0;0;1;0;0;0;0;0;0;2;1;1;0;0
"26/01/2023";"12:34:00";"180";"Acidente s";"19";"BR-290/RS";"Leste";"Colisão - Traseira";5;0;0;0;0;0;0;0;0;0;4;0;0;0;0
"26/01/2023";"01:54:00";"198";"Acidente s";"215";"BR-386/RS";"Norte";"Saída de pista";1;0;0;0;0;0;0;0;0;0;1;0;0;0;0
"26/01/2023";"03:28:00";"225";"Acidente s";"81";"BR-101/RS";"Sul";"Colisão - Lateral";1;0;1;0;0;0;0;0;0;0;4;0;0;0;0
"26/01/2023";"04:02:00";"227";"Acidente s";"81";"BR-101/RS";"Sul";"Saída de pista";1;0;0;0;0;0;0;0;0;0;2;0;0;0;0
"26/01/2023";"05:48:00";"253";"Acidente s";"426";"BR-386/RS";"Sul";"Colisão - Traseira";1;0;0;0;0;0;0;0;0;1;1;0;0;0;0
"26/01/2023";"06:00:00";"256";"Acidente c";"54";"BR-290/RS";"Leste";"Tombamento";0;0;0;0;0;0;0;0;0;1;3;0;0;0;0
"27/01/2023";"03:06:00";"7";"Acidente s";"327";"BR-386/RS";"Sul";"Saída de pista";1;0;0;0;0;0;0;0;0;0;0;1;0;0;0
"27/01/2023";"07:18:00";"62";"Acidente c";"5";"BR-448/RS";"Sul";"Queda de moto";0;0;0;1;0;0;0;0;0;0;1;1;0;0;0
"27/01/2023";"03:29:00";"228";"Acidente c";"277";"BR-386/RS";"Sul";"Capotamento";1;0;0;0;0;0;0;0;0;0;0;1;0;0;0
"27/01/2023";"07:28:00";"304";"Acidente s";"425";"BR-386/RS";"Norte";"Colisão - Frontal";3;0;0;0;0;0;0;0;0;0;3;0;0;0;0
"27/01/2023";"09:33:00";"344";"Acidente s";"337";"BR-386/RS";"Sul";"Colisão - Traseira";2;0;0;0;0;0;0;0;0;0;4;0;0;0;0
"28/01/2023";"02:19:00";"24";"Acidente s";"44";"BR-290/RS";"Leste";"Choque com objeto sobre a pista";1;0;0;0;0;0;0;0;0;0;1;0;0;0;0
"28/01/2023";"05:45:00";"38";"Acidente c";"312";"BR-386/RS";"Norte";"Capotamento";1;0;0;0;0;0;0;0;0;0;1;0;0;0;0
"28/01/2023";"10:12:00";"117";"Acidente s";"59";"BR-290/RS";"Leste";"Colisão - Traseira";2;0;0;0;0;0;0;0;0;0;3;0;0;0;0
"28/01/2023";"02:07:00";"179";"Acidente c";"50";"BR-290/RS";"Leste";"Queda de moto";0;0;0;1;0;0;0;0;0;0;1;0;0;0;0
"28/01/2023";"02:44:00";"190";"Acidente c";"44";"BR-290/RS";"Oeste";"Capotamento";1;0;0;0;0;0;0;0;0;0;3;0;0;0;0
"28/01/2023";"03:29:00";"204";"Acidente c";"40";"BR-290/RS";"Oeste";"Colisão - Traseira";2;0;0;0;0;0;0;0;0;1;5;0;0;0;0
"28/01/2023";"03:55:00";"214";"Acidente c";"233";"BR-386/RS";"Norte";"Queda de moto";0;0;0;1;0;0;0;0;0;0;1;0;0;0;0
"28/01/2023";"05:54:00";"243";"Acidente s";"9";"BR-448/RS";"Norte";"Saída de pista";1;0;0;0;0;0;0;0;0;0;6;0;0;0;0
"28/01/2023";"06:18:00";"252";"Acidente s";"11";"BR-290/RS";"Oeste";"Queda de ribanceira";1;0;0;0;0;0;0;0;0;0;2;1;0;0;0
"28/01/2023";"07:27:00";"266";"Acidente s";"62";"BR-290/RS";"Leste";"Saída de pista";1;0;0;0;0;0;0;0;0;0;1;0;0;0;0
"28/01/2023";"08:52:00";"282";"Acidente s";"180";"BR-386/RS";"Sul";"Saída de pista";1;0;0;0;0;0;0;0;0;0;3;1;0;0;0
"28/01/2023";"10:24:00";"302";"Acidente s";"40";"BR-290/RS";"Oeste";"Colisão - Transversal";2;0;1;0;0;0;0;0;0;0;1;0;0;0;0
"29/01/2023";"12:09:00";"5";"Acidente s";"434";"BR-386/RS";"Norte";"Queda de ribanceira";1;0;0;0;0;0;0;0;0;0;1;1;0;0;0
"29/01/2023";"07:51:00";"80";"Acidente c";"13";"BR-290/RS";"Oeste";"Colisão - Traseira";2;0;0;0;0;0;0;0;0;0;3;0;0;0;0
"29/01/2023";"11:40:00";"132";"Acidente s";"11";"BR-290/RS";"Oeste";"Saída de pista";1;0;0;0;0;0;0;0;0;0;2;0;0;0;0
"29/01/2023";"04:46:00";"196";"Acidente s";"1";"BR-290/RS";"Oeste";"Engavetamento";3;0;0;0;0;0;0;0;0;0;1;1;0;0;0
"29/01/2023";"05:26:00";"203";"Acidente s";"52";"BR-101/RS";"Norte";"Colisão - Transversal";2;0;0;0;0;0;0;0;0;0;6;0;0;0;0
"29/01/2023";"05:50:00";"213";"Acidente c";"426";"BR-386/RS";"Sul";"Choque Praça - Cancela";0;0;0;0;0;0;0;1;0;0;1;1;0;0;0
"29/01/2023";"06:52:00";"235";"Acidente s";"0";"BR-290/RS";"Oeste";"Engavetamento";2;0;0;0;0;0;0;0;0;0;2;0;0;0;0
"29/01/2023";"07:55:00";"245";"Acidente c";"344";"BR-386/RS";"Sul";"Colisão - Frontal";1;0;0;1;0;0;0;0;0;0;2;0;0;0;0
"29/01/2023";"09:30:00";"283";"Acidente s";"432";"BR-386/RS";"Sul";"Saída de pista";1;0;0;0;0;0;0;0;0;0;1;0;0;0;0
"30/01/2023";"03:40:00";"25";"Acidente s";"339";"BR-386/RS";"Norte";"Choque Defensa";1;0;0;0;0;0;0;0;0;0;1;0;0;0;0
"30/01/2023";"04:23:00";"27";"Acidente s";"20";"BR-290/RS";"Oeste";"Choque com objeto sobre a pista";1;0;0;0;0;0;0;0;0;0;1;0;0;0;0
"30/01/2023";"04:29:00";"29";"Acidente s";"20";"BR-290/RS";"Oeste";"Choque com objeto sobre a pista";1;0;0;0;0;0;0;0;0;0;2;0;0;0;0
"30/01/2023";"07:51:00";"94";"Acidente s";"34";"BR-101/RS";"Norte";"Saída de pista";1;0;0;0;0;0;0;0;0;0;2;0;0;0;0
"30/01/2023";"09:11:00";"140";"Acidente s";"92";"BR-290/RS";"Oeste";"Colisão - Traseira";2;0;0;0;0;0;0;0;0;0;3;0;0;0;0
"30/01/2023";"09:35:00";"148";"Acidente s";"90";"BR-290/RS";"Oeste";"Colisão - Traseira";1;0;0;0;0;0;0;0;0;1;2;0;0;0;0
"30/01/2023";"09:39:00";"149";"Acidente s";"35";"BR-101/RS";"Norte";"Colisão - Traseira";2;0;0;0;0;0;0;0;0;0;3;0;0;0;0
"30/01/2023";"09:42:00";"150";"Acidente s";"90";"BR-290/RS";"Oeste";"Colisão - Traseira";2;0;0;0;0;0;0;0;0;0;7;0;0;0;0
"30/01/2023";"09:52:00";"154";"Acidente s";"94";"BR-290/RS";"Oeste";"Colisão - Traseira";1;0;0;0;0;1;0;0;0;0;2;0;0;0;0
"30/01/2023";"10:33:00";"171";"Acidente s";"401";"BR-386/RS";"Norte";"Choque Defensa";1;0;0;0;0;0;0;0;0;0;1;0;0;0;0
"30/01/2023";"12:55:00";"211";"Acidente s";"432";"BR-386/RS";"Norte";"Colisão - Lateral";2;0;0;0;0;0;0;0;0;0;1;1;0;0;0
"30/01/2023";"01:05:00";"215";"Acidente s";"89";"BR-290/RS";"Oeste";"Colisão - Traseira";1;0;0;0;0;1;0;0;0;0;1;1;0;0;0
"30/01/2023";"02:10:00";"226";"Acidente c";"92";"BR-290/RS";"Oeste";"Queda de moto";1;0;0;0;0;0;0;0;0;0;0;1;0;0;0
"30/01/2023";"09:53:00";"334";"Acidente s";"346";"BR-386/RS";"Sul";"Choque - Sinalização";1;0;0;0;0;0;0;0;0;0;2;0;0;0;0
"31/01/2023";"03:43:00";"17";"Acidente s";"57";"BR-290/RS";"Oeste";"Saída de pista";1;0;0;0;0;0;0;0;0;0;2;0;0;0;0
"31/01/2023";"09:09:00";"112";"Acidente s";"89";"BR-290/RS";"Oeste";"Colisão - Lateral";1;0;0;0;0;0;0;0;0;1;1;0;3;0;0
"31/01/2023";"10:13:00";"124";"Acidente s";"95";"BR-290/RS";"Oeste";"Colisão - Traseira";2;0;0;0;0;0;0;0;0;0;1;0;1;0;0
"31/01/2023";"04:31:00";"223";"Acidente c";"72";"BR-290/RS";"Leste";"Colisão - Traseira";3;0;0;0;0;0;0;0;0;0;5;0;0;0;0
"31/01/2023";"06:27:00";"241";"Acidente s";"81";"BR-101/RS";"Norte";"Saída de pista";1;0;0;0;0;0;0;0;0;0;1;0;0;0;0
"01/02/2023";"07:10:00";"61";"Acidente s";"80";"BR-290/RS";"Oeste";"Saída de pista";1;0;0;0;0;0;0;0;0;0;3;0;0;0;0
"01/02/2023";"09:49:00";"130";"Acidente s";"19";"BR-290/RS";"Oeste";"Colisão - Traseira";2;0;0;0;0;0;0;0;0;0;1;0;0;0;0
"01/02/2023";"10:26:00";"137";"Acidente s";"64";"BR-290/RS";"Leste";"Colisão - Lateral";2;0;0;0;0;0;0;0;0;0;2;0;0;0;0
"01/02/2023";"11:23:00";"153";"Acidente s";"72";"BR-290/RS";"Oeste";"Colisão - Lateral";2;0;0;0;0;0;0;0;0;0;0;1;0;0;0
"01/02/2023";"11:43:00";"157";"Acidente c";"436";"BR-386/RS";"Sul";"Colisão - Lateral";1;0;1;0;0;0;0;0;0;0;1;0;0;0;0
"01/02/2023";"12:21:00";"167";"Acidente s";"19";"BR-290/RS";"Leste";"Colisão - Traseira";1;0;0;0;0;0;0;0;0;1;7;0;0;0;0
"01/02/2023";"03:25:00";"200";"Acidente c";"415";"BR-386/RS";"Norte";"Colisão - Traseira";1;0;1;0;0;0;0;0;0;0;2;0;1;0;0
"01/02/2023";"03:28:00";"201";"Acidente s";"7";"BR-101/RS";"Norte";"Engavetamento";3;0;0;0;0;0;0;0;0;0;0;0;4;1;0
"01/02/2023";"05:42:00";"227";"Acidente s";"2";"BR-101/RS";"Sul";"Saída de pista";0;0;1;0;0;0;0;0;0;0;4;1;1;0;0
"01/02/2023";"08:04:00";"259";"Acidente c";"392";"BR-386/RS";"Sul";"Colisão - Traseira";0;0;0;2;0;0;0;0;0;0;3;1;0;0;0
"02/02/2023";"01:12:00";"6";"Acidente c";"390";"BR-386/RS";"Norte";"Colisão - Lateral";3;0;0;0;0;0;0;0;0;0;3;0;0;0;0
"02/02/2023";"05:04:00";"21";"Acidente s";"92";"BR-290/RS";"Leste";"Saída de pista";1;0;0;0;0;0;0;0;0;0;2;0;0;0;0
"02/02/2023";"08:13:00";"84";"Acidente s";"72";"BR-101/RS";"Norte";"Colisão - Lateral";1;0;0;0;0;0;0;1;0;0;2;0;0;0;0
"02/02/2023";"11:32:00";"143";"Acidente s";"81";"BR-101/RS";"Sul";"Saída de pista";1;0;0;0;0;0;0;0;0;0;7;0;0;0;0
"02/02/2023";"12:01:00";"149";"Acidente s";"19";"BR-290/RS";"Leste";"Colisão - Traseira";2;0;0;0;0;0;0;0;0;0;1;0;1;0;0
"02/02/2023";"10:53:00";"269";"Acidente s";"60";"BR-290/RS";"Leste";"Choque com objeto sobre a pista";1;0;0;0;0;0;0;0;0;0;1;0;0;0;0
"02/02/2023";"10:58:00";"270";"Acidente s";"413.19";"BR-386/RS";"Sul";"Saída de pista";0;0;1;0;0;0;0;0;0;0;2;0;0;0;0
"03/02/2023";"02:36:00";"15";"Acidente s";"53";"BR-101/RS";"Sul";"Queda de ribanceira";0;0;0;0;0;0;0;1;0;0;1;0;2;2;1
"03/02/2023";"07:11:00";"44";"Acidente s";"440";"BR-386/RS";"Sul";"Saída de pista";1;0;0;0;0;0;0;0;0;0;2;0;0;0;0
"03/02/2023";"12:08:00";"144";"Acidente s";"304";"BR-386/RS";"Norte";"Colisão - Transversal";1;0;1;0;0;0;0;0;0;0;2;1;0;0;0
"03/02/2023";"02:11:00";"176";"Acidente s";"336";"BR-386/RS";"Norte";"Saída de pista";1;0;0;0;0;0;0;0;0;0;0;0;1;0;0
"03/02/2023";"02:11:00";"177";"Acidente s";"22";"BR-448/RS";"Norte";"Choque - Meio Fio";1;0;0;0;0;0;0;0;0;0;2;0;0;0;0
"03/02/2023";"02:22:00";"180";"Acidente c";"15";"BR-448/RS";"Sul";"Saída de pista";0;0;1;0;0;0;0;0;0;0;1;0;0;0;0
"03/02/2023";"03:42:00";"201";"Acidente c";"89";"BR-290/RS";"Leste";"Queda de moto";0;0;0;1;0;0;0;0;0;0;1;0;0;0;0
"03/02/2023";"04:08:00";"209";"Acidente s";"345";"BR-386/RS";"Norte";"Engavetamento";1;0;2;0;0;0;0;0;0;0;2;0;0;0;0
"03/02/2023";"06:47:00";"239";"Acidente s";"394";"BR-386/RS";"Sul";"Saída de pista";1;0;0;0;0;0;0;0;0;0;4;1;0;0;0
"03/02/2023";"10:47:00";"275";"Acidente s";"224";"BR-386/RS";"Sul";"Atropelamento de Animal";1;0;0;0;0;0;0;0;0;0;3;0;0;0;0
"04/02/2023";"01:21:00";"6";"Acidente s";"255";"BR-386/RS";"Norte";"Saída de pista";1;0;0;0;0;0;0;0;0;0;2;0;0;0;0
"04/02/2023";"03:54:00";"17";"Acidente c";"241";"BR-386/RS";"Norte";"Colisão - Frontal";2;0;0;0;0;0;0;0;0;0;1;0;0;0;0
"04/02/2023";"05:58:00";"26";"Acidente s";"226";"BR-386/RS";"Sul";"Saída de pista";0;0;1;0;0;0;0;0;0;0;4;1;0;0;0
"04/02/2023";"09:42:00";"80";"Acidente c";"344";"BR-386/RS";"Norte";"Engavetamento";1;0;2;0;0;0;0;0;0;0;5;0;0;1;0
"04/02/2023";"09:43:00";"81";"Acidente s";"226";"BR-386/RS";"Norte";"Colisão - Traseira";2;0;0;0;0;0;0;0;0;0;2;0;0;0;0
"05/02/2023";"01:56:00";"7";"Acidente s";"92";"BR-290/RS";"Leste";"Saída de pista";1;0;0;0;0;0;0;0;0;0;2;0;0;0;0
"05/02/2023";"05:17:00";"21";"Acidente c";"83";"BR-101/RS";"Norte";"Saída de pista";1;0;0;0;0;0;0;0;0;0;2;0;0;0;0
"05/02/2023";"07:34:00";"40";"Acidente c";"10";"BR-101/RS";"Norte";"Queda de ribanceira";1;0;0;0;0;0;0;0;0;0;2;0;0;0;0
"05/02/2023";"05:01:00";"134";"Acidente s";"333";"BR-386/RS";"Ambos";"Colisão - Traseira";2;0;0;0;0;0;0;0;0;0;3;0;0;0;0
"05/02/2023";"05:59:00";"149";"Acidente c";"349";"BR-386/RS";"Norte";"Queda de moto";0;0;0;1;0;0;0;0;0;0;5;1;0;0;0
"05/02/2023";"06:46:00";"165";"Acidente s";"357";"BR-386/RS";"Sul";"Saída de pista";1;0;0;0;0;0;0;0;0;0;3;0;0;0;0
"05/02/2023";"07:41:00";"180";"Acidente c";"80";"BR-101/RS";"Norte";"Colisão - Frontal";2;0;1;0;0;0;0;0;0;0;2;0;0;0;0
"05/02/2023";"08:48:00";"196";"Acidente s";"342";"BR-386/RS";"Norte";"Saída de pista";1;0;0;0;0;0;0;0;0;0;5;0;0;0;0
"05/02/2023";"10:21:00";"216";"Acidente s";"19";"BR-290/RS";"Oeste";"Colisão - Lateral";1;0;0;0;0;1;0;0;0;0;1;0;0;0;0
"05/02/2023";"11:34:00";"231";"Acidente s";"49";"BR-101/RS";"Sul";"Saída de pista";1;0;0;0;0;0;0;0;0;0;0;0;1;0;0
"06/02/2023";"02:04:00";"13";"Acidente s";"32";"BR-101/RS";"Sul";"Tombamento";2;0;0;0;0;0;0;0;0;0;7;0;0;0;0
"06/02/2023";"04:44:00";"20";"Acidente c";"344";"BR-386/RS";"Sul";"Queda de moto";0;0;0;1;0;1;0;0;0;0;1;0;0;0;0
"06/02/2023";"05:56:00";"31";"Acidente c";"4";"BR-290/RS";"Oeste";"Colisão - Traseira";1;0;0;0;0;0;0;0;0;0;3;0;0;0;0
"06/02/2023";"05:57:00";"32";"Acidente s";"60";"BR-290/RS";"Leste";"Colisão - Traseira";2;0;0;0;0;0;0;0;0;0;3;0;0;0;0
"06/02/2023";"07:11:00";"64";"Acidente s";"92";"BR-290/RS";"Oeste";"Colisão - Lateral";1;0;1;0;0;0;0;0;0;0;4;0;0;0;0
"06/02/2023";"07:49:00";"84";"Acidente s";"92";"BR-290/RS";"Leste";"Colisão - Traseira";1;0;1;0;0;0;0;0;0;0;5;0;0;0;0
"06/02/2023";"07:50:00";"87";"Acidente s";"439";"BR-386/RS";"Norte";"Colisão - Transversal";1;0;0;0;0;0;0;1;0;0;3;0;0;0;0
"06/02/2023";"07:54:00";"91";"Acidente c";"88";"BR-290/RS";"Oeste";"Colisão - Lateral";1;0;0;1;0;0;0;0;0;0;0;3;0;0;0
"06/02/2023";"08:14:00";"103";"Acidente c";"283";"BR-386/RS";"Sul";"Colisão - Frontal";1;0;1;0;0;0;0;0;0;0;2;0;0;1;0
"06/02/2023";"09:01:00";"122";"Acidente c";"86";"BR-290/RS";"Oeste";"Colisão - Lateral";1;0;0;1;0;0;0;0;0;0;7;0;0;0;0
"06/02/2023";"09:57:00";"145";"Acidente s";"77";"BR-290/RS";"Oeste";"Colisão - Traseira";2;0;0;0;0;0;0;0;0;0;1;0;0;0;0
"06/02/2023";"06:43:00";"278";"Acidente s";"240";"BR-386/RS";"Norte";"Capotamento";0;0;0;0;0;0;0;1;0;0;3;0;0;0;0
"06/02/2023";"09:08:00";"313";"Acidente s";"77";"BR-101/RS";"Sul";"Saída de pista";1;0;0;0;0;0;0;0;0;0;4;0;0;0;0
"07/02/2023";"08:54:00";"105";"Acidente s";"426";"BR-386/RS";"Norte";"Colisão - Traseira";1;0;0;0;0;0;0;1;0;0;1;0;0;0;0
"07/02/2023";"10:28:00";"134";"Acidente s";"228";"BR-386/RS";"Sul";"Colisão - Traseira";2;0;0;0;0;0;0;0;0;0;1;1;0;0;0
"07/02/2023";"12:39:00";"169";"Acidente s";"40";"BR-101/RS";"Norte";"Saída de pista";1;0;0;0;0;0;0;0;0;0;1;0;0;0;0
"07/02/2023";"07:57:00";"262";"Acidente s";"238";"BR-386/RS";"Sul";"Saída de pista";1;0;0;0;0;0;0;0;0;0;1;0;0;0;0
"07/02/2023";"08:25:00";"269";"Acidente c";"86";"BR-290/RS";"Leste";"Atropelamento - Esportista";0;0;0;2;0;0;0;0;0;0;2;0;0;0;0
"07/02/2023";"09:01:00";"280";"Acidente c";"246";"BR-386/RS";"Norte";"Colisão - Lateral";2;0;0;0;0;0;0;0;0;0;6;0;0;0;0
"07/02/2023";"09:16:00";"284";"Acidente s";"366";"BR-386/RS";"Norte";"Colisão - Lateral";1;0;0;0;0;0;0;0;0;1;3;0;0;0;0
"07/02/2023";"11:15:00";"293";"Acidente s";"399";"BR-386/RS";"Sul";"Choque Defensa";0;0;0;0;0;0;0;0;0;1;0;0;1;0;0
"08/02/2023";"06:37:00";"31";"Acidente s";"24";"BR-290/RS";"Oeste";"Colisão - Lateral";1;0;0;0;0;0;0;0;0;1;2;0;0;0;0
"08/02/2023";"09:56:00";"120";"Acidente s";"236";"BR-386/RS";"Norte";"Colisão - Traseira";2;0;0;0;0;0;0;0;0;0;1;0;0;0;0
"08/02/2023";"12:11:00";"146";"Acidente c";"247";"BR-386/RS";"Norte";"Colisão - Lateral";2;0;0;0;0;0;0;0;0;0;1;0;0;0;0
"08/02/2023";"04:49:00";"203";"Acidente s";"234";"BR-386/RS";"Norte";"Colisão - Lateral";2;0;0;0;0;0;0;0;0;0;2;0;0;0;0
"08/02/2023";"06:51:00";"234";"Acidente s";"96";"BR-290/RS";"Leste";"Colisão - Lateral";1;0;0;1;0;0;0;0;0;0;5;0;0;0;0
"09/02/2023";"02:38:00";"11";"Acidente s";"12";"BR-290/RS";"Oeste";"Atropelamento - Ambulante";0;0;1;0;0;0;0;0;0;0;1;0;0;0;0
"09/02/2023";"08:04:00";"82";"Acidente c";"435";"BR-386/RS";"Sul";"Colisão - Lateral";1;0;0;1;0;0;0;0;0;0;1;0;0;0;0
"09/02/2023";"09:13:00";"108";"Acidente c";"75";"BR-290/RS";"Oeste";"Colisão - Lateral";3;0;0;0;0;0;0;0;0;0;1;0;0;0;0
"09/02/2023";"03:25:00";"195";"Acidente s";"431";"BR-386/RS";"Sul";"Choque com objeto sobre a pista";1;0;1;0;0;0;0;0;0;0;0;0;1;0;0
"09/02/2023";"03:26:00";"194";"Acidente s";"57";"BR-101/RS";"Norte";"Saída de pista";1;0;0;0;0;0;0;0;0;0;2;0;0;0;0
"09/02/2023";"08:35:00";"259";"Acidente s";"437";"BR-386/RS";"Sul";"Colisão - Traseira";2;0;0;0;0;0;0;0;0;0;2;0;2;0;0
"09/02/2023";"09:14:00";"266";"Acidente s";"435";"BR-386/RS";"Sul";"Atropelamento de Animal";1;0;0;0;0;0;0;0;0;0;2;0;0;0;0
"09/02/2023";"11:52:00";"289";"Acidente c";"345";"BR-386/RS";"Sul";"Queda de moto";0;0;0;1;0;0;0;0;0;0;1;3;0;0;0
"10/02/2023";"03:50:00";"18";"Acidente s";"63";"BR-290/RS";"Oeste";"Saída de pista";1;0;0;0;0;0;0;0;0;0;0;1;0;0;0
"10/02/2023";"05:47:00";"32";"Acidente s";"95";"BR-290/RS";"Leste";"Choque Defensa";1;0;0;0;0;0;0;0;0;0;1;1;0;0;0