data;horario;n_da_ocorrencia;tipo_de_ocorrencia;km;trecho;sentido;tipo_de_acidente;automovel;bicicleta;caminhao;moto;onibus;outros;tracao_animal;transporte_de_cargas_especiais;trator_maquinas;utilitarios;ilesos;levemente_feridos;moderadamente_feridos;gravemente_feridos;mortos
"14/07/2023";"06:38:00";"252";"Acidente s";"338";"BR-386/RS";"Norte";"Colisão - Frontal";2;0;0;0;0;0;0;0;0;0;1;0;0;0;0
"14/07/2023";"07:31:00";"263";"Acidente c";"93";"BR-290/RS";"Leste";"Capotamento";1;0;0;0;0;0;0;0;0;0;1;0;0;0;0
"15/07/2023";"03:27:00";"25";"Acidente s";"275";"BR-386/RS";"Sul";"Choque Defensa";1;0;0;0;0;0;0;0;0;0;1;0;1;0;0
"15/07/2023";"06:03:00";"34";"Acidente s";"85";"BR-290/RS";"Oeste";"Saída de pista";1;0;0;0;0;0;0;0;0;0;3;0;0;0;0
"15/07/2023";"06:37:00";"36";"Acidente s";"8";"BR-101/RS";"Norte";"Atropelamento de Animal";1;0;0;0;0;0;0;0;0;0;3;0;0;0;0
"15/07/2023";"07:17:00";"47";"Acidente s";"60";"BR-290/RS";"Leste";"Colisão - Traseira";2;0;0;0;0;0;0;0;0;0;1;1;0;0;0
"15/07/2023";"10:32:00";"101";"Acidente s";"49";"BR-101/RS";"Norte";"Saída de pista";1;0;0;0;0;0;0;0;0;0;1;0;0;0;0
"15/07/2023";"06:35:00";"204";"Acidente s";"90";"BR-290/RS";"Oeste";"Queda de moto";0;0;0;1;0;0;0;0;0;0;2;0;0;0;0
"15/07/2023";"07:59:00";"224";"Acidente c";"436";"BR-386/RS";"Sul";"Colisão - Frontal";2;0;0;0;0;0;0;0;0;0;0;1;0;0;0
"15/07/2023";"08:41:00";"230";"Acidente s";"265";"BR-386/RS";"Sul";"Saída de pista";1;0;0;0;0;0;0;0;0;0;1;0;0;0;0
"16/07/2023";"12:28:00";"8";"Acidente s";"86";"BR-290/RS";"Oeste";"Choque Barreira";1;0;0;0;0;0;0;0;0;0;5;0;0;0;0
"16/07/2023";"05:28:00";"31";"Acidente s";"96";"BR-290/RS";"Leste";"Choque Defensa";1;0;0;0;0;0;0;0;0;0;4;0;0;0;0
"16/07/2023";"12:29:00";"93";"Acidente s";"420";"BR-386/RS";"Sul";"Saída de pista";1;0;0;0;0;0;0;0;0;0;1;1;0;0;0
"16/07/2023";"03:46:00";"134";"Acidente c";"362";"BR-386/RS";"Sul";"Colisão - Lateral";2;0;0;0;0;0;0;0;0;0;4;0;0;0;0
"16/07/2023";"05:18:00";"151";"Acidente s";"95";"BR-290/RS";"Oeste";"Colisão - Traseira";1;0;0;0;0;0;0;0;0;0;2;0;0;0;0
"16/07/2023";"07:57:00";"185";"Acidente c";"333";"BR-386/RS";"Sul";"Colisão - Traseira";3;0;0;0;0;0;0;1;0;0;1;0;0;0;0
"16/07/2023";"11:18:00";"210";"Acidente s";"80";"BR-290/RS";"Oeste";"Colisão - Traseira";1;0;0;0;0;1;0;0;0;0;1;0;0;0;0
"16/07/2023";"11:19:00";"211";"Acidente s";"34";"BR-290/RS";"Oeste";"Colisão - Transversal";1;0;0;0;0;1;0;0;0;0;0;1;0;0;0
"17/07/2023";"12:04:00";"140";"Acidente s";"202";"BR-386/RS";"Sul";"Colisão - Traseira";2;0;0;0;0;0;0;0;0;0;3;0;0;0;0
"17/07/2023";"01:43:00";"166";"Acidente s";"413";"BR-386/RS";"Norte";"Choque - Meio Fio";1;0;0;0;0;0;0;0;0;0;4;0;0;0;0
"17/07/2023";"02:53:00";"189";"Atropelame";"272";"BR-386/RS";"Sul";"Atropelamento - Funcionário";0;0;1;0;0;0;0;0;0;0;3;0;0;0;0
"17/07/2023";"05:50:00";"235";"Acidente s";"90";"BR-290/RS";"Oeste";"Colisão - Traseira";2;0;0;0;0;0;0;0;0;0;4;0;0;0;0
"17/07/2023";"07:03:00";"257";"Acidente c";"349";"BR-386/RS";"Sul";"Colisão - Traseira";1;0;0;1;0;0;0;0;0;0;2;0;1;0;0
"17/07/2023";"08:05:00";"271";"Acidente s";"338";"BR-386/RS";"Norte";"Choque Defensa";1;0;0;0;0;0;0;0;0;0;1;0;0;0;0
"18/07/2023";"06:03:00";"32";"Acidente c";"92";"BR-290/RS";"Leste";"Colisão - Traseira";2;0;0;0;0;0;0;0;0;0;7;0;0;0;0
"18/07/2023";"03:52:00";"212";"Acidente s";"45";"BR-101/RS";"Sul";"Colisão - Lateral";1;0;0;1;0;0;0;0;0;0;37;0;0;0;0
"18/07/2023";"06:27:00";"249";"Acidente s";"373";"BR-386/RS";"Sul";"Atropelamento de Animal";1;0;0;0;0;0;0;0;0;0;0;1;0;0;0
"18/07/2023";"06:30:00";"250";"Acidente s";"328";"BR-386/RS";"Norte";"Colisão - Transversal";2;0;0;0;0;0;0;0;0;0;1;1;0;0;0
"18/07/2023";"06:40:00";"253";"Acidente s";"278";"BR-386/RS";"Sul";"Colisão - Traseira";2;0;0;0;0;0;0;0;0;0;1;0;0;0;0
"18/07/2023";"08:02:00";"266";"Acidente s";"435";"BR-386/RS";"Norte";"Colisão - Traseira";2;0;0;0;0;0;0;0;0;0;1;0;0;0;0
"19/07/2023";"01:09:00";"2";"Acidente s";"354";"BR-386/RS";"Norte";"Queda de Ponte/Viaduto";0;0;1;0;0;0;0;0;0;0;1;0;1;0;0
"19/07/2023";"06:16:00";"29";"Acidente s";"60";"BR-290/RS";"Leste";"Colisão - Traseira";1;0;0;0;0;0;0;1;0;0;6;0;0;0;0
"19/07/2023";"06:45:00";"36";"Acidente s";"8";"BR-290/RS";"Leste";"Colisão - Traseira";2;0;0;0;0;0;0;0;0;0;4;0;0;0;0
"19/07/2023";"03:40:00";"216";"Acidente s";"343.27";"BR-386/RS";"Norte";"Colisão - Traseira";2;0;0;0;0;0;0;0;0;0;7;2;0;0;0
"19/07/2023";"03:59:00";"220";"Acidente s";"61";"BR-290/RS";"Oeste";"Colisão - Traseira";2;0;0;0;0;0;0;0;0;0;10;0;0;0;0
"19/07/2023";"05:08:00";"230";"Acidente c";"273";"BR-386/RS";"Sul";"Colisão - Frontal";1;0;0;0;0;0;0;0;0;0;13;0;0;0;0
"19/07/2023";"09:21:00";"270";"Acidente s";"1";"BR-290/RS";"Oeste";"Tombamento";0;0;0;0;0;0;0;1;0;0;1;0;0;0;0
"19/07/2023";"09:41:00";"273";"Acidente s";"1";"BR-290/RS";"Oeste";"Colisão - Traseira";1;0;0;0;0;0;0;1;0;0;1;0;0;0;0
"19/07/2023";"11:12:00";"277";"Acidente s";"345";"BR-386/RS";"Norte";"Colisão - Transversal";1;0;1;0;0;0;0;0;0;0;2;0;0;0;0
"20/07/2023";"09:36:00";"142";"Acidente s";"307";"BR-386/RS";"Norte";"Colisão - Lateral";2;0;0;0;0;0;0;0;0;0;1;0;1;0;0
"20/07/2023";"11:27:00";"173";"Acidente c";"355";"BR-386/RS";"Norte";"Colisão - Traseira";1;0;1;1;0;0;0;0;0;0;4;0;2;0;0
"21/07/2023";"12:23:00";"3";"Acidente s";"4";"BR-448/RS";"Sul";"Choque Defensa";1;0;0;0;0;0;0;0;0;0;5;0;0;0;0
"21/07/2023";"08:10:00";"85";"Acidente s";"216";"BR-386/RS";"Sul";"Colisão - Lateral";2;0;0;0;0;0;0;0;0;0;2;0;0;0;0
"21/07/2023";"01:20:00";"180";"Acidente s";"225";"BR-386/RS";"Sul";"Colisão - Traseira";2;0;0;0;0;0;0;0;0;0;5;0;0;0;0
"21/07/2023";"01:50:00";"193";"Acidente s";"279";"BR-386/RS";"Norte";"Queda de moto";1;0;0;0;0;0;0;0;0;0;1;0;0;0;0
"21/07/2023";"01:56:00";"195";"Acidente s";"248";"BR-386/RS";"Norte";"Colisão - Lateral";2;0;0;0;0;0;0;0;0;0;2;0;1;0;0
"21/07/2023";"02:52:00";"210";"Acidente s";"271";"BR-386/RS";"Norte";"Colisão - Lateral";2;0;0;0;0;0;0;0;0;0;0;2;0;0;0
"21/07/2023";"03:56:00";"225";"Acidente s";"299";"BR-386/RS";"Norte";"Colisão - Lateral";1;0;0;0;0;0;0;1;0;0;2;0;0;0;0
"21/07/2023";"04:10:00";"229";"Acidente c";"325";"BR-386/RS";"Norte";"Engavetamento";3;0;0;0;0;0;0;0;0;0;2;0;0;0;0
"21/07/2023";"06:02:00";"266";"Acidente s";"21";"BR-448/RS";"Sul";"Engavetamento";3;0;0;0;0;0;0;0;0;0;3;0;0;0;0
"21/07/2023";"06:30:00";"275";"Acidente c";"343";"BR-386/RS";"Sul";"Colisão - Frontal";2;0;0;0;0;0;0;0;0;0;2;0;0;0;0
"21/07/2023";"07:17:00";"284";"Acidente s";"372";"BR-386/RS";"Ambos";"Saída de pista";1;0;0;0;0;0;0;0;0;0;1;0;0;0;0
"21/07/2023";"08:31:00";"304";"Acidente s";"40";"BR-101/RS";"Norte";"Atropelamento de Animal";0;0;0;0;0;2;0;0;0;0;3;0;0;0;0
"22/07/2023";"01:36:00";"20";"Acidente c";"241";"BR-386/RS";"Sul";"Queda de ribanceira";1;0;0;0;0;0;0;0;0;0;2;0;0;0;0
"22/07/2023";"05:21:00";"52";"Acidente s";"382";"BR-386/RS";"Sul";"Atropelamento de Animal";1;0;0;0;0;0;0;0;0;0;4;1;0;0;1
"22/07/2023";"10:25:00";"125";"Acidente s";"436";"BR-386/RS";"Norte";"Colisão - Lateral";2;0;0;0;0;0;0;0;0;0;1;0;0;0;0
"22/07/2023";"11:54:00";"144";"Acidente s";"70";"BR-290/RS";"Oeste";"Queda de moto";0;0;0;1;0;0;0;0;0;0;1;0;0;0;0
"22/07/2023";"04:18:00";"206";"Acidente s";"90";"BR-290/RS";"Leste";"Colisão - Traseira";1;0;0;0;0;0;0;0;0;1;3;0;0;0;0
"22/07/2023";"10:02:00";"279";"Acidente c";"75";"BR-290/RS";"Leste";"Colisão - Transversal";1;0;0;1;0;0;0;0;0;0;7;0;0;0;0
"22/07/2023";"10:27:00";"282";"Acidente s";"9";"BR-101/RS";"Norte";"Colisão - Traseira";1;0;0;0;0;0;0;1;0;0;3;0;0;0;0
"23/07/2023";"10:38:00";"64";"Acidente s";"11";"BR-290/RS";"Oeste";"Capotamento";1;0;0;0;0;0;0;0;0;0;1;0;1;0;0
"23/07/2023";"10:40:00";"65";"Acidente c";"419";"BR-386/RS";"Sul";"Colisão - Lateral";1;0;0;0;0;0;0;1;0;0;1;0;0;0;0
"23/07/2023";"11:23:00";"72";"Acidente c";"351";"BR-386/RS";"Norte";"Tombamento";0;0;0;0;0;1;0;0;0;0;2;0;0;0;0
"23/07/2023";"04:35:00";"135";"Acidente c";"397";"BR-386/RS";"Sul";"Choque Defensa";0;0;1;0;0;0;0;0;0;0;5;0;1;0;0
"23/07/2023";"05:18:00";"145";"Acidente s";"347";"BR-386/RS";"Sul";"Colisão - Traseira";2;0;0;0;0;0;0;0;0;0;1;0;0;0;0
"23/07/2023";"05:30:00";"149";"Acidente s";"419";"BR-386/RS";"Norte";"Saída de pista";1;0;0;0;0;0;0;0;0;0;3;0;0;0;0
"23/07/2023";"05:52:00";"156";"Acidente s";"35";"BR-101/RS";"Sul";"Colisão - Traseira";2;0;0;0;0;0;0;0;0;0;2;0;0;0;0
"23/07/2023";"08:20:00";"184";"Atropelame";"88";"BR-290/RS";"Leste";"Atropelamento - Usuário";0;0;0;1;0;0;0;0;0;0;1;0;0;0;0
"23/07/2023";"09:29:00";"194";"Acidente s";"10";"BR-448/RS";"Sul";"Queda de ribanceira";1;0;0;0;0;0;0;0;0;0;4;0;0;0;0
"24/07/2023";"03:07:00";"10";"Acidente s";"336";"BR-386/RS";"Norte";"Choque Talude";0;0;1;0;0;0;0;0;0;0;0;0;1;0;0
"24/07/2023";"04:54:00";"16";"Acidente c";"299";"BR-386/RS";"Sul";"Colisão - Frontal";1;0;0;0;0;0;0;1;0;0;5;0;0;0;0
"24/07/2023";"07:29:00";"56";"Acidente s";"14";"BR-448/RS";"Sul";"Saída de pista";1;0;0;0;0;0;0;0;0;0;0;0;1;0;0
"24/07/2023";"07:33:00";"59";"Acidente c";"92";"BR-290/RS";"Oeste";"Queda de moto";0;0;0;1;0;0;0;0;0;0;0;1;0;0;0
"24/07/2023";"08:08:00";"84";"Acidente s";"343";"BR-386/RS";"Sul";"Colisão - Traseira";1;0;1;0;0;0;0;0;0;0;7;0;0;0;0
"24/07/2023";"10:24:00";"154";"Acidente s";"94";"BR-290/RS";"Leste";"Colisão - Lateral";2;0;0;0;0;0;0;0;0;0;1;0;1;0;0
"24/07/2023";"01:20:00";"206";"Acidente s";"37";"BR-290/RS";"Oeste";"Saída de pista";1;0;0;0;0;0;0;0;0;0;1;0;1;0;0
"24/07/2023";"02:27:00";"226";"Acidente s";"77";"BR-290/RS";"Oeste";"Colisão - Lateral";2;0;0;0;0;0;0;0;0;0;1;0;1;0;0
"24/07/2023";"06:03:00";"284";"Acidente s";"30";"BR-101/RS";"Norte";"Saída de pista";1;0;0;0;0;0;0;0;0;0;0;0;2;0;0
"24/07/2023";"07:22:00";"304";"Acidente s";"92";"BR-290/RS";"Leste";"Colisão - Lateral";1;0;1;0;0;0;0;0;0;0;0;0;1;0;0
"24/07/2023";"07:29:00";"305";"Acidente s";"440";"BR-386/RS";"Norte";"Saída de pista";1;0;0;0;0;0;0;0;0;0;6;0;0;0;0
"24/07/2023";"08:08:00";"312";"Acidente s";"232.17";"BR-386/RS";"Sul";"Queda de ribanceira";1;0;0;0;0;0;0;0;0;0;1;0;0;0;0
"24/07/2023";"08:50:00";"320";"Acidente s";"346";"BR-386/RS";"Norte";"Queda de ribanceira";1;0;0;0;0;0;0;0;0;0;0;1;0;0;0
"24/07/2023";"09:19:00";"327";"Acidente s";"423";"BR-386/RS";"Norte";"Saída de pista";1;0;0;0;0;0;0;0;0;0;2;0;0;0;0
"24/07/2023";"09:35:00";"330";"Acidente s";"350";"BR-386/RS";"Norte";"Engavetamento";3;0;0;0;0;0;0;0;0;0;0;2;0;0;0
"25/07/2023";"04:28:00";"22";"Acidente s";"34";"BR-101/RS";"Sul";"Saída de pista";1;0;0;0;0;0;0;0;0;0;2;0;0;0;0
"25/07/2023";"07:42:00";"73";"Acidente s";"321";"BR-386/RS";"Sul";"Saída de pista";0;0;1;0;0;0;0;0;0;0;2;0;0;0;0
"25/07/2023";"11:07:00";"148";"Acidente s";"189";"BR-386/RS";"Sul";"Colisão - Traseira";1;0;0;0;0;0;0;1;0;0;1;0;1;0;0
"25/07/2023";"12:53:00";"170";"Acidente c";"238";"BR-386/RS";"Norte";"Capotamento";1;0;0;0;0;0;0;0;0;0;4;0;0;0;0
"25/07/2023";"01:57:00";"181";"Acidente s";"2";"BR-290/RS";"Oeste";"Saída de pista";1;0;0;0;0;0;0;0;0;0;1;0;1;0;0
"25/07/2023";"04:56:00";"216";"Acidente s";"41";"BR-101/RS";"Norte";"Saída de pista";1;0;0;0;0;0;0;0;0;0;1;0;0;0;0
"25/07/2023";"05:12:00";"219";"Acidente s";"234";"BR-386/RS";"Sul";"Colisão - Transversal";2;0;0;0;0;0;0;0;0;0;1;0;0;0;0
"25/07/2023";"07:22:00";"255";"Acidente s";"89";"BR-290/RS";"Leste";"Colisão - Lateral";1;0;0;0;0;0;0;1;0;0;0;1;0;0;0
"25/07/2023";"08:15:00";"264";"Acidente s";"86";"BR-290/RS";"Leste";"Colisão - Lateral";2;0;0;0;0;0;0;0;0;0;2;0;0;0;0
"26/07/2023";"06:14:00";"314";"Acidente s";"368";"BR-386/RS";"Sul";"Colisão - Traseira";1;0;0;0;0;0;0;1;0;0;1;1;0;0;0
"26/07/2023";"07:00:00";"333";"Acidente s";"236";"BR-386/RS";"Norte";"Colisão - Traseira";2;0;0;0;0;0;0;0;0;0;3;0;0;0;0
"26/07/2023";"07:28:00";"351";"Acidente s";"80";"BR-290/RS";"Leste";"Colisão - Lateral";1;0;1;0;0;0;0;0;0;0;2;1;0;0;0
"26/07/2023";"08:47:00";"391";"Acidente s";"359";"BR-386/RS";"Norte";"Saída de pista";1;0;0;0;0;0;0;0;0;0;1;0;0;0;0
"26/07/2023";"11:31:00";"444";"Acidente s";"252";"BR-386/RS";"Norte";"Colisão - Traseira";0;0;0;0;0;0;0;2;0;0;1;0;0;0;0
"26/07/2023";"12:26:00";"453";"Acidente s";"426";"BR-386/RS";"Sul";"Colisão - Lateral";1;0;1;0;0;0;0;0;0;0;2;0;0;0;0
"26/07/2023";"05:10:00";"516";"Acidente c";"266";"BR-386/RS";"Norte";"Capotamento";1;0;0;0;0;0;0;0;0;0;4;0;0;0;0
"26/07/2023";"05:56:00";"529";"Acidente c";"438";"BR-386/RS";"Norte";"Saída de pista";1;0;0;0;0;0;0;0;0;0;3;0;0;0;0
"26/07/2023";"08:47:00";"552";"Acidente s";"1";"BR-290/RS";"Oeste";"Saída de pista";3;0;0;0;0;0;0;0;0;0;2;0;0;0;0
"27/07/2023";"12:09:00";"1";"Acidente s";"96";"BR-290/RS";"Leste";"Colisão - Frontal";2;0;0;0;0;0;0;0;0;0;2;0;0;0;0
"27/07/2023";"06:36:00";"13";"Acidente s";"82";"BR-290/RS";"Oeste";"Colisão - Lateral";1;0;0;0;0;1;0;0;0;0;2;0;0;0;0
"27/07/2023";"07:38:00";"42";"Acidente s";"91";"BR-290/RS";"Leste";"Colisão - Traseira";2;0;0;0;0;0;0;0;0;0;1;0;0;0;0
"27/07/2023";"08:15:00";"63";"Acidente c";"82.56";"BR-290/RS";"Oeste";"Engavetamento";3;0;0;0;0;0;0;0;0;0;2;0;0;0;0
"27/07/2023";"04:02:00";"187";"Atropelame";"350";"BR-386/RS";"Sul";"Atropelamento - Usuário";0;0;1;0;0;0;0;0;0;0;2;0;0;0;0
"27/07/2023";"04:48:00";"196";"Acidente s";"310";"BR-386/RS";"Sul";"Colisão - Traseira";1;0;0;0;0;0;0;0;0;1;1;0;0;0;0
"27/07/2023";"06:17:00";"214";"Acidente s";"92";"BR-290/RS";"Leste";"Tombamento";2;0;0;0;0;0;0;0;0;0;1;0;0;0;0
"27/07/2023";"07:19:00";"221";"Acidente s";"388";"BR-386/RS";"Sul";"Atropelamento de Animal";1;0;0;0;0;0;0;0;0;0;3;0;0;0;0
"27/07/2023";"08:38:00";"232";"Acidente c";"19";"BR-101/RS";"Sul";"Colisão - Lateral";0;0;1;1;0;0;0;1;0;0;2;0;0;0;0
"27/07/2023";"10:05:00";"244";"Acidente c";"13";"BR-448/RS";"Sul";"Queda de moto";0;0;0;1;0;0;0;0;0;0;2;0;0;0;0
"28/07/2023";"12:14:00";"1";"Acidente c";"399";"BR-386/RS";"Norte";"Saída de pista";1;0;0;0;0;0;0;0;0;0;1;0;0;0;0
"28/07/2023";"05:01:00";"17";"Acidente s";"406";"BR-386/RS";"Sul";"Saída de pista";0;0;0;0;0;0;0;0;0;1;2;0;0;0;0
"28/07/2023";"06:35:00";"30";"Acidente s";"88";"BR-290/RS";"Oeste";"Colisão - Lateral";1;0;0;0;0;0;0;1;0;0;1;1;3;1;0
"28/07/2023";"07:53:00";"61";"Acidente s";"255";"BR-386/RS";"Sul";"Saída de pista";1;0;0;0;0;0;0;0;0;0;1;0;0;0;0
"28/07/2023";"09:55:00";"103";"Acidente s";"350";"BR-386/RS";"Norte";"Colisão - Lateral";1;0;0;0;0;0;0;0;0;1;1;0;0;0;0
"28/07/2023";"11:40:00";"131";"Acidente s";"9";"BR-290/RS";"Leste";"Queda de moto";0;0;0;1;0;0;0;0;0;0;1;0;0;0;0
"28/07/2023";"03:51:00";"203";"Acidente c";"385";"BR-386/RS";"Norte";"Colisão - Traseira";0;0;2;0;0;0;0;0;0;0;1;0;0;0;0
"28/07/2023";"06:45:00";"247";"Acidente c";"6";"BR-290/RS";"Oeste";"Capotamento";1;0;0;0;0;0;0;0;0;0;6;1;0;0;0
"28/07/2023";"07:57:00";"257";"Acidente s";"435";"BR-386/RS";"Sul";"Colisão - Traseira";2;0;0;0;0;0;0;0;0;0;1;0;0;0;0
"28/07/2023";"08:13:00";"260";"Acidente s";"352";"BR-386/RS";"Norte";"Queda de ribanceira";1;0;0;0;0;0;0;0;0;0;7;2;1;0;0
"29/07/2023";"06:39:00";"29";"Acidente s";"78";"BR-290/RS";"Oeste";"Choque Barreira";1;0;0;0;0;0;0;0;0;0;0;1;0;0;0
"29/07/2023";"03:04:00";"154";"Acidente s";"95";"BR-290/RS";"Oeste";"Colisão - Traseira";2;0;0;0;0;0;0;0;0;0;3;0;0;0;0
"30/07/2023";"06:24:00";"29";"Acidente c";"248";"BR-386/RS";"Sul";"Atropelamento de Animal";1;0;0;0;0;0;0;0;0;0;2;0;0;0;0
"30/07/2023";"08:18:00";"51";"Acidente c";"74";"BR-101/RS";"Sul";"Saída de pista";1;0;0;0;0;0;0;0;0;0;5;0;0;0;0
"30/07/2023";"12:39:00";"85";"Acidente c";"362";"BR-386/RS";"Sul";"Colisão - Lateral";1;0;0;1;0;0;0;0;0;0;2;0;0;0;1
"30/07/2023";"02:04:00";"100";"Acidente s";"20";"BR-448/RS";"Sul";"Queda de moto";0;0;0;1;0;0;0;0;0;0;1;0;1;0;0
"30/07/2023";"03:05:00";"108";"Acidente s";"21.38";"BR-290/RS";"Oeste";"Saída de pista";0;0;0;0;0;0;0;0;0;1;3;1;0;0;0
"30/07/2023";"04:31:00";"125";"Acidente s";"333";"BR-386/RS";"Sul";"Colisão - Traseira";2;0;0;0;0;0;0;0;0;0;2;0;0;0;0
"30/07/2023";"07:48:00";"186";"Acidente s";"216";"BR-386/RS";"Sul";"Capotamento";1;0;0;0;0;0;0;0;0;0;2;0;0;0;0
"30/07/2023";"09:21:00";"204";"Acidente s";"374";"BR-386/RS";"Sul";"Colisão - Traseira";2;0;0;0;0;0;0;0;0;0;2;0;0;0;0
"30/07/2023";"10:43:00";"211";"Acidente s";"326";"BR-386/RS";"Sul";"Colisão - Lateral";2;0;0;0;0;0;0;0;0;0;5;0;0;0;0
"30/07/2023";"11:04:00";"214";"Acidente c";"350";"BR-386/RS";"Sul";"Choque Barreira";1;0;0;0;0;0;0;0;0;0;2;0;0;0;0
"31/07/2023";"12:08:00";"173";"Acidente s";"245";"BR-386/RS";"Norte";"Colisão - Lateral";2;0;0;0;0;0;0;0;0;0;3;0;0;0;0
"31/07/2023";"02:55:00";"216";"Acidente c";"351";"BR-386/RS";"Sul";"Queda de moto";1;0;0;0;0;0;0;0;0;0;1;1;0;0;0
"31/07/2023";"06:40:00";"256";"Acidente s";"354";"BR-386/RS";"Norte";"Colisão - Transversal";2;0;0;0;0;0;0;0;0;0;4;0;0;0;0
"01/08/2023";"08:08:00";"83";"Acidente s";"20";"BR-448/RS";"Sul";"Colisão - Traseira";2;0;0;0;0;0;0;0;0;0;1;0;0;0;0
"01/08/2023";"10:26:00";"144";"Acidente s";"85";"BR-290/RS";"Leste";"Choque Barreira";1;0;0;0;0;0;0;0;0;0;1;0;0;0;0
"01/08/2023";"05:01:00";"222";"Acidente s";"435";"BR-386/RS";"Sul";"Colisão - Traseira";2;0;0;0;0;0;0;0;0;0;2;0;0;0;0
"01/08/2023";"05:38:00";"228";"Acidente c";"79";"BR-290/RS";"Leste";"Queda de moto";0;0;0;1;0;0;0;0;0;0;0;1;0;0;0
"02/08/2023";"11:40:00";"142";"Acidente c";"38";"BR-290/RS";"Oeste";"Choque Defensa";1;0;0;0;0;0;0;0;0;0;0;1;0;0;0
"02/08/2023";"03:42:00";"185";"Acidente s";"318";"BR-386/RS";"Sul";"Saída de pista";1;0;0;0;0;0;0;0;0;0;1;0;0;0;0
"02/08/2023";"04:48:00";"197";"Acidente s";"421";"BR-386/RS";"Norte";"Engavetamento";3;0;0;0;0;0;0;0;0;0;4;0;0;0;0
"02/08/2023";"06:07:00";"218";"Acidente s";"345.5";"BR-386/RS";"Ambos";"Colisão - Lateral";1;0;0;0;0;0;0;0;0;0;1;0;0;0;0
"02/08/2023";"06:16:00";"221";"Acidente s";"341";"BR-386/RS";"Sul";"Colisão - Traseira";2;0;0;0;0;0;0;0;0;0;4;0;0;0;0
"02/08/2023";"07:33:00";"231";"Acidente s";"411";"BR-386/RS";"Sul";"Colisão - Traseira";1;0;0;0;0;1;0;0;0;0;1;0;0;0;0
"02/08/2023";"08:56:00";"238";"Acidente s";"270";"BR-386/RS";"Sul";"Choque com veículo no acostamento";0;0;0;0;0;0;0;2;0;0;4;0;0;0;0
"03/08/2023";"03:16:00";"11";"Acidente s";"64.6";"BR-290/RS";"Leste";"Queda de ribanceira";1;0;0;0;0;0;0;0;0;0;2;0;0;0;0
"03/08/2023";"03:49:00";"13";"Acidente s";"440.35";"BR-386/RS";"Sul";"Atropelamento de Animal";0;0;0;0;0;0;0;1;0;0;1;0;0;0;0
"03/08/2023";"06:04:00";"22";"Acidente s";"351.25";"BR-386/RS";"Norte";"Colisão - Lateral";1;0;0;1;0;0;0;0;0;0;3;0;0;0;0
"03/08/2023";"04:09:00";"202";"Acidente s";"81.8";"BR-290/RS";"Leste";"Choque - Sinalização";1;0;0;0;0;0;0;0;0;0;1;0;0;0;0
"03/08/2023";"05:29:00";"210";"Acidente s";"223.2";"BR-386/RS";"Norte";"Engavetamento";1;0;0;0;0;0;0;1;0;1;4;0;0;0;0
"03/08/2023";"06:02:00";"218";"Acidente s";"353";"BR-386/RS";"Norte";"Saída de pista";1;0;0;0;0;0;0;0;0;0;1;0;0;0;0
"03/08/2023";"06:45:00";"227";"Acidente c";"218.2";"BR-386/RS";"Norte";"Engavetamento";4;0;0;0;0;0;0;0;0;0;3;0;1;0;0
"03/08/2023";"08:23:00";"248";"Acidente s";"344.7";"BR-386/RS";"Norte";"Queda de ribanceira";1;0;0;0;0;0;0;0;0;0;2;0;0;0;0
"03/08/2023";"09:53:00";"264";"Acidente s";"298";"BR-386/RS";"Sul";"Saída de pista";1;0;0;0;0;0;0;0;0;0;1;0;0;0;0
"04/08/2023";"01:18:00";"14";"Acidente c";"438.95";"BR-386/RS";"Sul";"Colisão - Lateral";1;0;1;0;0;0;0;0;0;0;1;0;0;0;2
"04/08/2023";"05:41:00";"26";"Acidente s";"18.3";"BR-448/RS";"Norte";"Capotamento";1;0;0;0;0;0;0;0;0;0;1;0;0;0;0
"04/08/2023";"07:05:00";"56";"Acidente s";"82.07";"BR-290/RS";"Oeste";"Engavetamento";3;0;0;0;0;0;0;0;0;0;3;0;0;0;0
"04/08/2023";"11:14:00";"143";"Acidente c";"180";"BR-386/RS";"Sul";"Saída de pista";0;0;0;0;0;0;0;1;0;0;0;1;0;0;0
"04/08/2023";"12:12:00";"156";"Acidente s";"247.4";"BR-386/RS";"Sul";"Choque com objeto sobre a pista";1;0;1;0;0;0;0;0;0;0;5;0;0;0;0
"04/08/2023";"02:24:00";"183";"Acidente s";"27.51";"BR-290/RS";"Leste";"Saída de pista";1;0;0;0;0;0;0;0;0;0;2;0;0;0;0
"04/08/2023";"03:21:00";"197";"Acidente c";"440.9";"BR-386/RS";"Sul";"Tombamento";0;0;0;0;0;0;0;1;0;0;0;0;0;0;1
"05/08/2023";"04:31:00";"14";"Acidente c";"318";"BR-386/RS";"Sul";"Choque Talude";1;0;0;0;0;0;0;0;0;0;0;1;0;0;0
"05/08/2023";"06:43:00";"20";"Acidente c";"296";"BR-386/RS";"Norte";"Saída de pista";1;0;0;0;0;0;0;0;0;0;3;1;0;0;0
"05/08/2023";"07:27:00";"33";"Acidente s";"85";"BR-290/RS";"Leste";"Capotamento";1;0;0;0;0;0;0;0;0;0;1;0;0;0;0
"05/08/2023";"11:58:00";"112";"Acidente s";"317.5";"BR-386/RS";"Sul";"Colisão - Lateral";2;0;0;0;0;0;0;0;0;0;3;0;0;0;0