data;horario;n_da_ocorrencia;tipo_de_ocorrencia;km;trecho;sentido;tipo_de_acidente;automovel;bicicleta;caminhao;moto;onibus;outros;tracao_animal;transporte_de_cargas_especiais;trator_maquinas;utilitarios;ilesos;levemente_feridos;moderadamente_feridos;gravemente_feridos;mortos
"12/09/2023";"07:41:00";"273";"Acidente s";"22.1";"BR-448/RS";"Norte";"Choque Barreira";0;0;0;0;0;0;0;0;0;0;1;0;0;0;0
"12/09/2023";"08:34:00";"279";"Acidente s";"304.2";"BR-386/RS";"Norte";"Tombamento";0;0;0;0;0;0;0;0;0;1;1;0;0;0;0
"12/09/2023";"10:10:00";"290";"Acidente s";"436.1";"BR-386/RS";"Sul";"Queda de ribanceira";0;0;0;0;0;0;0;0;0;0;1;0;0;0;0
"13/09/2023";"05:19:00";"22";"Acidente s";"92.1";"BR-290/RS";"Leste";"Saída de pista";0;0;0;0;0;0;0;0;0;0;1;0;0;0;0
"13/09/2023";"11:05:00";"115";"Acidente s";"22.05";"BR-290/RS";"Oeste";"Saída de pista";0;0;0;0;0;0;0;0;0;0;1;0;0;0;0
"13/09/2023";"11:49:00";"124";"Acidente c";"308.9";"BR-386/RS";"Norte";"Saída de pista";1;0;0;0;0;0;0;0;0;0;1;1;0;0;0
"13/09/2023";"12:57:00";"137";"Acidente s";"64";"BR-290/RS";"Oeste";"Saída de pista";0;0;0;0;0;0;0;0;0;0;1;0;0;0;0
"13/09/2023";"02:14:00";"150";"Acidente s";"10";"BR-290/RS";"Leste";"Capotamento";0;0;0;0;0;0;0;0;0;0;1;0;0;0;0
"13/09/2023";"02:43:00";"156";"Acidente s";"94.17";"BR-290/RS";"Oeste";"Colisão - Traseira";0;0;0;2;0;0;0;0;0;0;2;0;0;0;0
"13/09/2023";"05:25:00";"181";"Acidente s";"90.02";"BR-290/RS";"Leste";"Engavetamento";0;0;0;0;0;0;0;0;2;0;4;0;0;0;0
"13/09/2023";"06:53:00";"196";"Acidente s";"348";"BR-386/RS";"Sul";"Colisão - Traseira";0;0;0;0;0;0;0;0;0;1;3;0;0;0;0
"13/09/2023";"08:54:00";"230";"Acidente s";"219";"BR-386/RS";"Sul";"Colisão - Transversal";0;0;0;0;0;0;0;0;0;0;2;0;0;0;0
"13/09/2023";"09:16:00";"232";"Acidente s";"34.59";"BR-290/RS";"Oeste";"Colisão - Traseira";0;0;0;0;0;0;0;0;0;0;6;0;0;0;0
"13/09/2023";"09:35:00";"234";"Acidente s";"22";"BR-448/RS";"Norte";"Colisão - Lateral";0;0;0;0;0;0;0;0;0;0;3;0;0;0;0
"14/09/2023";"05:54:00";"37";"Acidente s";"414.11";"BR-386/RS";"Sul";"Saída de pista";0;0;0;0;0;0;0;0;0;0;3;0;0;0;0
"14/09/2023";"07:29:00";"84";"Acidente c";"350.8";"BR-386/RS";"Norte";"Engavetamento";0;0;0;0;0;0;0;0;0;0;3;1;0;0;0
"14/09/2023";"08:03:00";"105";"Acidente s";"215.5";"BR-386/RS";"Sul";"Colisão - Lateral";0;0;1;1;0;0;0;0;0;0;2;0;0;0;0
"14/09/2023";"04:18:00";"244";"Acidente c";"357.1";"BR-386/RS";"Norte";"Queda de ribanceira";0;0;1;0;0;0;0;0;0;0;0;1;0;0;0
"14/09/2023";"04:36:00";"250";"Acidente s";"81.95";"BR-290/RS";"Leste";"Colisão - Traseira";0;0;0;0;0;0;0;0;0;0;3;0;0;0;0
"14/09/2023";"05:08:00";"258";"Acidente s";"17";"BR-448/RS";"Sul";"Queda de moto";0;0;0;0;1;0;0;0;0;0;1;0;0;0;0
"14/09/2023";"07:47:00";"300";"Acidente s";"86.44";"BR-290/RS";"Leste";"Saída de pista";0;0;0;0;0;0;0;0;0;0;4;0;0;0;0
"15/09/2023";"05:48:00";"41";"Acidente s";"60";"BR-290/RS";"Oeste";"Choque Barreira";0;0;0;1;0;0;0;0;0;0;51;0;0;0;0
"15/09/2023";"08:00:00";"124";"Acidente s";"7";"BR-448/RS";"Sul";"Colisão - Traseira";0;0;0;0;0;0;0;0;0;0;2;0;0;0;0
"15/09/2023";"08:57:00";"146";"Acidente s";"214.8";"BR-386/RS";"Sul";"Tombamento";0;0;1;0;0;0;0;0;0;0;1;0;0;0;0
"15/09/2023";"09:00:00";"148";"Acidente c";"96";"BR-290/RS";"Oeste";"Colisão - Traseira";0;0;0;0;1;0;0;0;0;0;1;1;0;0;0
"15/09/2023";"09:47:00";"162";"Acidente s";"305.09";"BR-386/RS";"Norte";"Colisão - Traseira";0;0;0;0;0;0;0;0;0;0;6;0;0;0;0
"15/09/2023";"02:16:00";"227";"Acidente s";"75";"BR-290/RS";"Oeste";"Saída de pista";0;0;0;0;0;0;0;0;0;0;1;0;0;0;0
"15/09/2023";"02:47:00";"237";"Acidente c";"62.5";"BR-290/RS";"Leste";"Capotamento";0;0;0;0;0;0;0;0;0;0;0;3;2;0;0
"15/09/2023";"03:57:00";"250";"Acidente c";"57.4";"BR-101/RS";"Sul";"Saída de pista";0;0;0;0;0;0;0;0;0;0;0;2;0;0;0
"15/09/2023";"04:45:00";"262";"Acidente s";"85";"BR-290/RS";"Oeste";"Engavetamento";0;0;0;0;0;0;0;0;0;0;8;0;0;0;0
"15/09/2023";"09:28:00";"323";"Acidente s";"50.6";"BR-101/RS";"Norte";"Saída de pista";0;0;0;0;0;0;0;0;0;0;4;0;0;0;0
"16/09/2023";"12:49:00";"8";"Acidente s";"75";"BR-290/RS";"Leste";"Colisão - Traseira";1;0;0;0;0;0;0;0;0;0;3;0;0;0;0
"16/09/2023";"04:49:00";"36";"Acidente s";"389.19";"BR-386/RS";"Norte";"Saída de pista";0;0;0;0;0;0;0;0;0;0;5;0;0;0;0
"16/09/2023";"05:20:00";"37";"Acidente c";"404.26";"BR-386/RS";"Norte";"Colisão - Lateral";0;0;0;0;0;0;0;0;1;0;1;0;1;0;0
"16/09/2023";"06:12:00";"44";"Acidente s";"235";"BR-386/RS";"Sul";"Colisão - Traseira";0;0;1;0;0;0;0;0;0;0;2;0;0;0;0
"16/09/2023";"06:36:00";"47";"Acidente s";"1";"BR-290/RS";"Leste";"Saída de pista";0;0;0;0;0;0;0;0;0;0;2;0;0;0;0
"16/09/2023";"10:58:00";"140";"Acidente s";"368.02";"BR-386/RS";"Norte";"Choque Defensa";0;0;1;0;0;0;0;0;0;0;3;0;0;0;0
"16/09/2023";"11:53:00";"159";"Acidente s";"262.1";"BR-386/RS";"Norte";"Colisão - Traseira";0;0;0;0;0;0;0;0;0;0;9;0;0;0;0
"16/09/2023";"04:21:00";"226";"Acidente s";"343.2";"BR-386/RS";"Norte";"Colisão - Traseira";0;0;0;0;0;0;0;0;0;0;2;0;0;0;0
"16/09/2023";"04:36:00";"230";"Acidente s";"343.25";"BR-386/RS";"Sul";"Engavetamento";0;0;0;0;0;0;0;0;0;0;4;0;0;0;0
"16/09/2023";"07:20:00";"270";"Acidente c";"94.17";"BR-290/RS";"Leste";"Colisão - Traseira";1;0;0;0;1;0;0;0;0;0;6;0;2;0;0
"16/09/2023";"11:05:00";"302";"Acidente s";"40";"BR-290/RS";"Oeste";"Saída de pista";0;0;1;0;0;0;0;0;0;0;1;0;0;0;0
"17/09/2023";"12:05:00";"1";"Acidente s";"50.1";"BR-101/RS";"Sul";"Saída de pista";0;0;0;0;0;0;0;0;0;0;1;0;0;0;0
"17/09/2023";"04:07:00";"173";"Acidente c";"80.2";"BR-101/RS";"Sul";"Queda de moto";0;0;0;0;1;0;0;0;0;0;1;1;0;0;0
"17/09/2023";"07:10:00";"239";"Atropelame";"410.6";"BR-386/RS";"Norte";"Atropelamento - Usuário";0;0;0;0;0;0;0;0;0;0;4;0;0;1;0
"17/09/2023";"08:05:00";"255";"Acidente c";"389.3";"BR-386/RS";"Sul";"Colisão - Transversal";0;0;0;0;1;0;0;0;0;0;2;2;0;0;0
"17/09/2023";"10:28:00";"290";"Acidente c";"69.2";"BR-290/RS";"Oeste";"Queda de moto";0;0;0;0;0;0;0;0;0;0;0;1;0;0;0
"18/09/2023";"09:02:00";"146";"Acidente s";"75";"BR-290/RS";"Oeste";"Colisão - Traseira";0;0;0;0;0;0;0;0;0;0;2;0;0;0;0
"18/09/2023";"09:18:00";"150";"Acidente c";"241.2";"BR-386/RS";"Sul";"Colisão - Frontal";0;0;0;0;0;0;2;0;0;1;1;0;0;0;2
"18/09/2023";"12:05:00";"198";"Acidente s";"373";"BR-386/RS";"Sul";"Colisão - Lateral";0;0;1;0;0;0;0;0;0;0;3;0;0;0;0
"18/09/2023";"12:44:00";"206";"Acidente s";"352";"BR-386/RS";"Norte";"Teste Wanderson";0;0;0;0;0;0;0;0;0;0;1;0;0;0;0
"18/09/2023";"12:45:00";"207";"Acidente s";"352";"BR-386/RS";"Sul";"Saída de pista";0;0;0;0;0;0;0;0;0;0;2;0;0;0;0
"18/09/2023";"12:48:00";"209";"Acidente c";"86";"BR-290/RS";"Leste";"Colisão - Lateral";0;0;0;0;0;0;0;0;0;1;1;1;1;0;0
"18/09/2023";"03:15:00";"237";"Acidente s";"63.8";"BR-290/RS";"Oeste";"Saída de pista";0;0;0;0;0;0;0;0;0;0;1;0;0;0;0
"18/09/2023";"03:48:00";"250";"Acidente s";"347";"BR-386/RS";"Sul";"Engavetamento";1;0;0;1;0;0;0;0;0;0;4;0;0;0;0
"18/09/2023";"03:59:00";"252";"Acidente s";"305.4";"BR-386/RS";"Norte";"Capotamento";0;0;0;0;0;0;0;0;0;0;3;0;0;0;0
"18/09/2023";"06:49:00";"277";"Acidente s";"342.8";"BR-386/RS";"Sul";"Colisão - Transversal";0;0;0;0;0;0;0;0;0;0;3;0;0;0;0
"18/09/2023";"08:06:00";"289";"Acidente s";"367.15";"BR-386/RS";"Sul";"Saída de pista";0;0;0;0;0;0;0;0;0;0;2;0;0;0;0
"19/09/2023";"06:46:00";"43";"Acidente s";"402";"BR-386/RS";"Sul";"Colisão - Lateral";1;0;0;0;0;0;0;0;0;0;4;0;0;0;0
"19/09/2023";"08:18:00";"86";"Acidente s";"15.2";"BR-448/RS";"Sul";"Colisão - Traseira";0;0;0;0;0;0;0;0;0;0;3;0;0;0;0
"19/09/2023";"08:35:00";"93";"Acidente s";"36.4";"BR-290/RS";"Leste";"Saída de pista";0;0;0;0;0;0;0;0;0;0;3;0;0;0;0
"19/09/2023";"08:39:00";"95";"Acidente s";"88.1";"BR-290/RS";"Leste";"Colisão - Lateral";0;0;0;0;0;0;0;0;0;0;2;0;0;0;0
"19/09/2023";"09:22:00";"108";"Acidente s";"87.2";"BR-290/RS";"Leste";"Colisão - Traseira";0;0;0;0;0;0;0;0;0;0;2;0;0;0;0
"19/09/2023";"09:46:00";"113";"Acidente s";"38.8";"BR-101/RS";"Sul";"Choque Defensa";0;0;0;0;0;0;0;0;0;0;1;0;0;0;0
"19/09/2023";"02:47:00";"172";"Acidente s";"22";"BR-448/RS";"Norte";"Colisão - Lateral";0;0;0;0;0;0;0;0;0;1;5;0;0;0;0
"19/09/2023";"05:31:00";"206";"Acidente s";"350";"BR-386/RS";"Norte";"Colisão - Transversal";0;0;1;0;0;0;0;0;0;0;2;0;0;0;0
"19/09/2023";"06:41:00";"224";"Acidente s";"349.98";"BR-386/RS";"Norte";"Colisão - Transversal";0;0;0;0;0;0;0;0;1;0;6;0;0;0;0
"20/09/2023";"03:23:00";"29";"Acidente s";"245";"BR-386/RS";"Sul";"Choque Talude";0;0;0;0;0;0;0;0;0;0;4;0;0;0;0
"20/09/2023";"05:40:00";"36";"Acidente c";"349.9";"BR-386/RS";"Norte";"Choque Barreira";0;0;0;0;0;0;0;0;0;0;0;0;2;0;0
"21/09/2023";"07:43:00";"89";"Acidente c";"343";"BR-386/RS";"Sul";"Colisão - Frontal";0;0;0;0;1;0;0;0;0;0;2;1;0;0;0
"21/09/2023";"08:29:00";"117";"Acidente s";"92";"BR-290/RS";"Leste";"Colisão - Lateral";0;0;0;0;1;0;0;0;0;0;2;0;0;0;0
"21/09/2023";"08:47:00";"126";"Acidente s";"299";"BR-386/RS";"Norte";"Colisão - Lateral";0;0;0;0;0;0;0;0;0;0;2;0;0;0;0
"21/09/2023";"06:32:00";"299";"Acidente s";"55.45";"BR-290/RS";"Leste";"Choque Barreira";0;0;0;0;0;0;0;0;0;0;2;0;0;0;0
"22/09/2023";"01:40:00";"15";"Acidente s";"41.9";"BR-290/RS";"Leste";"Saída de pista";0;0;0;0;0;0;0;0;0;0;1;0;0;0;0
"22/09/2023";"07:58:00";"69";"Acidente s";"79.8";"BR-290/RS";"Oeste";"Saída de pista";0;0;0;0;0;0;0;0;0;0;2;0;0;0;0
"22/09/2023";"07:59:00";"70";"Acidente s";"275.3";"BR-386/RS";"Norte";"Saída de pista";0;0;0;0;0;0;0;0;0;0;2;0;0;0;0
"22/09/2023";"08:59:00";"83";"Acidente s";"11";"BR-290/RS";"Leste";"Saída de pista";0;0;0;0;0;0;0;0;0;0;4;0;0;0;0
"22/09/2023";"10:23:00";"112";"Acidente s";"307";"BR-386/RS";"Sul";"Colisão - Transversal";0;0;0;0;0;0;0;0;0;0;6;0;0;0;0
"22/09/2023";"12:08:00";"139";"Acidente s";"292";"BR-386/RS";"Sul";"Saída de pista";0;0;0;0;0;0;0;0;0;0;1;0;0;0;0
"22/09/2023";"12:43:00";"155";"Acidente s";"86.3";"BR-290/RS";"Leste";"Colisão - Lateral";0;0;0;0;1;0;0;0;0;0;2;0;0;0;0
"22/09/2023";"02:17:00";"194";"Acidente s";"345.3";"BR-386/RS";"Norte";"Engavetamento";0;0;0;0;0;0;0;0;0;0;3;0;0;0;0
"22/09/2023";"03:18:00";"208";"Acidente c";"360.3";"BR-386/RS";"Sul";"Capotamento";0;0;0;0;0;0;0;0;0;0;0;1;0;0;0
"22/09/2023";"03:57:00";"219";"Acidente c";"86";"BR-101/RS";"Sul";"Colisão - Traseira";0;0;0;0;0;0;0;0;0;0;5;1;0;0;0
"22/09/2023";"04:37:00";"225";"Acidente s";"375";"BR-386/RS";"Norte";"Colisão - Traseira";0;0;0;0;0;0;0;0;0;0;2;0;0;0;0
"22/09/2023";"04:44:00";"227";"Acidente c";"31.01";"BR-101/RS";"Sul";"Colisão - Lateral";0;0;0;0;1;0;1;0;0;0;0;0;1;0;1
"22/09/2023";"05:30:00";"245";"Acidente s";"22";"BR-448/RS";"Sul";"Queda de moto";0;0;0;0;2;0;0;0;0;0;1;0;0;0;0
"22/09/2023";"05:52:00";"255";"Acidente s";"275";"BR-386/RS";"Sul";"Colisão - Lateral";0;0;0;0;0;0;0;0;0;1;2;0;0;0;0
"22/09/2023";"07:29:00";"288";"Acidente c";"305.9";"BR-386/RS";"Sul";"Colisão - Traseira";0;0;0;0;0;0;0;0;0;1;1;1;0;0;0
"22/09/2023";"08:01:00";"293";"Acidente s";"75.16";"BR-290/RS";"Leste";"Colisão - Traseira";0;0;0;0;0;0;0;0;1;0;6;0;0;0;0
"22/09/2023";"08:19:00";"297";"Acidente s";"436";"BR-386/RS";"Norte";"Saída de pista";0;0;0;0;0;0;0;0;0;0;1;0;0;0;0
"22/09/2023";"09:55:00";"318";"Acidente s";"344";"BR-386/RS";"Sul";"Saída de pista";0;0;0;0;0;0;0;0;0;0;2;0;0;0;0
"23/09/2023";"12:00:00";"1";"Acidente s";"60.18";"BR-290/RS";"Oeste";"Choque - Pilar";0;0;0;0;0;0;0;0;0;1;1;0;0;0;0
"23/09/2023";"06:03:00";"38";"Acidente s";"299.2";"BR-386/RS";"Norte";"Saída de pista";0;0;0;0;0;0;0;0;0;0;1;0;0;0;0
"23/09/2023";"07:09:00";"57";"Acidente s";"305.3";"BR-386/RS";"Sul";"Colisão - Lateral";2;0;0;0;0;0;0;0;0;0;2;0;0;0;0
"23/09/2023";"08:12:00";"75";"Acidente s";"419.8";"BR-386/RS";"Sul";"Saída de pista";0;0;0;0;0;0;0;0;0;0;4;0;0;0;0
"23/09/2023";"08:19:00";"78";"Acidente s";"390.8";"BR-386/RS";"Norte";"Engavetamento";0;0;0;0;0;0;0;0;0;0;4;0;0;0;0
"23/09/2023";"09:54:00";"94";"Acidente s";"349.9";"BR-386/RS";"Norte";"Saída de pista";0;0;0;0;0;0;0;0;0;0;5;0;0;0;0
"23/09/2023";"10:23:00";"100";"Acidente s";"82.68";"BR-290/RS";"Oeste";"Colisão - Lateral";0;0;0;0;0;0;0;0;0;0;3;0;0;0;0
"23/09/2023";"10:46:00";"104";"Acidente s";"396.4";"BR-386/RS";"Sul";"Saída de pista";0;0;0;0;0;0;0;0;0;0;3;0;0;0;0
"23/09/2023";"12:02:00";"117";"Acidente s";"2";"BR-290/RS";"Oeste";"Saída de pista";0;0;0;0;0;0;0;0;0;0;1;0;0;0;0
"23/09/2023";"12:07:00";"118";"Acidente s";"10.9";"BR-290/RS";"Oeste";"Capotamento";0;0;0;0;0;0;0;0;0;0;3;0;0;0;0
"23/09/2023";"12:19:00";"122";"Acidente s";"35.3";"BR-290/RS";"Oeste";"Saída de pista";0;0;0;0;0;0;0;0;0;0;1;0;0;0;0
"23/09/2023";"12:38:00";"130";"Acidente c";"185";"BR-386/RS";"Sul";"Saída de pista";0;0;0;0;0;0;0;0;0;0;0;1;0;0;0
"23/09/2023";"02:11:00";"148";"Acidente s";"440";"BR-386/RS";"Norte";"Saída de pista";0;0;0;0;0;0;0;0;0;0;2;0;0;0;0
"23/09/2023";"02:19:00";"150";"Acidente s";"378";"BR-386/RS";"Norte";"Saída de pista";0;0;0;0;0;0;0;0;0;0;1;0;0;0;0
"23/09/2023";"04:43:00";"175";"Acidente c";"84";"BR-290/RS";"Oeste";"Choque - Meio Fio";0;0;0;0;0;0;0;0;0;0;4;0;1;0;0
"23/09/2023";"07:52:00";"204";"Acidente s";"392.08";"BR-386/RS";"Norte";"Colisão - Lateral";0;0;0;0;0;0;0;0;0;0;5;0;0;0;0
"24/09/2023";"05:13:00";"36";"Acidente s";"344";"BR-386/RS";"Sul";"Saída de pista";0;0;0;0;0;0;0;0;0;0;3;0;0;0;0
"24/09/2023";"05:14:00";"37";"Acidente s";"47.17";"BR-290/RS";"Oeste";"Choque com objeto sobre a pista";1;0;0;0;0;0;0;0;0;0;5;0;0;0;0
"24/09/2023";"06:07:00";"41";"Acidente s";"261";"BR-386/RS";"Sul";"Saída de pista";0;0;0;0;0;0;0;0;0;0;1;0;0;0;0
"24/09/2023";"08:42:00";"77";"Acidente s";"296";"BR-386/RS";"Norte";"Saída de pista";0;0;0;0;0;0;0;0;0;0;1;0;0;0;0
"24/09/2023";"10:12:00";"89";"Acidente s";"401.1";"BR-386/RS";"Norte";"Saída de pista";0;0;0;0;0;0;0;0;0;0;2;0;0;0;0
"24/09/2023";"10:59:00";"98";"Acidente c";"259";"BR-386/RS";"Norte";"Colisão - Lateral";0;0;0;0;0;0;0;0;0;0;2;1;0;0;0
"24/09/2023";"01:11:00";"115";"Acidente c";"441.7";"BR-386/RS";"Norte";"Colisão - Transversal";0;0;0;0;0;0;0;0;0;0;3;2;0;0;0
"24/09/2023";"02:05:00";"125";"Acidente s";"400.9";"BR-386/RS";"Norte";"Saída de pista";0;0;0;0;0;0;0;0;0;0;2;0;0;0;0
"24/09/2023";"02:21:00";"127";"Acidente s";"441.7";"BR-386/RS";"Norte";"Saída de pista";0;0;0;0;0;0;0;0;0;0;2;0;0;0;0
"24/09/2023";"03:11:00";"133";"Acidente s";"10";"BR-448/RS";"Sul";"Saída de pista";0;0;0;0;0;0;0;0;0;0;4;0;0;0;0
"24/09/2023";"03:19:00";"134";"Acidente s";"398.6";"BR-386/RS";"Sul";"Saída de pista";0;0;0;0;0;0;0;0;0;0;1;0;0;0;0
"24/09/2023";"04:31:00";"146";"Acidente s";"71";"BR-290/RS";"Leste";"Saída de pista";0;0;0;0;0;0;0;0;0;0;3;0;0;0;0
"24/09/2023";"09:52:00";"199";"Acidente s";"19.05";"BR-290/RS";"Leste";"Colisão - Lateral";0;0;0;0;0;0;0;0;0;0;3;0;0;0;0
"24/09/2023";"11:31:00";"214";"Acidente c";"38.39";"BR-290/RS";"Oeste";"Colisão - Traseira";0;0;0;0;0;0;0;0;0;0;4;0;1;0;0
"25/09/2023";"12:47:00";"15";"Acidente s";"53.21";"BR-101/RS";"Norte";"Saída de pista";0;0;0;0;0;0;0;0;0;1;1;0;0;0;0
"25/09/2023";"03:04:00";"22";"Acidente s";"342";"BR-386/RS";"Sul";"Saída de pista";0;0;0;0;0;0;0;0;0;0;3;0;0;0;0
"25/09/2023";"05:29:00";"30";"Acidente s";"80";"BR-290/RS";"Leste";"Queda de ribanceira";0;0;0;0;0;0;0;0;0;0;1;0;0;0;0
"25/09/2023";"06:08:00";"32";"Acidente s";"396.5";"BR-386/RS";"Norte";"Colisão - Lateral";0;0;0;0;0;0;0;0;0;0;1;0;0;0;0
"25/09/2023";"10:55:00";"133";"Acidente s";"306";"BR-386/RS";"Sul";"Choque Defensa";0;0;0;0;0;0;0;0;0;0;6;0;0;0;0
"25/09/2023";"11:27:00";"145";"Acidente s";"190";"BR-386/RS";"Sul";"Colisão - Lateral";0;0;0;0;0;0;0;0;1;0;4;0;0;0;0
"25/09/2023";"03:05:00";"187";"Acidente s";"298.36";"BR-386/RS";"Norte";"Choque Defensa";0;0;0;0;0;0;0;0;0;0;2;0;0;0;0
"25/09/2023";"05:21:00";"212";"Acidente s";"410.8";"BR-386/RS";"Norte";"Capotamento";0;0;0;0;0;0;0;0;0;0;1;0;0;0;0
"25/09/2023";"06:18:00";"219";"Acidente c";"45.31";"BR-290/RS";"Oeste";"Saída de pista";0;0;0;0;0;0;0;0;0;0;1;1;0;0;0
"25/09/2023";"07:34:00";"236";"Acidente c";"13";"BR-448/RS";"Norte";"Capotamento";0;0;0;0;0;0;0;0;0;0;0;1;0;1;0
"25/09/2023";"08:12:00";"243";"Acidente s";"19";"BR-290/RS";"Oeste";"Saída de pista";0;0;0;0;0;0;0;0;0;0;4;0;0;0;0
"26/09/2023";"07:43:00";"313";"Acidente s";"36.2";"BR-290/RS";"Leste";"Saída de pista";0;0;0;0;0;0;0;0;0;0;1;0;0;0;0
"26/09/2023";"07:58:00";"326";"Acidente s";"312";"BR-386/RS";"Sul";"Saída de pista";0;0;0;0;0;0;0;0;0;1;1;0;0;0;0
"26/09/2023";"08:10:00";"330";"Acidente s";"396.5";"BR-386/RS";"Sul";"Choque Defensa";0;0;0;0;0;0;0;0;0;0;1;0;0;0;0
"26/09/2023";"11:03:00";"401";"Acidente c";"64";"BR-101/RS";"Sul";"Saída de pista";0;0;0;0;0;0;0;0;0;0;0;0;1;0;0
"26/09/2023";"11:07:00";"402";"Acidente s";"80";"BR-290/RS";"Oeste";"Saída de pista";0;0;0;0;0;0;0;0;0;0;1;0;0;0;0
"26/09/2023";"11:52:00";"414";"Acidente s";"429.95";"BR-386/RS";"Sul";"Colisão - Traseira";0;0;0;0;0;0;0;0;0;0;4;0;0;0;0
"26/09/2023";"04:37:00";"473";"Acidente s";"89";"BR-290/RS";"Oeste";"Choque com objeto sobre a pista";0;0;0;0;0;0;0;0;0;0;1;0;0;0;0
"26/09/2023";"07:20:00";"500";"Acidente c";"432";"BR-386/RS";"Norte";"Capotamento";0;0;0;0;0;0;0;0;0;0;1;1;0;0;0
"26/09/2023";"07:26:00";"501";"Acidente s";"283.2";"BR-386/RS";"Sul";"Colisão - Lateral";0;0;0;0;0;0;0;0;0;0;2;0;0;0;0
"26/09/2023";"07:40:00";"503";"Acidente c";"16.2";"BR-448/RS";"Sul";"Atropelamento - Morador/Trabalhador/Estudante";0;0;0;0;1;0;1;0;0;1;3;0;0;0;1
"26/09/2023";"08:58:00";"524";"Acidente s";"404.5";"BR-386/RS";"Norte";"Saída de pista";0;0;0;0;0;0;0;0;0;0;2;0;0;0;0
"26/09/2023";"09:02:00";"525";"Acidente s";"79";"BR-290/RS";"Oeste";"Colisão - Traseira";0;0;0;0;0;0;0;0;0;0;2;0;0;0;0
"27/09/2023";"02:14:00";"26";"Acidente s";"67.3";"BR-290/RS";"Leste";"Saída de pista";0;0;0;0;0;0;0;0;0;0;3;0;0;0;0
"27/09/2023";"06:44:00";"37";"Acidente s";"435";"BR-386/RS";"Norte";"Saída de pista";0;0;0;0;0;0;0;0;0;0;2;0;0;0;0
"27/09/2023";"07:23:00";"51";"Acidente s";"401";"BR-386/RS";"Sul";"Saída de pista";0;0;0;0;0;0;0;0;0;0;1;0;0;0;0
"27/09/2023";"12:46:00";"168";"Acidente s";"40.6";"BR-101/RS";"Norte";"Tombamento";1;0;0;0;0;0;0;0;0;0;1;0;0;0;0
"27/09/2023";"05:00:00";"233";"Acidente s";"351";"BR-386/RS";"Norte";"Colisão - Traseira";0;0;0;0;0;0;0;0;0;1;2;0;0;0;0
"27/09/2023";"08:13:00";"255";"Acidente c";"246.67";"BR-386/RS";"Norte";"Colisão - Transversal";1;0;0;0;0;0;0;0;0;1;0;0;2;0;0
"27/09/2023";"09:47:00";"275";"Acidente c";"13.14";"BR-290/RS";"Oeste";"Colisão - Traseira";0;0;0;0;0;0;0;0;1;0;1;2;0;0;0
"27/09/2023";"10:44:00";"282";"Acidente s";"17.3";"BR-290/RS";"Leste";"Queda de ribanceira";0;0;0;0;0;0;0;0;0;0;2;0;0;0;0
"28/09/2023";"05:49:00";"41";"Acidente c";"67.2";"BR-101/RS";"Sul";"Queda de moto";0;0;0;0;1;0;0;0;0;0;0;1;0;0;0
"28/09/2023";"11:29:00";"193";"Acidente s";"398";"BR-386/RS";"Norte";"Choque Defensa";0;0;0;0;0;0;0;0;0;0;1;0;0;0;0
"28/09/2023";"04:33:00";"276";"Acidente s";"91";"BR-290/RS";"Leste";"Saída de pista";0;0;0;0;0;0;0;0;0;0;1;0;0;0;0
"28/09/2023";"05:43:00";"288";"Acidente s";"60";"BR-290/RS";"Oeste";"Choque Praça - Cabine";0;0;0;0;0;0;0;0;0;1;1;0;0;0;0
"28/09/2023";"06:03:00";"292";"Acidente s";"15";"BR-448/RS";"Norte";"Colisão - Traseira";1;0;0;0;0;0;0;0;0;0;2;0;0;0;0
"28/09/2023";"06:22:00";"294";"Acidente s";"60";"BR-290/RS";"Oeste";"Choque Praça - Cabine";0;0;0;0;0;0;0;0;0;0;2;0;0;0;0
"28/09/2023";"06:45:00";"297";"Acidente s";"440";"BR-386/RS";"Sul";"Colisão - Traseira";0;0;0;0;0;0;0;0;0;0;3;0;0;0;0
"28/09/2023";"07:29:00";"304";"Acidente s";"6";"BR-101/RS";"Sul";"Choque Defensa";0;0;0;0;0;0;0;0;0;0;2;0;0;0;0
"28/09/2023";"08:20:00";"314";"Acidente c";"411";"BR-386/RS";"Norte";"Capotamento";0;0;0;0;0;0;0;0;0;0;1;1;0;0;0
"29/09/2023";"07:16:00";"422";"Acidente s";"350.15";"BR-386/RS";"Norte";"Saída de pista";0;0;0;0;0;0;0;0;0;0;1;0;0;0;0
"29/09/2023";"08:38:00";"474";"Acidente s";"87";"BR-290/RS";"Leste";"Colisão - Traseira";0;0;0;0;0;0;0;0;0;0;2;0;0;0;0
"29/09/2023";"03:13:00";"571";"Acidente s";"426";"BR-386/RS";"Sul";"Colisão - Lateral";0;0;0;0;0;0;0;0;0;0;4;0;0;0;0
"29/09/2023";"04:47:00";"604";"Acidente s";"343";"BR-386/RS";"Sul";"Colisão - Transversal";0;0;0;0;0;0;0;0;0;0;2;0;0;0;0
"29/09/2023";"07:34:00";"638";"Acidente s";"92.09";"BR-290/RS";"Leste";"Colisão - Lateral";0;0;1;0;0;0;0;0;0;0;4;0;0;0;0
"29/09/2023";"08:24:00";"648";"Acidente c";"230.15";"BR-386/RS";"Norte";"Colisão - Frontal";0;0;0;0;0;0;1;0;0;0;2;1;0;2;1
"29/09/2023";"09:01:00";"653";"Acidente c";"85.11";"BR-290/RS";"Oeste";"Colisão - Traseira";0;0;0;0;1;0;0;0;0;0;2;0;1;0;0