data;horario;n_da_ocorrencia;tipo_de_ocorrencia;km;trecho;sentido;tipo_de_acidente;automovel;bicicleta;caminhao;moto;onibus;outros;tracao_animal;transporte_de_cargas_especiais;trator_maquinas;utilitarios;ilesos;levemente_feridos;moderadamente_feridos;gravemente_feridos;mortos
"11/11/2023";"08:49:00";"250";"Acidente s";"43";"BR-290/RS";"Leste";"Atropelamento de Animal";1;0;0;0;0;0;0;0;0;0;2;0;0;0;0
"12/11/2023";"03:32:00";"30";"Acidente c";"247";"BR-386/RS";"Sul";"Saída de pista";1;0;0;0;0;0;0;0;0;0;1;1;0;0;0
"12/11/2023";"06:39:00";"51";"Acidente s";"3";"BR-448/RS";"Sul";"Choque Barreira";1;0;0;0;0;0;0;0;0;0;1;0;0;0;0
"12/11/2023";"08:48:00";"71";"Acidente s";"11";"BR-290/RS";"Leste";"Saída de pista";1;0;0;0;0;0;0;0;0;0;2;0;0;0;0
"12/11/2023";"10:54:00";"103";"Acidente s";"419";"BR-386/RS";"Norte";"Saída de pista";1;0;0;0;0;0;0;0;0;0;1;0;0;0;0
"12/11/2023";"11:51:00";"112";"Acidente s";"80";"BR-101/RS";"Norte";"Colisão - Traseira";2;0;0;0;0;0;0;0;0;0;2;0;0;0;0
"12/11/2023";"12:20:00";"119";"Acidente s";"20";"BR-448/RS";"Sul";"Saída de pista";1;0;0;0;0;0;0;0;0;0;4;0;0;0;0
"12/11/2023";"03:34:00";"140";"Acidente s";"424";"BR-386/RS";"Norte";"Choque Defensa";1;0;0;0;0;0;0;0;0;0;1;0;0;0;0
"12/11/2023";"04:00:00";"146";"Acidente s";"286";"BR-386/RS";"Sul";"Saída de pista";1;0;0;0;0;0;0;0;0;0;2;0;0;0;0
"12/11/2023";"04:31:00";"150";"Acidente s";"11";"BR-290/RS";"Oeste";"Saída de pista";1;0;0;0;0;0;0;0;0;0;1;0;0;0;0
"12/11/2023";"05:12:00";"161";"Acidente s";"307";"BR-386/RS";"Sul";"Saída de pista";1;0;0;0;0;0;0;0;0;0;1;0;0;0;0
"12/11/2023";"05:37:00";"164";"Acidente s";"397";"BR-386/RS";"Norte";"Colisão - Lateral";1;0;1;0;0;0;0;0;0;0;4;0;0;0;0
"12/11/2023";"06:02:00";"170";"Acidente s";"10";"BR-290/RS";"Leste";"Capotamento";1;0;0;0;0;0;0;0;0;0;2;0;0;0;0
"12/11/2023";"06:11:00";"172";"Acidente s";"397";"BR-386/RS";"Sul";"Choque Defensa";1;0;0;0;0;0;0;0;0;0;2;0;0;0;0
"12/11/2023";"06:37:00";"176";"Acidente s";"307";"BR-386/RS";"Norte";"Saída de pista";1;0;0;0;0;0;0;0;0;0;2;0;0;0;0
"12/11/2023";"08:04:00";"202";"Acidente s";"50";"BR-290/RS";"Leste";"Capotamento";1;0;0;0;0;0;0;0;0;0;1;0;0;0;0
"12/11/2023";"08:22:00";"208";"Acidente c";"395";"BR-386/RS";"Norte";"Saída de pista";1;0;0;0;0;0;0;0;0;0;0;1;0;0;0
"12/11/2023";"08:52:00";"216";"Acidente c";"192";"BR-386/RS";"Sul";"Colisão - Transversal";2;0;0;0;0;0;0;0;0;0;2;4;0;0;0
"12/11/2023";"09:44:00";"228";"Acidente s";"389";"BR-386/RS";"Sul";"Saída de pista";1;0;0;0;0;0;0;0;0;0;1;0;0;0;0
"12/11/2023";"11:38:00";"249";"Acidente s";"10";"BR-448/RS";"Norte";"Saída de pista";1;0;0;0;0;0;0;0;0;0;1;0;0;0;0
"13/11/2023";"01:09:00";"6";"Acidente s";"59";"BR-101/RS";"Sul";"Choque Defensa";1;0;0;0;0;0;0;0;0;0;3;0;0;0;0
"13/11/2023";"06:27:00";"41";"Acidente c";"16";"BR-290/RS";"Leste";"Saída de pista";1;0;0;0;0;0;0;0;0;0;0;3;0;0;0
"13/11/2023";"07:02:00";"54";"Acidente c";"396";"BR-386/RS";"Sul";"Colisão - Traseira";1;0;1;0;0;0;0;0;0;0;3;1;0;0;0
"13/11/2023";"07:52:00";"69";"Acidente s";"401";"BR-386/RS";"Norte";"Saída de pista";1;0;0;0;0;0;0;0;0;0;3;0;0;0;0
"13/11/2023";"07:56:00";"73";"Acidente c";"395";"BR-386/RS";"Sul";"Saída de pista";0;0;1;0;0;0;0;0;0;0;0;1;0;0;0
"13/11/2023";"08:11:00";"85";"Acidente s";"401";"BR-386/RS";"Sul";"Saída de pista";1;0;0;0;0;0;0;0;0;0;3;0;0;0;0
"13/11/2023";"10:35:00";"131";"Acidente c";"34";"BR-101/RS";"Ambos";"Saída de pista";1;0;0;0;0;0;0;0;0;0;0;1;0;0;0
"13/11/2023";"12:58:00";"154";"Acidente s";"94";"BR-290/RS";"Leste";"Saída de pista";1;0;0;0;0;0;0;0;0;0;1;0;0;0;0
"13/11/2023";"01:37:00";"169";"Acidente s";"346";"BR-386/RS";"Sul";"Saída de pista";1;0;0;0;0;0;0;0;0;0;1;0;0;0;0
"13/11/2023";"04:11:00";"207";"Acidente s";"84";"BR-101/RS";"Sul";"Saída de pista";1;0;0;0;0;0;0;0;0;0;1;0;0;0;0
"13/11/2023";"06:27:00";"234";"Acidente s";"21";"BR-448/RS";"Norte";"Colisão - Lateral";1;0;1;0;0;0;0;0;0;0;3;0;0;0;0
"13/11/2023";"08:18:00";"258";"Acidente s";"83";"BR-290/RS";"Oeste";"Colisão - Lateral";1;0;1;0;0;0;0;0;0;0;4;0;0;0;0
"14/11/2023";"05:49:00";"33";"Acidente s";"342";"BR-386/RS";"Sul";"Colisão - Lateral";1;0;1;0;0;0;0;0;0;0;2;0;0;0;0
"14/11/2023";"07:43:00";"92";"Acidente c";"92";"BR-290/RS";"Oeste";"Queda de Ponte/Viaduto";0;0;1;0;0;0;0;0;0;0;0;0;0;2;0
"14/11/2023";"11:53:00";"187";"Acidente c";"422";"BR-386/RS";"Sul";"Queda de moto";1;0;0;1;0;0;0;0;0;0;2;1;0;0;0
"14/11/2023";"03:43:00";"245";"Atropelame";"74";"BR-290/RS";"Leste";"Atropelamento - Usuário";1;0;1;0;0;0;0;0;0;0;1;0;0;1;0
"14/11/2023";"05:55:00";"268";"Acidente c";"43";"BR-101/RS";"Norte";"Colisão - Lateral";1;0;1;0;0;0;0;0;0;0;4;1;0;0;0
"14/11/2023";"06:35:00";"277";"Acidente s";"91";"BR-290/RS";"Leste";"Colisão - Traseira";1;0;1;0;0;0;0;0;0;0;3;0;0;0;0
"15/11/2023";"03:49:00";"32";"Acidente s";"5";"BR-290/RS";"Leste";"Saída de pista";1;0;0;0;0;0;0;0;0;0;1;0;0;0;0
"15/11/2023";"05:23:00";"37";"Acidente c";"328";"BR-386/RS";"Norte";"Queda de moto";0;0;0;1;0;0;0;0;0;0;0;0;1;0;0
"15/11/2023";"01:00:00";"119";"Acidente s";"22";"BR-448/RS";"Sul";"Choque Barreira";1;0;0;0;0;0;0;0;0;0;1;0;0;0;0
"15/11/2023";"01:17:00";"121";"Acidente s";"417";"BR-386/RS";"Norte";"Choque - Meio Fio";1;0;0;0;0;0;0;0;0;0;3;0;0;0;0
"15/11/2023";"01:50:00";"126";"Acidente s";"4";"BR-290/RS";"Oeste";"Capotamento";1;0;0;0;0;0;0;0;0;0;1;0;0;0;0
"15/11/2023";"02:05:00";"129";"Acidente s";"1";"BR-290/RS";"Oeste";"Saída de pista";1;0;0;0;0;0;0;0;0;0;1;0;0;0;0
"15/11/2023";"02:30:00";"130";"Acidente s";"440";"BR-386/RS";"Norte";"Saída de pista";1;0;0;0;0;0;0;0;0;0;1;0;0;0;0
"15/11/2023";"03:13:00";"141";"Acidente s";"97";"BR-290/RS";"Oeste";"Colisão - Traseira";2;0;0;0;0;0;0;0;0;0;4;0;0;0;0
"15/11/2023";"03:24:00";"142";"Acidente s";"351";"BR-386/RS";"Norte";"Colisão - Lateral";1;0;1;0;0;0;0;0;0;0;6;0;0;0;0
"15/11/2023";"04:12:00";"150";"Acidente s";"356";"BR-386/RS";"Norte";"Saída de pista";1;0;0;0;0;0;0;0;0;0;1;0;0;0;0
"15/11/2023";"04:16:00";"151";"Acidente s";"14";"BR-290/RS";"Leste";"Saída de pista";1;0;0;0;0;0;0;0;0;0;1;0;0;0;0
"15/11/2023";"05:34:00";"167";"Acidente s";"56";"BR-290/RS";"Leste";"Saída de pista";1;0;0;0;0;0;0;0;0;0;2;0;0;0;0
"15/11/2023";"05:56:00";"172";"Acidente s";"4";"BR-290/RS";"Leste";"Saída de pista";1;0;0;0;0;0;0;0;0;0;2;0;0;0;0
"15/11/2023";"06:51:00";"185";"Acidente c";"22";"BR-448/RS";"Sul";"Choque Barreira";1;0;0;0;0;0;0;0;0;0;0;1;0;0;0
"15/11/2023";"07:36:00";"194";"Acidente s";"413";"BR-386/RS";"Sul";"Saída de pista";1;0;0;0;0;0;0;0;0;0;1;0;0;0;0
"16/11/2023";"07:42:00";"89";"Acidente s";"277";"BR-386/RS";"Norte";"Saída de pista";1;0;0;0;0;0;0;0;0;0;1;0;0;0;0
"16/11/2023";"07:53:00";"92";"Acidente s";"440";"BR-386/RS";"Norte";"Saída de pista";1;0;0;0;0;0;0;0;0;0;1;0;0;0;0
"16/11/2023";"08:31:00";"110";"Acidente s";"333";"BR-386/RS";"Norte";"Choque Defensa";1;0;0;0;0;0;0;0;0;0;1;0;0;0;0
"16/11/2023";"02:25:00";"212";"Acidente c";"41";"BR-290/RS";"Oeste";"Saída de pista";1;0;0;0;0;0;0;0;0;0;0;1;0;0;0
"16/11/2023";"04:13:00";"235";"Acidente s";"332";"BR-386/RS";"Sul";"Colisão - Lateral";1;0;1;0;0;0;0;0;0;0;2;0;0;0;0
"17/11/2023";"06:04:00";"49";"Acidente c";"440";"BR-386/RS";"Sul";"Capotamento";1;0;0;0;0;0;0;0;0;0;0;1;0;0;0
"17/11/2023";"09:50:00";"160";"Acidente c";"201";"BR-386/RS";"Sul";"Capotamento";1;0;0;0;0;0;0;0;0;0;0;0;1;0;0
"17/11/2023";"10:28:00";"170";"Acidente s";"11";"BR-101/RS";"Norte";"Saída de pista";1;0;0;0;0;0;0;0;0;0;1;0;0;0;0
"17/11/2023";"12:57:00";"217";"Acidente s";"307";"BR-386/RS";"Norte";"Saída de pista";1;0;0;0;0;0;0;0;0;0;2;0;0;0;0
"17/11/2023";"01:36:00";"231";"Acidente s";"89";"BR-290/RS";"Leste";"Saída de pista";1;0;0;0;0;0;0;0;0;0;2;0;0;0;0
"17/11/2023";"02:52:00";"250";"Acidente c";"240";"BR-386/RS";"Ambos";"Colisão - Frontal";2;0;0;0;0;0;0;0;0;0;1;0;0;1;0
"17/11/2023";"05:33:00";"293";"Acidente s";"64";"BR-290/RS";"Oeste";"Saída de pista";1;0;0;0;0;0;0;0;0;0;2;0;0;0;0
"17/11/2023";"05:35:00";"294";"Acidente s";"333";"BR-386/RS";"Norte";"Saída de pista";1;0;0;0;0;0;0;0;0;0;2;0;0;0;0
"17/11/2023";"05:52:00";"302";"Acidente s";"426";"BR-386/RS";"Sul";"Colisão - Traseira";0;0;2;0;0;0;0;0;0;0;2;0;0;0;0
"17/11/2023";"06:54:00";"321";"Acidente c";"354";"BR-386/RS";"Norte";"Colisão - Transversal";2;0;0;0;0;0;0;0;0;0;2;2;0;0;0
"17/11/2023";"06:57:00";"322";"Acidente s";"346";"BR-386/RS";"Norte";"Colisão - Traseira";1;0;1;0;0;0;0;0;0;0;2;0;0;0;0
"17/11/2023";"09:13:00";"344";"Acidente s";"295";"BR-386/RS";"Norte";"Saída de pista";1;0;0;0;0;0;0;0;0;0;1;0;0;0;0
"17/11/2023";"09:19:00";"346";"Acidente s";"5";"BR-290/RS";"Oeste";"Saída de pista";1;0;0;0;0;0;0;0;0;0;1;0;0;0;0
"17/11/2023";"10:41:00";"363";"Acidente s";"307";"BR-386/RS";"Norte";"Choque com objeto sobre a pista";1;0;0;0;0;0;0;0;0;0;1;0;0;0;0
"17/11/2023";"10:56:00";"366";"Acidente s";"44";"BR-101/RS";"Norte";"Colisão - Traseira";2;0;0;0;0;0;0;0;0;0;4;0;0;0;0
"18/11/2023";"12:31:00";"12";"Acidente s";"98";"BR-290/RS";"Leste";"Colisão - Lateral";2;0;0;0;0;0;0;0;0;0;3;0;0;0;0
"18/11/2023";"12:40:00";"14";"Acidente s";"352";"BR-386/RS";"Norte";"Saída de pista";1;0;0;0;0;0;0;0;0;0;1;0;0;0;0
"18/11/2023";"01:11:00";"16";"Acidente s";"95";"BR-290/RS";"Leste";"Colisão - Lateral";2;0;0;0;0;0;0;0;0;0;2;0;0;0;0
"18/11/2023";"02:24:00";"22";"Acidente c";"188";"BR-386/RS";"Norte";"Choque - Arvore";1;0;0;0;0;0;0;0;0;0;0;0;1;0;0
"18/11/2023";"05:17:00";"30";"Acidente s";"247";"BR-386/RS";"Sul";"Choque com veículo na faixa de rolamento";1;0;1;0;0;0;0;0;0;0;4;0;0;0;0
"18/11/2023";"05:51:00";"35";"Acidente s";"405";"BR-386/RS";"Sul";"Saída de pista";1;0;0;0;0;0;0;0;0;0;4;0;0;0;0
"18/11/2023";"08:09:00";"61";"Acidente s";"51";"BR-290/RS";"Leste";"Saída de pista";1;0;0;0;0;0;0;0;0;0;1;0;0;0;0
"18/11/2023";"08:27:00";"64";"Acidente s";"432";"BR-386/RS";"Norte";"Colisão - Frontal";2;0;0;0;0;0;0;0;0;0;3;0;0;0;0
"18/11/2023";"10:05:00";"89";"Acidente c";"309";"BR-386/RS";"Norte";"Colisão - Frontal";1;0;1;0;0;0;0;0;0;0;1;0;0;2;1
"18/11/2023";"11:02:00";"101";"Acidente s";"9";"BR-101/RS";"Norte";"Saída de pista";1;0;0;0;0;0;0;0;0;0;3;0;0;0;0
"18/11/2023";"11:35:00";"109";"Acidente c";"440";"BR-386/RS";"Norte";"Saída de pista";1;0;0;0;0;0;0;0;0;0;1;1;0;0;0
"18/11/2023";"12:11:00";"113";"Acidente c";"412";"BR-386/RS";"Norte";"Colisão - Traseira";2;0;0;0;0;0;0;0;0;0;1;1;0;0;0
"18/11/2023";"01:03:00";"120";"Acidente s";"60";"BR-290/RS";"Oeste";"Colisão - Lateral";1;0;1;0;0;0;0;0;0;0;2;0;0;0;0
"18/11/2023";"02:28:00";"133";"Acidente s";"440";"BR-386/RS";"Norte";"Saída de pista";1;0;0;0;0;0;0;0;0;0;2;0;0;0;0
"18/11/2023";"02:39:00";"136";"Acidente s";"371";"BR-386/RS";"Sul";"Choque Defensa";1;0;0;0;0;0;0;0;0;0;4;0;0;0;0
"18/11/2023";"03:02:00";"140";"Acidente s";"220";"BR-386/RS";"Ambos";"Colisão - Transversal";2;0;0;0;0;0;0;0;0;0;3;0;0;0;0
"18/11/2023";"03:19:00";"143";"Acidente s";"306";"BR-386/RS";"Norte";"Saída de pista";1;0;0;0;0;0;0;0;0;0;3;0;0;0;0
"18/11/2023";"03:21:00";"144";"Acidente s";"306";"BR-386/RS";"Sul";"Saída de pista";1;0;0;0;0;0;0;0;0;0;2;0;0;0;0
"19/11/2023";"01:30:00";"19";"Acidente s";"91";"BR-290/RS";"Leste";"Saída de pista";1;0;0;0;0;0;0;0;0;0;4;0;0;0;0
"19/11/2023";"01:56:00";"23";"Acidente s";"415";"BR-386/RS";"Norte";"Saída de pista";1;0;0;0;0;0;0;0;0;0;1;0;0;0;0
"19/11/2023";"07:16:00";"54";"Atropelame";"66";"BR-290/RS";"Leste";"Atropelamento - Esportista";1;0;0;0;0;0;0;0;0;0;0;0;2;0;0
"19/11/2023";"11:50:00";"120";"Acidente s";"19";"BR-290/RS";"Leste";"Choque - Meio Fio";1;0;0;0;0;0;0;0;0;0;2;0;0;0;0
"19/11/2023";"12:14:00";"121";"Acidente s";"96";"BR-290/RS";"Oeste";"Colisão - Traseira";2;0;0;0;0;0;0;0;0;0;4;0;0;0;0
"20/11/2023";"06:56:00";"73";"Acidente s";"92";"BR-290/RS";"Leste";"Colisão - Lateral";2;0;0;0;0;0;0;0;0;0;2;0;0;0;0
"20/11/2023";"09:20:00";"170";"Acidente s";"74";"BR-290/RS";"Leste";"Choque Defensa";1;0;0;0;0;0;0;0;0;0;2;0;0;0;0
"20/11/2023";"10:34:00";"205";"Acidente c";"214";"BR-386/RS";"Sul";"Colisão - Lateral";1;0;1;0;0;0;0;0;0;0;1;1;0;0;0
"20/11/2023";"10:40:00";"207";"Acidente c";"315";"BR-386/RS";"Sul";"Choque Barreira";1;0;0;0;0;0;0;0;0;0;0;0;1;0;0
"20/11/2023";"01:25:00";"262";"Acidente s";"29";"BR-290/RS";"Leste";"Saída de pista";1;0;0;0;0;0;0;0;0;0;1;0;0;0;0
"20/11/2023";"01:27:00";"263";"Acidente s";"22";"BR-101/RS";"Norte";"Colisão - Lateral";1;0;1;0;0;0;0;0;0;0;2;0;0;0;0
"20/11/2023";"01:45:00";"269";"Acidente s";"273";"BR-386/RS";"Norte";"Tombamento";0;0;1;0;0;0;0;0;0;0;1;0;0;0;0
"20/11/2023";"03:35:00";"292";"Acidente s";"47";"BR-101/RS";"Sul";"Colisão - Traseira";0;0;2;0;0;0;0;0;0;0;2;0;0;0;0
"20/11/2023";"03:43:00";"295";"Acidente c";"233";"BR-386/RS";"Norte";"Saída de pista";0;0;1;0;0;0;0;0;0;0;0;0;0;0;1
"20/11/2023";"04:00:00";"298";"Acidente s";"371";"BR-386/RS";"Sul";"Colisão - Traseira";2;0;0;0;0;0;0;0;0;0;3;0;0;0;0
"20/11/2023";"05:21:00";"312";"Acidente s";"317";"BR-386/RS";"Sul";"Saída de pista";0;0;1;0;0;0;0;0;0;0;1;0;0;0;0
"20/11/2023";"05:55:00";"319";"Acidente c";"351";"BR-386/RS";"Norte";"Colisão - Traseira";1;0;0;1;0;0;0;0;0;0;1;0;1;0;0
"20/11/2023";"06:46:00";"331";"Acidente s";"339";"BR-386/RS";"Ambos";"Colisão - Lateral";1;0;1;0;0;0;0;0;0;0;4;0;0;0;0
"20/11/2023";"09:06:00";"359";"Acidente s";"384";"BR-386/RS";"Sul";"Saída de pista";0;0;1;0;0;0;0;0;0;0;1;0;0;0;0
"21/11/2023";"07:24:00";"105";"Acidente s";"306";"BR-386/RS";"Norte";"Colisão - Lateral";0;0;2;0;0;0;0;0;0;0;2;0;0;0;0
"21/11/2023";"07:51:00";"126";"Acidente s";"260";"BR-386/RS";"Sul";"Colisão - Lateral";1;0;1;0;0;0;0;0;0;0;2;0;0;0;0
"21/11/2023";"04:15:00";"281";"Acidente s";"225";"BR-386/RS";"Norte";"Colisão - Traseira";2;0;0;0;0;0;0;0;0;0;2;0;0;0;0
"21/11/2023";"05:07:00";"293";"Acidente c";"306";"BR-386/RS";"Sul";"Saída de pista";0;0;1;0;0;0;0;0;0;0;0;0;1;0;0
"21/11/2023";"05:29:00";"297";"Acidente s";"91";"BR-290/RS";"Leste";"Colisão - Traseira";1;0;1;0;0;0;0;0;0;0;3;0;0;0;0
"21/11/2023";"05:37:00";"299";"Acidente s";"185";"BR-386/RS";"Norte";"Capotamento";1;0;0;0;0;0;0;0;0;0;1;0;0;0;0
"21/11/2023";"11:07:00";"352";"Acidente c";"20";"BR-448/RS";"Sul";"Choque Barreira";1;0;0;0;0;0;0;0;0;0;0;1;0;0;0
"21/11/2023";"11:21:00";"353";"Acidente s";"372";"BR-386/RS";"Norte";"Choque Defensa";1;0;0;0;0;0;0;0;0;0;1;0;0;0;0
"22/11/2023";"12:07:00";"1";"Acidente s";"307";"BR-386/RS";"Norte";"Atropelamento de Animal";0;0;1;0;0;0;0;0;0;0;1;0;0;0;0
"22/11/2023";"01:35:00";"223";"Acidente s";"411";"BR-386/RS";"Norte";"Colisão - Transversal";1;0;1;0;0;0;0;0;0;0;3;0;0;0;0
"22/11/2023";"02:38:00";"238";"Acidente s";"440";"BR-386/RS";"Norte";"Saída de pista";1;0;0;0;0;0;0;0;0;0;1;0;0;0;0
"23/11/2023";"03:22:00";"19";"Acidente s";"3";"BR-101/RS";"Norte";"Choque com objeto sobre a pista";0;0;1;0;0;0;0;0;0;0;2;0;0;0;0
"23/11/2023";"07:27:00";"63";"Acidente s";"333";"BR-386/RS";"Sul";"Queda de moto";0;0;0;1;0;0;0;0;0;0;2;0;0;0;0
"23/11/2023";"08:17:00";"104";"Acidente s";"426";"BR-386/RS";"Sul";"Colisão - Traseira";0;0;2;0;0;0;0;0;0;0;3;0;0;0;0
"23/11/2023";"08:55:00";"129";"Acidente s";"91";"BR-290/RS";"Leste";"Colisão - Lateral";2;0;0;0;0;0;0;0;0;0;2;0;0;0;0
"23/11/2023";"10:52:00";"172";"Acidente s";"88";"BR-290/RS";"Oeste";"Colisão - Lateral";1;0;1;0;0;0;0;0;0;0;2;0;0;0;0
"23/11/2023";"01:29:00";"205";"Acidente s";"350";"BR-386/RS";"Norte";"Colisão - Traseira";2;0;0;0;0;0;0;0;0;0;2;0;0;0;0
"24/11/2023";"12:02:00";"2";"Acidente c";"282";"BR-386/RS";"Sul";"Saída de pista";1;0;0;0;0;0;0;0;0;0;1;1;0;0;0
"24/11/2023";"06:10:00";"33";"Acidente c";"349";"BR-386/RS";"Norte";"Colisão - Traseira";1;0;0;1;0;0;0;0;0;0;1;1;0;0;0
"24/11/2023";"08:05:00";"109";"Acidente s";"343";"BR-386/RS";"Sul";"Colisão - Traseira";2;0;0;0;0;0;0;0;0;0;3;0;0;0;0
"24/11/2023";"08:06:00";"110";"Acidente s";"92";"BR-290/RS";"Oeste";"Engavetamento";3;0;0;0;0;0;0;0;0;0;3;0;0;0;0
"24/11/2023";"03:27:00";"233";"Acidente s";"19";"BR-101/RS";"Sul";"Colisão - Transversal";2;0;0;0;0;0;0;0;0;0;2;0;0;0;0
"24/11/2023";"05:57:00";"271";"Acidente s";"21";"BR-448/RS";"Sul";"Colisão - Traseira";1;0;1;0;0;0;0;0;0;0;2;0;0;0;0
"24/11/2023";"07:02:00";"288";"Acidente c";"86";"BR-290/RS";"Oeste";"Colisão - Traseira";1;0;0;1;0;0;0;0;0;0;0;1;0;0;0
"25/11/2023";"12:15:00";"2";"Acidente s";"399";"BR-386/RS";"Norte";"Choque Talude";1;0;0;0;0;0;0;0;0;0;3;0;0;0;0
"25/11/2023";"01:30:00";"7";"Acidente s";"247";"BR-386/RS";"Norte";"Atropelamento de Animal";1;0;0;0;0;0;0;0;0;0;3;0;0;0;0
"25/11/2023";"06:09:00";"35";"Acidente s";"94";"BR-290/RS";"Oeste";"Choque Barreira";0;0;1;0;0;0;0;0;0;0;1;0;0;0;0
"25/11/2023";"06:27:00";"42";"Acidente s";"54";"BR-290/RS";"Oeste";"Capotamento";1;0;0;0;0;0;0;0;0;0;2;0;0;0;0
"25/11/2023";"09:08:00";"111";"Acidente s";"84";"BR-101/RS";"Norte";"Colisão - Traseira";2;0;0;0;0;0;0;0;0;0;3;0;0;0;0
"25/11/2023";"09:36:00";"119";"Acidente s";"343";"BR-386/RS";"Sul";"Colisão - Traseira";2;0;0;0;0;0;0;0;0;0;2;0;0;0;0
"25/11/2023";"09:49:00";"121";"Acidente s";"439";"BR-386/RS";"Sul";"Colisão - Traseira";2;0;0;0;0;0;0;0;0;0;2;0;0;0;0
"25/11/2023";"11:05:00";"137";"Acidente s";"242";"BR-386/RS";"Norte";"Colisão - Traseira";1;0;1;0;0;0;0;0;0;0;2;0;0;0;0
"25/11/2023";"12:13:00";"154";"Acidente c";"83";"BR-290/RS";"Oeste";"Queda de moto";0;0;0;1;0;0;0;0;0;0;0;0;1;0;0
"25/11/2023";"12:35:00";"158";"Acidente s";"21";"BR-448/RS";"Sul";"Choque Barreira";1;0;0;0;0;0;0;0;0;0;5;0;0;0;0
"25/11/2023";"01:21:00";"165";"Acidente c";"14";"BR-101/RS";"Sul";"Colisão - Traseira";0;0;0;1;0;0;0;0;0;0;0;0;1;0;0
"25/11/2023";"03:36:00";"189";"Acidente s";"435";"BR-386/RS";"Sul";"Colisão - Lateral";2;0;0;0;0;0;0;0;0;0;3;0;0;0;0
"25/11/2023";"05:01:00";"205";"Acidente s";"73";"BR-290/RS";"Oeste";"Atropelamento de Animal";1;0;0;0;0;0;0;0;0;0;1;0;0;0;0
"25/11/2023";"05:42:00";"210";"Acidente s";"371";"BR-386/RS";"Sul";"Colisão - Traseira";2;0;0;0;0;0;0;0;0;0;7;0;0;0;0
"25/11/2023";"08:47:00";"236";"Acidente s";"426";"BR-386/RS";"Sul";"Colisão - Lateral";1;0;1;0;0;0;0;0;0;0;5;0;0;0;0
"26/11/2023";"04:45:00";"24";"Acidente s";"440";"BR-386/RS";"Sul";"Choque - Poste";1;0;0;0;0;0;0;0;0;0;1;0;0;0;0
"26/11/2023";"11:23:00";"107";"Acidente s";"80";"BR-290/RS";"Oeste";"Saída de pista";1;0;0;0;0;0;0;0;0;0;1;0;0;0;0
"26/11/2023";"03:40:00";"153";"Acidente s";"227";"BR-386/RS";"Norte";"Colisão - Lateral";2;0;0;0;0;0;0;0;0;0;4;0;0;0;0
"26/11/2023";"06:53:00";"208";"Acidente s";"76";"BR-290/RS";"Oeste";"Saída de pista";1;0;0;0;0;0;0;0;0;0;2;0;0;0;0
"27/11/2023";"02:30:00";"17";"Acidente s";"86";"BR-290/RS";"Leste";"Saída de pista";1;0;0;0;0;0;0;0;0;0;1;0;0;0;0
"27/11/2023";"03:21:00";"19";"Acidente s";"59";"BR-101/RS";"Sul";"Tombamento";0;0;1;0;0;0;0;0;0;0;1;0;0;0;0
"27/11/2023";"03:19:00";"249";"Acidente s";"22";"BR-101/RS";"Ambos";"Queda de moto";0;0;0;1;0;0;0;0;0;0;1;0;0;0;0
"27/11/2023";"05:12:00";"274";"Acidente s";"435";"BR-386/RS";"Norte";"Colisão - Traseira";1;0;1;0;0;0;0;0;0;0;3;0;0;0;0
"27/11/2023";"08:58:00";"314";"Acidente s";"86";"BR-290/RS";"Oeste";"Choque Defensa";1;0;0;0;0;0;0;0;0;0;1;0;0;0;0
"28/11/2023";"06:52:00";"45";"Acidente c";"265";"BR-386/RS";"Norte";"Saída de pista";1;0;0;0;0;0;0;0;0;0;2;2;0;0;0
"28/11/2023";"07:49:00";"68";"Acidente s";"35";"BR-290/RS";"Oeste";"Queda de moto";0;0;0;1;0;0;0;0;0;0;1;0;0;0;0
"28/11/2023";"07:53:00";"71";"Acidente s";"387";"BR-386/RS";"Sul";"Colisão - Traseira";2;0;0;0;0;0;0;0;0;0;3;0;0;0;0
"28/11/2023";"08:17:00";"83";"Acidente s";"19";"BR-290/RS";"Oeste";"Saída de pista";1;0;0;0;0;0;0;0;0;0;1;0;0;0;0
"28/11/2023";"08:42:00";"95";"Acidente c";"18";"BR-448/RS";"Sul";"Engavetamento";3;0;0;0;0;0;0;0;0;0;2;1;0;0;0
"28/11/2023";"09:12:00";"101";"Acidente c";"77";"BR-290/RS";"Leste";"Choque Barreira";1;0;0;0;0;0;0;0;0;0;0;1;0;0;0
"28/11/2023";"09:30:00";"119";"Acidente s";"77";"BR-290/RS";"Oeste";"Choque com objeto sobre a pista";1;0;0;0;0;0;0;0;0;0;1;0;0;0;0
"28/11/2023";"12:02:00";"136";"Acidente s";"391";"BR-386/RS";"Sul";"Colisão - Traseira";2;0;0;0;0;0;0;0;0;0;2;0;0;0;0
"28/11/2023";"12:24:00";"141";"Acidente s";"79";"BR-101/RS";"Norte";"Saída de pista";1;0;0;0;0;0;0;0;0;0;2;0;0;0;0
"28/11/2023";"12:43:00";"145";"Acidente s";"94";"BR-290/RS";"Oeste";"Choque Barreira";1;0;0;0;0;0;0;0;0;0;2;0;0;0;0
"28/11/2023";"12:55:00";"149";"Acidente c";"1";"BR-290/RS";"Leste";"Saída de pista";1;0;0;0;0;0;0;0;0;0;0;2;0;0;0