data;horario;n_da_ocorrencia;tipo_de_ocorrencia;km;trecho;sentido;tipo_de_acidente;automovel;bicicleta;caminhao;moto;onibus;outros;tracao_animal;transporte_de_cargas_especiais;trator_maquinas;utilitarios;ilesos;levemente_feridos;moderadamente_feridos;gravemente_feridos;mortos
"29/12/2023";"11:44:00";"158";"Acidente c";"415";"BR-386/RS";"Norte";"Capotamento";4;0;0;0;0;0;0;1;0;0;7;0;4;0;0
"29/12/2023";"12:41:00";"171";"Acidente c";"5.45";"BR-101/RS";"Norte";"Colisão - Frontal";2;0;0;0;0;0;0;0;0;0;2;1;0;0;0
"29/12/2023";"01:30:00";"180";"Acidente c";"3";"BR-290/RS";"Leste";"Queda de moto";0;0;0;1;0;0;0;0;0;0;0;1;0;0;0
"29/12/2023";"01:52:00";"188";"Acidente s";"299";"BR-386/RS";"Norte";"Saída de pista";1;0;0;0;0;0;0;0;0;0;2;0;0;0;0
"29/12/2023";"01:54:00";"189";"Acidente s";"352.45";"BR-386/RS";"Sul";"Choque Defensa";1;0;0;0;0;0;0;0;0;0;3;0;0;0;0
"29/12/2023";"03:22:00";"215";"Acidente s";"26";"BR-290/RS";"Leste";"Engavetamento";3;0;0;0;0;0;0;0;0;0;3;0;0;0;0
"29/12/2023";"04:11:00";"236";"Acidente s";"271.9";"BR-386/RS";"Norte";"Colisão - Lateral";2;0;0;0;0;0;0;0;0;1;7;0;0;0;0
"29/12/2023";"06:32:00";"292";"Acidente s";"82";"BR-290/RS";"Oeste";"Saída de pista";1;0;0;0;0;0;0;0;0;0;4;0;0;0;0
"29/12/2023";"10:14:00";"349";"Acidente c";"73";"BR-290/RS";"Leste";"Choque Defensa";0;0;0;1;0;0;0;0;0;0;0;0;1;0;0
"29/12/2023";"11:29:00";"369";"Acidente s";"210";"BR-386/RS";"Sul";"Colisão - Transversal";1;0;0;0;0;0;0;1;0;0;5;0;0;0;0
"30/12/2023";"12:08:00";"4";"Acidente c";"50";"BR-290/RS";"Leste";"Saída de pista";1;0;0;0;0;0;0;0;0;0;0;1;0;0;0
"30/12/2023";"04:44:00";"34";"Acidente s";"19";"BR-290/RS";"Leste";"Colisão - Lateral";2;0;0;0;0;0;0;0;0;0;5;0;0;0;0
"30/12/2023";"07:12:00";"69";"Acidente s";"87";"BR-290/RS";"Oeste";"Colisão - Lateral";1;0;0;0;0;0;0;1;0;0;2;0;0;0;0
"30/12/2023";"07:20:00";"72";"Acidente c";"28";"BR-290/RS";"Leste";"Colisão - Traseira";2;0;0;0;0;0;0;0;0;0;2;1;0;0;0
"30/12/2023";"07:38:00";"81";"Acidente s";"23";"BR-290/RS";"Leste";"Colisão - Traseira";2;0;0;0;0;0;0;0;0;0;2;0;0;0;0
"30/12/2023";"10:19:00";"154";"Acidente s";"272";"BR-386/RS";"Norte";"Colisão - Transversal";2;0;0;0;0;0;0;0;0;0;5;0;0;0;0
"30/12/2023";"11:21:00";"173";"Acidente s";"26";"BR-290/RS";"Leste";"Colisão - Traseira";2;0;0;0;0;0;0;0;0;0;3;0;0;0;0
"30/12/2023";"09:47:00";"320";"Acidente s";"64";"BR-290/RS";"Oeste";"Atropelamento de Animal";1;0;0;0;0;0;0;0;0;0;3;0;0;0;0
"31/12/2023";"01:37:00";"18";"Acidente s";"430";"BR-386/RS";"Norte";"Choque Barreira";1;0;0;0;0;0;0;0;0;0;1;0;0;0;0
"31/12/2023";"06:10:00";"42";"Acidente s";"26";"BR-290/RS";"Leste";"Saída de pista";1;0;0;0;0;0;0;0;0;0;1;0;0;0;0
"31/12/2023";"06:19:00";"43";"Acidente c";"24.37";"BR-290/RS";"Leste";"Colisão - Traseira";1;0;0;1;0;0;0;0;0;0;4;1;0;0;0
"31/12/2023";"09:01:00";"79";"Acidente s";"79";"BR-290/RS";"Leste";"Choque Barreira";1;0;0;0;0;0;0;0;0;0;1;0;0;0;0
"31/12/2023";"12:09:00";"116";"Acidente c";"27";"BR-290/RS";"Leste";"Queda de moto";0;0;0;1;0;0;0;0;0;0;0;2;0;0;0
"31/12/2023";"05:24:00";"178";"Acidente s";"241.05";"BR-386/RS";"Sul";"Saída de pista";1;0;0;0;0;0;0;0;0;0;1;0;0;0;0
"31/12/2023";"06:27:00";"193";"Acidente s";"76";"BR-290/RS";"Leste";"Queda de moto";0;0;0;1;0;0;0;0;0;0;2;0;0;0;0
"31/12/2023";"08:23:00";"211";"Acidente s";"309";"BR-386/RS";"Norte";"Capotamento";1;0;0;0;0;0;0;0;0;0;3;0;0;0;0
"01/01/2024";"01:52:58";"29";"Sem vítima";"272,000";"BR-386/RS";"Decrescente";"Acidentes de outra natureza";0;0;0;0;0;0;0;0;0;0;0;0;0;0;0
"01/01/2024";"02:23:54";"32";"Sem vítima";"367,000";"BR-386/RS";"Decrescente";"Choque";0;0;0;0;0;0;0;0;0;0;1;0;0;0;0
"01/01/2024";"09:46:54";"141";"Com vítima";"436,800";"BR-386/RS";"Decrescente";"Queda de moto";0;0;0;0;0;0;0;0;0;0;0;0;0;0;0
"01/01/2024";"09:54:05";"142";"Sem vítima";"5,000";"BR-290/RS";"Crescente";"Colisão traseira";0;0;0;0;0;0;0;0;0;0;0;0;0;0;0
"01/01/2024";"10:29:15";"158";"Sem vítima";"87,000";"BR-101/RS";"Crescente";"Engavetamento";0;0;0;0;0;0;0;0;0;0;3;0;0;0;0
"01/01/2024";"11:11:19";"170";"Sem vítima";"87,000";"BR-101/RS";"Crescente";"Colisão traseira";0;0;0;0;0;0;0;0;0;0;0;0;0;0;0
"01/01/2024";"11:45:03";"185";"Sem vítima";"17,000";"BR-290/RS";"Crescente";"Colisão traseira";0;0;0;0;0;0;0;0;0;0;0;0;0;0;0
"01/01/2024";"01:29:40";"235";"Sem vítima";"82,000";"BR-101/RS";"Crescente";"Colisão traseira";0;0;0;0;0;0;0;0;0;0;4;0;0;0;0
"01/01/2024";"01:37:10";"237";"Sem vítima";"60,000";"BR-290/RS";"Crescente";"Colisão traseira";0;0;0;0;0;0;0;0;0;0;0;0;0;0;0
"01/01/2024";"02:40:58";"268";"Sem vítima";"1,000";"BR-290/RS";"Crescente";"Colisão traseira";0;0;0;0;0;0;0;0;0;0;0;0;0;0;0
"01/01/2024";"02:44:00";"270";"Com vítima";"226,000";"BR-386/RS";"Crescente";"Colisão traseira";0;0;0;0;0;0;0;0;0;0;2;0;0;0;0
"01/01/2024";"02:49:22";"274";"Sem vítima";"72,000";"BR-101/RS";"Crescente";"Colisão traseira";0;0;0;0;0;0;0;0;0;0;4;0;0;0;0
"01/01/2024";"04:40:40";"330";"Com vítima";"75,000";"BR-101/RS";"Crescente";"Queda de moto";0;0;0;0;0;0;0;0;0;0;0;0;0;0;0
"01/01/2024";"04:42:00";"331";"Sem vítima";"5,000";"BR-290/RS";"Crescente";"Queda de moto";0;0;0;0;0;0;0;0;0;0;2;0;0;0;0
"01/01/2024";"05:00:47";"338";"Sem vítima";"6,000";"BR-290/RS";"Crescente";"Colisão traseira";0;0;0;0;0;0;0;0;0;0;0;0;0;0;0
"01/01/2024";"06:12:00";"364";"Sem vítima";"27,000";"BR-290/RS";"Crescente";"Colisão traseira";0;0;0;0;0;0;0;0;0;0;0;0;0;0;0
"01/01/2024";"07:21:31";"386";"Sem vítima";"19,000";"BR-290/RS";"Decrescente";"Colisão traseira";0;0;0;0;0;0;0;0;0;0;2;0;0;0;0
"01/01/2024";"07:37:39";"393";"Sem vítima";"22,000";"BR-101/RS";"Crescente";"Colisão traseira";0;0;0;0;0;0;0;0;0;0;0;0;0;0;0
"01/01/2024";"08:09:57";"406";"Com vítima";"227,000";"BR-386/RS";"Decrescente";"Colisão frontal";0;0;0;0;0;0;0;0;0;0;0;0;4;2;0
"02/01/2024";"02:24:38";"91";"Com vítima";"277,000";"BR-386/RS";"Crescente";"Colisão traseira";0;0;0;0;0;0;0;0;0;0;2;0;0;0;0
"02/01/2024";"03:44:26";"128";"Sem vítima";"4,900";"BR-290/RS";"Crescente";"Colisão traseira";0;0;0;0;0;0;0;0;0;0;2;0;0;0;0
"02/01/2024";"04:00:00";"140";"Sem vítima";"5,000";"BR-290/RS";"Crescente";"Colisão traseira";0;0;0;0;0;0;0;0;0;0;0;0;0;0;0
"02/01/2024";"04:31:45";"159";"Sem vítima";"86,000";"BR-290/RS";"Crescente";"Colisão traseira";0;0;0;0;0;0;0;0;0;0;0;0;0;0;0
"02/01/2024";"05:45:00";"204";"Sem vítima";"248,670";"BR-386/RS";"Crescente";"Colisão traseira";0;0;0;0;0;0;0;0;0;0;4;0;0;0;0
"02/01/2024";"05:53:44";"211";"Sem vítima";"202,500";"BR-386/RS";"Crescente";"Engavetamento";0;0;0;0;0;0;0;0;0;0;10;0;0;0;0
"02/01/2024";"05:56:15";"215";"Com vítima";"25,000";"BR-290/RS";"Crescente";"Colisão frontal";0;0;0;0;0;0;0;0;0;0;4;2;0;0;0
"02/01/2024";"06:07:20";"220";"Sem vítima";"57,000";"BR-290/RS";"Crescente";"Colisão traseira";0;0;0;0;0;0;0;0;0;0;0;0;0;0;0
"02/01/2024";"06:30:15";"239";"Sem vítima";"56,000";"BR-290/RS";"Crescente";"Colisão traseira";0;0;0;0;0;0;0;0;0;0;0;0;0;0;0
"02/01/2024";"06:37:17";"242";"Sem vítima";"21,000";"BR-290/RS";"Decrescente";"Colisão traseira";0;0;0;0;0;0;0;0;0;0;0;0;0;0;0
"02/01/2024";"06:50:09";"248";"Sem vítima";"359,200";"BR-386/RS";"Crescente";"Colisão traseira";0;0;0;0;0;0;0;0;0;0;2;0;0;0;0
"02/01/2024";"07:13:00";"264";"Sem vítima";"15,000";"BR-290/RS";"Crescente";"Colisão traseira";0;0;0;0;0;0;0;0;0;0;0;0;0;0;0
"02/01/2024";"07:46:24";"279";"Com vítima";"23,000";"BR-290/RS";"Crescente";"Colisão lateral no mesmo sentido";0;0;0;0;0;0;0;0;0;0;0;0;0;0;0
"02/01/2024";"08:21:37";"302";"Sem vítima";"23,000";"BR-290/RS";"Decrescente";"Colisão traseira";0;0;0;0;0;0;0;0;0;0;0;0;0;0;0
"02/01/2024";"08:48:48";"322";"Sem vítima";"357,000";"BR-386/RS";"Crescente";"Colisão traseira";0;0;0;0;0;0;0;0;0;0;0;0;0;0;0
"02/01/2024";"10:45:02";"375";"Sem vítima";"33,000";"BR-290/RS";"Crescente";"Colisão traseira";0;0;0;0;0;0;0;0;0;0;0;0;0;0;0
"02/01/2024";"11:47:00";"391";"Com vítima";"73,000";"BR-290/RS";"Decrescente";"Queda de moto";0;0;0;0;0;0;0;0;0;0;0;0;0;0;1
"02/01/2024";"01:26:14";"418";"Sem vítima";"28,000";"BR-101/RS";"Crescente";"Colisão traseira";0;0;0;0;0;0;0;0;0;0;2;0;0;0;0
"02/01/2024";"02:20:06";"438";"Com vítima";"351,630";"BR-386/RS";"Decrescente";"Engavetamento";0;0;0;0;0;0;0;0;0;0;0;0;0;0;0
"02/01/2024";"02:36:07";"447";"Sem vítima";"16,000";"BR-101/RS";"Crescente";"Colisão traseira";0;0;0;0;0;0;0;0;0;0;0;0;0;0;0
"02/01/2024";"04:45:00";"495";"Sem vítima";"52,000";"BR-290/RS";"Crescente";"Engavetamento";0;0;0;0;0;0;0;0;0;0;1;0;0;0;0
"02/01/2024";"04:48:00";"498";"Sem vítima";"58,000";"BR-101/RS";"Crescente";"Choque";0;0;0;0;0;0;0;0;0;0;0;0;0;0;0
"02/01/2024";"05:32:34";"517";"Sem vítima";"66,000";"BR-290/RS";"Crescente";"Colisão traseira";0;0;0;0;0;0;0;0;0;0;0;0;0;0;0
"02/01/2024";"05:35:03";"521";"Sem vítima";"35,000";"BR-101/RS";"Decrescente";"Colisão traseira";0;0;0;0;0;0;0;0;0;0;6;0;0;0;0
"02/01/2024";"08:25:00";"577";"Sem vítima";"73,450";"BR-290/RS";"Decrescente";"Queda de moto";0;0;0;0;0;0;0;0;0;0;2;0;0;0;0
"02/01/2024";"10:03:00";"9";"Com vítima";"45,000";"BR-290/RS";"Crescente";"Colisão lateral no mesmo sentido";0;0;0;0;0;0;0;0;0;0;0;0;0;0;0
"03/01/2024";"05:56:12";"123";"Sem vítima";"339,500";"BR-386/RS";"Crescente";"Colisão traseira";0;0;0;0;0;0;0;0;0;0;0;0;0;0;0
"03/01/2024";"06:01:25";"126";"Com vítima";"350,100";"BR-386/RS";"Crescente";"Queda de moto";0;0;0;0;0;0;0;0;0;0;0;0;0;0;0
"03/01/2024";"07:55:59";"167";"Sem vítima";"1,000";"BR-290/RS";"Decrescente";"Queda de moto";0;0;0;0;0;0;0;0;0;0;1;0;0;0;0
"03/01/2024";"09:59:00";"209";"Sem vítima";"48,000";"BR-101/RS";"Crescente";"Acidentes de outra natureza";0;0;0;0;0;0;0;0;0;0;1;0;0;0;0
"03/01/2024";"01:23:23";"255";"Sem vítima";"367,350";"BR-386/RS";"Decrescente";"Colisão lateral no mesmo sentido";0;0;0;0;0;0;0;0;0;0;0;0;0;0;0
"03/01/2024";"01:55:00";"260";"Com vítima";"92,000";"BR-290/RS";"Crescente";"Queda de moto";0;0;0;0;0;0;0;0;0;0;0;0;1;0;0
"03/01/2024";"02:39:27";"272";"Sem vítima";"391,000";"BR-386/RS";"Decrescente";"Colisão traseira";0;0;0;0;0;0;0;0;0;0;0;0;0;0;0
"03/01/2024";"02:40:22";"273";"Sem vítima";"252,000";"BR-386/RS";"Decrescente";"Colisão lateral no mesmo sentido";0;0;0;0;0;0;0;0;0;0;0;0;0;0;0
"03/01/2024";"03:06:25";"282";"Sem vítima";"60,000";"BR-290/RS";"Crescente";"Colisão traseira";0;0;0;0;0;0;0;0;0;0;0;0;0;0;0
"04/01/2024";"04:38:56";"75";"Com vítima";"350,100";"BR-386/RS";"Crescente";"Colisão traseira";0;0;0;0;0;0;0;0;0;0;0;0;0;0;0
"04/01/2024";"09:24:06";"177";"Sem vítima";"6,000";"BR-448/RS";"Crescente";"Colisão traseira";0;0;0;0;0;0;0;0;0;0;0;0;0;0;0
"04/01/2024";"06:15:00";"296";"Sem vítima";"76,000";"BR-290/RS";"Crescente";"Acidentes de outra natureza";0;0;0;0;0;0;0;0;0;0;0;0;0;0;0
"04/01/2024";"08:24:44";"311";"Sem vítima";"80,000";"BR-290/RS";"Decrescente";"Acidentes de outra natureza";0;0;0;0;0;0;0;0;0;0;0;0;0;0;0
"05/01/2024";"04:18:00";"75";"Sem vítima";"7,000";"BR-101/RS";"Decrescente";"Choque";0;0;0;0;0;0;0;0;0;0;0;0;0;0;0
"05/01/2024";"04:23:02";"79";"Com vítima";"342,480";"BR-386/RS";"Crescente";"Colisão lateral no mesmo sentido";0;0;0;0;0;0;0;0;0;0;0;2;0;0;0
"05/01/2024";"05:02:20";"106";"Sem vítima";"355,530";"BR-386/RS";"Crescente";"Colisão lateral no mesmo sentido";0;0;0;0;0;0;0;0;0;0;0;0;0;0;0
"05/01/2024";"07:44:32";"155";"Com vítima";"21,000";"BR-448/RS";"Crescente";"Colisão traseira";0;0;0;0;0;0;0;0;0;0;0;0;0;0;0
"05/01/2024";"08:15:07";"163";"Sem vítima";"366,700";"BR-386/RS";"Crescente";"Acidentes de outra natureza";0;0;0;0;0;0;0;0;0;0;0;0;0;0;0
"05/01/2024";"12:31:49";"242";"Sem vítima";"32,000";"BR-290/RS";"Decrescente";"Acidentes de outra natureza";0;0;0;0;0;0;0;0;0;0;0;0;0;0;0
"05/01/2024";"01:03:16";"251";"Sem vítima";"32,000";"BR-290/RS";"Crescente";"Acidentes de outra natureza";0;0;0;0;0;0;0;0;0;0;0;0;0;0;0
"05/01/2024";"02:34:18";"271";"Sem vítima";"92,000";"BR-290/RS";"Decrescente";"Colisão lateral no mesmo sentido";0;0;0;0;0;0;0;0;0;0;0;0;0;0;0
"06/01/2024";"04:35:54";"55";"Com vítima";"5,000";"BR-290/RS";"Decrescente";"Queda de moto";0;0;0;0;0;0;0;0;0;0;0;0;0;0;0
"06/01/2024";"06:13:05";"90";"Sem vítima";"19,000";"BR-290/RS";"Crescente";"Colisão traseira";0;0;0;0;0;0;0;0;0;0;0;0;0;0;0
"06/01/2024";"12:18:00";"196";"Com vítima";"57,000";"BR-290/RS";"Crescente";"Colisão traseira";0;0;0;0;0;0;0;0;0;0;2;4;0;0;0
"06/01/2024";"02:03:55";"220";"Sem vítima";"54,000";"BR-290/RS";"Crescente";"Acidentes de outra natureza";0;0;0;0;0;0;0;0;0;0;0;0;0;0;0
"06/01/2024";"03:21:46";"236";"Com vítima";"26,000";"BR-290/RS";"Decrescente";"Queda de moto";0;0;0;0;0;0;0;0;0;0;0;0;0;0;0
"07/01/2024";"02:11:53";"19";"Sem vítima";"362,000";"BR-386/RS";"Decrescente";"Choque";0;0;0;0;0;0;0;0;0;0;0;0;0;0;0
"07/01/2024";"02:28:00";"25";"Sem vítima";"71,000";"BR-101/RS";"Crescente";"Acidentes de outra natureza";0;0;0;0;0;0;0;0;0;0;0;0;0;0;0
"07/01/2024";"04:30:00";"49";"Sem vítima";"59,000";"BR-101/RS";"Crescente";"Choque";0;0;0;0;0;0;0;0;0;0;1;0;0;0;0
"07/01/2024";"05:05:33";"62";"Sem vítima";"33,000";"BR-101/RS";"Decrescente";"Colisão lateral no mesmo sentido";0;0;0;0;0;0;0;0;0;0;0;0;0;0;0
"07/01/2024";"06:48:48";"91";"Sem vítima";"91,000";"BR-290/RS";"Decrescente";"Colisão lateral no mesmo sentido";0;0;0;0;0;0;0;0;0;0;0;0;0;0;0
"07/01/2024";"07:32:41";"105";"Com vítima";"365,600";"BR-386/RS";"Crescente";"Acidentes de outra natureza";0;0;0;0;0;0;0;0;0;0;0;0;0;0;0
"07/01/2024";"10:50:22";"167";"Sem vítima";"229,000";"BR-386/RS";"Crescente";"Colisão traseira";0;0;0;0;0;0;0;0;0;0;0;0;0;0;0
"07/01/2024";"11:58:20";"183";"Sem vítima";"223,000";"BR-386/RS";"Decrescente";"Tombamento";0;0;0;0;0;0;0;0;0;0;0;0;0;0;0
"07/01/2024";"12:59:54";"203";"Sem vítima";"73,000";"BR-101/RS";"Crescente";"Colisão traseira";0;0;0;0;0;0;0;0;0;0;0;0;0;0;0
"07/01/2024";"01:54:39";"217";"Sem vítima";"54,000";"BR-290/RS";"Decrescente";"Colisão traseira";0;0;0;0;0;0;0;0;0;0;0;0;0;0;0
"07/01/2024";"02:27:00";"228";"Sem vítima";"28,000";"BR-101/RS";"Crescente";"Queda de moto";0;0;0;0;0;0;0;0;0;0;0;0;0;0;0
"07/01/2024";"02:40:42";"234";"Sem vítima";"94,000";"BR-290/RS";"Decrescente";"Choque";0;0;0;0;0;0;0;0;0;0;1;0;0;0;0
"07/01/2024";"04:54:32";"276";"Sem vítima";"435,000";"BR-386/RS";"Decrescente";"Colisão lateral no mesmo sentido";0;0;0;0;0;0;0;0;0;0;0;0;0;0;0
"07/01/2024";"07:42:00";"320";"Com vítima";"72,000";"BR-101/RS";"Crescente";"Atropelamento de pedestre";0;0;0;0;0;0;0;0;0;0;0;0;0;0;0
"07/01/2024";"11:27:08";"33";"Sem vítima";"341,000";"BR-386/RS";"Crescente";"Acidentes de outra natureza";0;0;0;0;0;0;0;0;0;0;0;0;0;0;0
"08/01/2024";"04:24:35";"93";"Sem vítima";"89,000";"BR-290/RS";"Crescente";"Engavetamento";0;0;0;0;0;0;0;0;0;0;0;0;0;0;0
"08/01/2024";"10:39:39";"261";"Sem vítima";"60,000";"BR-290/RS";"Crescente";"Colisão traseira";0;0;0;0;0;0;0;0;0;0;1;0;0;0;0
"08/01/2024";"10:42:10";"262";"Sem vítima";"409,900";"BR-386/RS";"Decrescente";"Acidentes de outra natureza";0;0;0;0;0;0;0;0;0;0;0;0;0;0;0
"08/01/2024";"11:54:50";"285";"Sem vítima";"304,200";"BR-386/RS";"Crescente";"Colisão lateral no mesmo sentido";0;0;0;0;0;0;0;0;0;0;0;0;0;0;0
"08/01/2024";"02:28:40";"332";"Sem vítima";"306,250";"BR-386/RS";"Decrescente";"Colisão traseira";0;0;0;0;0;0;0;0;0;0;0;0;0;0;0
"09/01/2024";"02:47:00";"20";"Sem vítima";"233,000";"BR-386/RS";"Crescente";"Choque";0;0;0;0;0;0;0;0;0;0;0;0;0;0;0
"09/01/2024";"08:01:00";"193";"Sem vítima";"440,000";"BR-386/RS";"Decrescente";"Acidentes de outra natureza";0;0;0;0;0;0;0;0;0;0;0;0;0;0;0
"09/01/2024";"10:40:06";"231";"Com vítima";"2,000";"BR-101/RS";"Crescente";"Queda de moto";0;0;0;0;0;0;0;0;0;0;0;1;0;0;0
"09/01/2024";"11:14:34";"240";"Com vítima";"318,000";"BR-386/RS";"Crescente";"Colisão lateral no mesmo sentido";0;0;0;0;0;0;0;0;0;0;0;0;0;0;0
"09/01/2024";"01:35:04";"279";"Sem vítima";"11,000";"BR-101/RS";"Crescente";"Colisão lateral no mesmo sentido";0;0;0;0;0;0;0;0;0;0;4;0;0;0;0
"09/01/2024";"01:41:00";"281";"Sem vítima";"10,000";"BR-448/RS";"Decrescente";"Engavetamento";0;0;0;0;0;0;0;0;0;0;0;0;0;0;0
"09/01/2024";"02:42:00";"293";"Com vítima";"71,450";"BR-290/RS";"Crescente";"Queda de moto";0;0;0;0;0;0;0;0;0;0;0;2;0;0;0
"10/01/2024";"06:04:49";"139";"Sem vítima";"68,000";"BR-101/RS";"Decrescente";"Colisão lateral no mesmo sentido";0;0;0;0;0;0;0;0;0;0;0;0;0;0;0
"10/01/2024";"06:36:00";"150";"Com vítima";"296,020";"BR-386/RS";"Decrescente";"Acidentes de outra natureza";0;0;0;0;0;0;0;0;0;0;0;0;0;0;0
"10/01/2024";"06:40:30";"151";"Sem vítima";"426,020";"BR-386/RS";"Crescente";"Colisão traseira";0;0;0;0;0;0;0;0;0;0;0;0;0;0;0
"10/01/2024";"08:51:21";"184";"Sem vítima";"435,000";"BR-386/RS";"Decrescente";"Colisão lateral no mesmo sentido";0;0;0;0;0;0;0;0;0;0;0;0;0;0;0
"10/01/2024";"01:22:00";"255";"Com vítima";"251,600";"BR-386/RS";"Decrescente";"Colisão traseira";0;0;0;0;0;0;0;0;0;0;0;0;0;0;0
"10/01/2024";"02:18:00";"274";"Sem vítima";"418,500";"BR-386/RS";"Decrescente";"Acidentes de outra natureza";0;0;0;0;0;0;0;0;0;0;0;0;0;0;0
"11/01/2024";"03:17:46";"33";"Sem vítima";"89,000";"BR-290/RS";"Crescente";"Acidentes de outra natureza";0;0;0;0;0;0;0;0;0;0;0;0;0;0;0
"11/01/2024";"04:04:05";"65";"Sem vítima";"304,000";"BR-386/RS";"Crescente";"Choque";0;0;0;0;0;0;0;0;0;0;0;0;0;0;0
"11/01/2024";"05:29:00";"127";"Com vítima";"36,000";"BR-101/RS";"Crescente";"Capotamento";0;0;0;0;0;0;0;0;0;0;0;0;1;0;0
"11/01/2024";"06:37:00";"160";"Sem vítima";"356,000";"BR-386/RS";"Decrescente";"Choque";0;0;0;0;0;0;0;0;0;0;0;0;0;0;0
"11/01/2024";"07:55:07";"177";"Sem vítima";"9,000";"BR-448/RS";"Decrescente";"Acidentes de outra natureza";0;0;0;0;0;0;0;0;0;0;1;0;0;0;0
"11/01/2024";"07:57:27";"178";"Com vítima";"422,000";"BR-386/RS";"Crescente";"Choque";0;0;0;0;0;0;0;0;0;0;0;0;0;0;0
"11/01/2024";"09:39:50";"211";"Sem vítima";"10,900";"BR-290/RS";"Crescente";"Acidentes de outra natureza";0;0;0;0;0;0;0;0;0;0;0;0;0;0;0
"11/01/2024";"09:42:00";"213";"Com vítima";"50,500";"BR-290/RS";"Crescente";"Capotamento";0;0;0;0;0;0;0;0;0;0;0;0;0;0;0
"11/01/2024";"02:22:37";"294";"Sem vítima";"35,000";"BR-101/RS";"Decrescente";"Colisão traseira";0;0;0;0;0;0;0;0;0;0;2;0;0;0;0
"11/01/2024";"05:31:41";"333";"Sem vítima";"54,000";"BR-101/RS";"Decrescente";"Colisão traseira";0;0;0;0;0;0;0;0;0;0;0;0;0;0;0
"12/01/2024";"05:05:38";"131";"Com vítima";"36,700";"BR-290/RS";"Crescente";"Acidentes de outra natureza";0;0;0;0;0;0;0;0;0;0;0;0;0;0;0
"12/01/2024";"08:46:00";"214";"Sem vítima";"416,000";"BR-386/RS";"Decrescente";"Acidentes de outra natureza";0;0;0;0;0;0;0;0;0;0;2;0;0;0;0
"12/01/2024";"12:28:23";"266";"Sem vítima";"294,000";"BR-386/RS";"Decrescente";"Colisão traseira";0;0;0;0;0;0;0;0;0;0;0;0;0;0;0
"12/01/2024";"01:15:44";"284";"Sem vítima";"435,100";"BR-386/RS";"Crescente";"Colisão transversal";0;0;0;0;0;0;0;0;0;0;0;0;0;0;0
"12/01/2024";"02:16:00";"297";"Com vítima";"401,800";"BR-386/RS";"Crescente";"Acidentes de outra natureza";0;0;0;0;0;0;0;0;0;0;1;0;1;0;0
"12/01/2024";"02:18:49";"299";"Sem vítima";"87,480";"BR-290/RS";"Crescente";"Colisão traseira";0;0;0;0;0;0;0;0;0;0;1;0;0;0;0
"12/01/2024";"05:41:02";"350";"Sem vítima";"19,000";"BR-290/RS";"Decrescente";"Colisão traseira";0;0;0;0;0;0;0;0;0;0;0;0;0;0;0
"12/01/2024";"06:01:44";"352";"Sem vítima";"60,000";"BR-290/RS";"Decrescente";"Colisão traseira";0;0;0;0;0;0;0;0;0;0;0;0;0;0;0
"12/01/2024";"07:37:43";"369";"Sem vítima";"31,000";"BR-290/RS";"Decrescente";"Colisão traseira";0;0;0;0;0;0;0;0;0;0;0;0;0;0;0
"13/01/2024";"02:14:00";"31";"Sem vítima";"80,000";"BR-290/RS";"Decrescente";"Colisão traseira";0;0;0;0;0;0;0;0;0;0;4;0;0;0;0
"13/01/2024";"04:13:50";"60";"Com vítima";"91,450";"BR-290/RS";"Decrescente";"Colisão lateral no mesmo sentido";0;0;0;0;0;0;0;0;0;0;0;0;2;0;0
"13/01/2024";"04:21:59";"68";"Com vítima";"339,000";"BR-386/RS";"Decrescente";"Colisão frontal";0;0;0;0;0;0;0;0;0;0;4;0;0;0;0
"13/01/2024";"06:54:00";"147";"Sem vítima";"4,000";"BR-290/RS";"Crescente";"Colisão lateral no mesmo sentido";0;0;0;0;0;0;0;0;0;0;0;0;0;0;0
"13/01/2024";"06:58:28";"148";"Sem vítima";"341,000";"BR-386/RS";"Decrescente";"Acidentes de outra natureza";0;0;0;0;0;0;0;0;0;0;0;0;0;0;0
"13/01/2024";"07:06:02";"151";"Sem vítima";"225,000";"BR-386/RS";"Crescente";"Colisão traseira";0;0;0;0;0;0;0;0;0;0;0;0;0;0;0
"13/01/2024";"08:41:24";"175";"Com vítima";"355,900";"BR-386/RS";"Decrescente";"Colisão lateral no mesmo sentido";0;0;0;0;0;0;0;0;0;0;2;0;0;0;0