data;horario;n_da_ocorrencia;tipo_de_ocorrencia;km;trecho;sentido;tipo_de_acidente;automovel;bicicleta;caminhao;moto;onibus;outros;tracao_animal;transporte_de_cargas_especiais;trator_maquinas;utilitarios;ilesos;levemente_feridos;moderadamente_feridos;gravemente_feridos;mortos
"13/02/2024";"11:22:00";"240";"Sem vítima";"411,300";"BR-386/RS";"Crescente";"Choque";0;0;0;0;0;0;0;0;0;0;0;0;0;0;0
"13/02/2024";"01:38:27";"292";"Sem vítima";"60,960";"BR-290/RS";"Crescente";"Colisão traseira";0;0;0;0;0;0;0;0;0;0;4;0;0;0;0
"13/02/2024";"02:24:00";"310";"Com vítima";"400,120";"BR-386/RS";"Decrescente";"Colisão frontal";0;0;0;0;0;0;0;0;0;0;0;0;0;0;0
"13/02/2024";"02:50:27";"325";"Sem vítima";"53,000";"BR-101/RS";"Crescente";"Acidentes de outra natureza";0;0;0;0;0;0;0;0;0;0;0;0;0;0;0
"13/02/2024";"02:51:00";"326";"Sem vítima";"36,000";"BR-101/RS";"Crescente";"Colisão lateral no mesmo sentido";0;0;0;0;0;0;0;0;0;0;2;0;0;0;0
"13/02/2024";"03:12:00";"342";"Sem vítima";"22,000";"BR-448/RS";"Decrescente";"Acidentes de outra natureza";0;0;0;0;0;0;0;0;0;0;0;0;0;0;0
"13/02/2024";"03:56:00";"360";"Sem vítima";"91,000";"BR-290/RS";"Crescente";"Choque";0;0;0;0;0;0;0;0;0;0;0;0;0;0;0
"13/02/2024";"08:15:00";"425";"Sem vítima";"16,000";"BR-290/RS";"Crescente";"Queda de moto";0;0;0;0;0;0;0;0;0;0;0;0;0;0;0
"13/02/2024";"09:45:00";"5";"Com vítima";"59,000";"BR-101/RS";"Crescente";"Capotamento";0;0;0;0;0;0;0;0;0;0;0;1;1;0;0
"14/02/2024";"02:58:48";"49";"Sem vítima";"262,000";"BR-386/RS";"Decrescente";"Colisão traseira";0;0;0;0;0;0;0;0;0;0;0;0;0;0;0
"14/02/2024";"04:05:59";"81";"Sem vítima";"34,600";"BR-101/RS";"Crescente";"Acidentes de outra natureza";0;0;0;0;0;0;0;0;0;0;2;0;0;0;0
"14/02/2024";"04:15:36";"88";"Sem vítima";"205,000";"BR-386/RS";"Decrescente";"Colisão transversal";0;0;0;0;0;0;0;0;0;0;0;0;0;0;0
"14/02/2024";"05:30:44";"150";"Sem vítima";"412,000";"BR-386/RS";"Decrescente";"Colisão lateral no mesmo sentido";0;0;0;0;0;0;0;0;0;0;2;0;0;0;0
"14/02/2024";"06:22:54";"185";"Sem vítima";"89,465";"BR-290/RS";"Crescente";"Queda de moto";0;0;0;0;0;0;0;0;0;0;1;0;0;0;0
"14/02/2024";"06:54:55";"219";"Sem vítima";"436,000";"BR-386/RS";"Crescente";"Acidentes de outra natureza";0;0;0;0;0;0;0;0;0;0;0;0;0;0;0
"14/02/2024";"08:55:20";"292";"Sem vítima";"426,000";"BR-386/RS";"Decrescente";"Colisão traseira";0;0;0;0;0;0;0;0;0;0;0;0;0;0;0
"14/02/2024";"09:25:18";"299";"Sem vítima";"63,200";"BR-101/RS";"Crescente";"Colisão traseira";0;0;0;0;0;0;0;0;0;0;4;0;0;0;0
"14/02/2024";"12:08:56";"356";"Com vítima";"16,396";"BR-101/RS";"Decrescente";"Capotamento";0;0;0;0;0;0;0;0;0;0;0;0;0;0;0
"14/02/2024";"01:19:29";"385";"Sem vítima";"20,312";"BR-290/RS";"Decrescente";"Choque";0;0;0;0;0;0;0;0;0;0;0;0;0;0;0
"14/02/2024";"01:27:00";"388";"Com vítima";"365,950";"BR-386/RS";"Crescente";"Queda de moto";0;0;0;0;0;0;0;0;0;0;0;0;0;0;0
"15/02/2024";"06:28:57";"218";"Sem vítima";"19,000";"BR-290/RS";"Crescente";"Colisão traseira";0;0;0;0;0;0;0;0;0;0;4;0;0;0;0
"15/02/2024";"06:31:27";"220";"Sem vítima";"402,000";"BR-386/RS";"Crescente";"Colisão traseira";0;0;0;0;0;0;0;0;0;0;0;0;0;0;0
"15/02/2024";"08:39:00";"254";"Com vítima";"245,000";"BR-386/RS";"Decrescente";"Colisão transversal";0;0;0;0;0;0;0;0;0;0;2;0;0;0;0
"15/02/2024";"09:09:27";"261";"Sem vítima";"42,884";"BR-290/RS";"Crescente";"Colisão lateral no mesmo sentido";0;0;0;0;0;0;0;0;0;0;0;0;0;0;0
"15/02/2024";"12:12:18";"312";"Sem vítima";"339,000";"BR-386/RS";"Decrescente";"Colisão transversal";0;0;0;0;0;0;0;0;0;0;0;0;0;0;0
"15/02/2024";"01:39:41";"340";"Sem vítima";"60,000";"BR-290/RS";"Crescente";"Colisão traseira";0;0;0;0;0;0;0;0;0;0;4;0;0;0;0
"15/02/2024";"02:29:01";"372";"Sem vítima";"426,000";"BR-386/RS";"Crescente";"Colisão traseira";0;0;0;0;0;0;0;0;0;0;0;0;0;0;0
"15/02/2024";"06:10:14";"415";"Sem vítima";"66,000";"BR-290/RS";"Crescente";"Capotamento";0;0;0;0;0;0;0;0;0;0;0;0;0;0;0
"15/02/2024";"08:50:00";"444";"Sem vítima";"242,000";"BR-386/RS";"Decrescente";"Acidentes de outra natureza";0;0;0;0;0;0;0;0;0;0;0;0;0;0;0
"16/02/2024";"03:30:00";"38";"Sem vítima";"306,100";"BR-386/RS";"Crescente";"Choque";0;0;0;0;0;0;0;0;0;0;1;0;0;0;0
"16/02/2024";"04:57:31";"101";"Sem vítima";"396,500";"BR-386/RS";"Crescente";"Choque";0;0;0;0;0;0;0;0;0;0;1;0;0;0;0
"16/02/2024";"05:27:00";"112";"Sem vítima";"306,100";"BR-386/RS";"Decrescente";"Colisão lateral no mesmo sentido";0;0;0;0;0;0;0;0;0;0;0;0;0;0;0
"16/02/2024";"06:32:45";"134";"Sem vítima";"368,200";"BR-386/RS";"Decrescente";"Acidentes de outra natureza";0;0;0;0;0;0;0;0;0;0;0;0;0;0;0
"16/02/2024";"06:57:06";"139";"Sem vítima";"407,300";"BR-386/RS";"Crescente";"Choque";0;0;0;0;0;0;0;0;0;0;0;0;0;0;0
"16/02/2024";"08:19:00";"157";"Sem vítima";"19,000";"BR-448/RS";"Crescente";"Choque";0;0;0;0;0;0;0;0;0;0;0;0;0;0;0
"16/02/2024";"08:23:45";"158";"Sem vítima";"379,500";"BR-386/RS";"Crescente";"Acidentes de outra natureza";0;0;0;0;0;0;0;0;0;0;0;0;0;0;0
"16/02/2024";"09:08:15";"168";"Sem vítima";"84,000";"BR-101/RS";"Decrescente";"Colisão lateral no mesmo sentido";0;0;0;0;0;0;0;0;0;0;0;0;0;0;0
"16/02/2024";"09:20:35";"173";"Sem vítima";"80,000";"BR-290/RS";"Crescente";"Queda de moto";0;0;0;0;0;0;0;0;0;0;0;0;0;0;0
"16/02/2024";"09:27:20";"174";"Sem vítima";"76,000";"BR-290/RS";"Decrescente";"Choque";0;0;0;0;0;0;0;0;0;0;0;0;0;0;0
"16/02/2024";"10:09:35";"179";"Sem vítima";"440,900";"BR-386/RS";"Decrescente";"Choque";0;0;0;0;0;0;0;0;0;0;0;0;0;0;0
"16/02/2024";"10:11:00";"180";"Sem vítima";"411,100";"BR-386/RS";"Decrescente";"Choque";0;0;0;0;0;0;0;0;0;0;1;0;0;0;0
"16/02/2024";"10:38:18";"188";"Sem vítima";"81,000";"BR-101/RS";"Crescente";"Colisão traseira";0;0;0;0;0;0;0;0;0;0;0;0;0;0;0
"16/02/2024";"10:57:00";"194";"Sem vítima";"440,900";"BR-386/RS";"Decrescente";"Choque";0;0;0;0;0;0;0;0;0;0;0;0;0;0;0
"16/02/2024";"12:10:31";"209";"Com vítima";"434,200";"BR-386/RS";"Decrescente";"Colisão traseira";0;0;0;0;0;0;0;0;0;0;0;0;0;0;0
"16/02/2024";"12:42:00";"217";"Sem vítima";"58,000";"BR-290/RS";"Crescente";"Colisão lateral no mesmo sentido";0;0;0;0;0;0;0;0;0;0;4;0;0;0;0
"16/02/2024";"02:00:14";"236";"Sem vítima";"45,000";"BR-101/RS";"Crescente";"Choque";0;0;0;0;0;0;0;0;0;0;0;0;0;0;0
"16/02/2024";"02:18:00";"240";"Sem vítima";"309,000";"BR-386/RS";"Decrescente";"Atropelamento de animal";0;0;0;0;0;0;0;0;0;0;0;0;0;0;0
"16/02/2024";"02:40:00";"246";"Sem vítima";"283,000";"BR-386/RS";"Decrescente";"Choque";0;0;0;0;0;0;0;0;0;0;0;0;0;0;0
"16/02/2024";"10:45:00";"13";"Com vítima";"32,978";"BR-290/RS";"Crescente";"Colisão traseira";0;0;0;0;0;0;0;0;0;0;0;0;0;0;0
"17/02/2024";"10:44:56";"167";"Sem vítima";"426,200";"BR-386/RS";"Crescente";"Colisão traseira";0;0;0;0;0;0;0;0;0;0;0;0;0;0;0
"17/02/2024";"11:05:11";"174";"Sem vítima";"349,200";"BR-386/RS";"Crescente";"Colisão traseira";0;0;0;0;0;0;0;0;0;0;0;0;0;0;0
"17/02/2024";"02:09:01";"214";"Com vítima";"15,000";"BR-448/RS";"Decrescente";"Colisão traseira";0;0;0;0;0;0;0;0;0;0;0;2;0;0;0
"17/02/2024";"02:13:00";"215";"Sem vítima";"322,000";"BR-386/RS";"Decrescente";"Choque";0;0;0;0;0;0;0;0;0;0;0;0;0;0;0
"17/02/2024";"06:09:41";"260";"Sem vítima";"344,000";"BR-386/RS";"Decrescente";"Colisão traseira";0;0;0;0;0;0;0;0;0;0;4;0;0;0;0
"17/02/2024";"08:32:18";"276";"Sem vítima";"426,000";"BR-386/RS";"Crescente";"Atropelamento de animal";0;0;0;0;0;0;0;0;0;0;0;0;0;0;0
"18/02/2024";"02:45:00";"199";"Sem vítima";"5,000";"BR-290/RS";"Decrescente";"Choque";0;0;0;0;0;0;0;0;0;0;0;0;0;0;0
"18/02/2024";"03:03:04";"208";"Com vítima";"32,000";"BR-101/RS";"Decrescente";"Queda de moto";0;0;0;0;0;0;0;0;0;0;0;0;0;0;0
"18/02/2024";"03:44:47";"216";"Sem vítima";"390,000";"BR-386/RS";"Crescente";"Colisão transversal";0;0;0;0;0;0;0;0;0;0;0;0;0;0;0
"19/02/2024";"06:07:00";"136";"Sem vítima";"89,000";"BR-290/RS";"Crescente";"Colisão lateral no mesmo sentido";0;0;0;0;0;0;0;0;0;0;2;0;0;0;0
"19/02/2024";"01:10:00";"270";"Sem vítima";"79,822";"BR-290/RS";"Crescente";"Queda de moto";0;0;0;0;0;0;0;0;0;0;1;0;0;0;0
"19/02/2024";"01:38:11";"276";"Sem vítima";"92,000";"BR-290/RS";"Decrescente";"Colisão lateral no mesmo sentido";0;0;0;0;0;0;0;0;0;0;4;0;0;0;0
"19/02/2024";"05:11:00";"303";"Sem vítima";"40,000";"BR-101/RS";"Decrescente";"Colisão lateral no mesmo sentido";0;0;0;0;0;0;0;0;0;0;0;0;0;0;0
"19/02/2024";"09:28:00";"8";"Com vítima";"360,500";"BR-386/RS";"Crescente";"Queda de moto";0;0;0;0;0;0;0;0;0;0;0;0;0;0;0
"19/02/2024";"09:48:46";"9";"Sem vítima";"63,000";"BR-101/RS";"Crescente";"Acidentes de outra natureza";0;0;0;0;0;0;0;0;0;0;0;0;0;0;0
"20/02/2024";"06:59:10";"178";"Com vítima";"96,380";"BR-290/RS";"Crescente";"Colisão lateral no mesmo sentido";0;0;0;0;0;0;0;0;0;0;0;2;0;0;0
"20/02/2024";"05:19:24";"310";"Sem vítima";"255,000";"BR-386/RS";"Crescente";"Acidentes de outra natureza";0;0;0;0;0;0;0;0;0;0;0;0;0;0;0
"21/02/2024";"03:35:30";"33";"Sem vítima";"82,000";"BR-101/RS";"Crescente";"Choque";0;0;0;0;0;0;0;0;0;0;0;0;0;0;0
"21/02/2024";"04:43:46";"91";"Sem vítima";"9,800";"BR-448/RS";"Crescente";"Colisão lateral no mesmo sentido";0;0;0;0;0;0;0;0;0;0;0;0;0;0;0
"21/02/2024";"04:49:55";"92";"Sem vítima";"91,000";"BR-290/RS";"Crescente";"Engavetamento";0;0;0;0;0;0;0;0;0;0;0;0;0;0;0
"21/02/2024";"05:00:21";"105";"Sem vítima";"440,200";"BR-386/RS";"Crescente";"Colisão traseira";0;0;0;0;0;0;0;0;0;0;0;0;0;0;0
"21/02/2024";"05:10:03";"111";"Com vítima";"88,000";"BR-290/RS";"Crescente";"Colisão lateral no mesmo sentido";0;0;0;0;0;0;0;0;0;0;0;0;0;0;0
"21/02/2024";"06:15:00";"146";"Com vítima";"9,800";"BR-448/RS";"Decrescente";"Queda de moto";0;0;0;0;0;0;0;0;0;0;0;0;0;0;0
"21/02/2024";"08:10:00";"190";"Sem vítima";"19,000";"BR-290/RS";"Decrescente";"Colisão traseira";0;0;0;0;0;0;0;0;0;0;0;0;0;0;0
"21/02/2024";"09:10:22";"200";"Com vítima";"73,000";"BR-101/RS";"Crescente";"Colisão traseira";0;0;0;0;0;0;0;0;0;0;6;0;0;0;0
"21/02/2024";"11:15:00";"228";"Com vítima";"40,000";"BR-290/RS";"Crescente";"Colisão traseira";0;0;0;0;0;0;0;0;0;0;0;0;0;0;0
"21/02/2024";"05:04:00";"304";"Com vítima";"70,000";"BR-290/RS";"Crescente";"Queda de moto";0;0;0;0;0;0;0;0;0;0;0;0;0;0;0
"21/02/2024";"05:16:00";"307";"Com vítima";"44,000";"BR-101/RS";"Decrescente";"Choque";0;0;0;0;0;0;0;0;0;0;2;0;0;0;0
"22/02/2024";"04:46:16";"100";"Sem vítima";"9,800";"BR-448/RS";"Crescente";"Colisão traseira";0;0;0;0;0;0;0;0;0;0;0;0;0;0;0
"22/02/2024";"05:45:02";"141";"Sem vítima";"95,000";"BR-290/RS";"Crescente";"Colisão traseira";0;0;0;0;0;0;0;0;0;0;0;0;0;0;0
"22/02/2024";"12:45:00";"259";"Com vítima";"72,000";"BR-101/RS";"Crescente";"Tombamento";0;0;0;0;0;0;0;0;0;0;0;0;0;0;0
"22/02/2024";"01:02:00";"264";"Sem vítima";"83,800";"BR-290/RS";"Decrescente";"Colisão lateral no mesmo sentido";0;0;0;0;0;0;0;0;0;0;0;0;0;0;0
"22/02/2024";"01:11:21";"266";"Com vítima";"83,800";"BR-290/RS";"Decrescente";"Colisão traseira";0;0;0;0;0;0;0;0;0;0;0;0;0;0;0
"22/02/2024";"01:42:00";"274";"Sem vítima";"45,000";"BR-290/RS";"Decrescente";"Colisão traseira";0;0;0;0;0;0;0;0;0;0;1;0;0;0;0
"22/02/2024";"01:57:00";"278";"Sem vítima";"342,100";"BR-386/RS";"Decrescente";"Colisão traseira";0;0;0;0;0;0;0;0;0;0;0;0;0;0;0
"22/02/2024";"02:44:42";"291";"Sem vítima";"76,000";"BR-290/RS";"Crescente";"Choque";0;0;0;0;0;0;0;0;0;0;0;0;0;0;0
"22/02/2024";"03:55:48";"307";"Sem vítima";"75,000";"BR-290/RS";"Crescente";"Acidentes de outra natureza";0;0;0;0;0;0;0;0;0;0;0;0;0;0;0
"22/02/2024";"05:24:14";"330";"Sem vítima";"85,744";"BR-290/RS";"Crescente";"Acidentes de outra natureza";0;0;0;0;0;0;0;0;0;0;0;0;0;0;0
"23/02/2024";"04:53:00";"134";"Sem vítima";"9,731";"BR-448/RS";"Crescente";"Colisão traseira";0;0;0;0;0;0;0;0;0;0;6;0;0;0;0
"23/02/2024";"04:55:21";"136";"Com vítima";"435,800";"BR-386/RS";"Decrescente";"Engavetamento";0;0;0;0;0;0;0;0;0;0;0;0;0;0;0
"23/02/2024";"07:22:22";"201";"Sem vítima";"18,700";"BR-290/RS";"Crescente";"Colisão lateral no mesmo sentido";0;0;0;0;0;0;0;0;0;0;0;0;0;0;0
"23/02/2024";"08:30:00";"219";"Sem vítima";"73,470";"BR-101/RS";"Decrescente";"Acidentes de outra natureza";0;0;0;0;0;0;0;0;0;0;0;0;0;0;0
"23/02/2024";"10:40:18";"257";"Sem vítima";"334,000";"BR-386/RS";"Decrescente";"Acidentes de outra natureza";0;0;0;0;0;0;0;0;0;0;0;0;0;0;0
"23/02/2024";"04:29:21";"376";"Sem vítima";"439,000";"BR-386/RS";"Decrescente";"Colisão traseira";0;0;0;0;0;0;0;0;0;0;0;0;0;0;0
"23/02/2024";"05:11:45";"390";"Sem vítima";"262,000";"BR-386/RS";"Crescente";"Colisão lateral no mesmo sentido";0;0;0;0;0;0;0;0;0;0;0;0;0;0;0
"24/02/2024";"04:34:55";"57";"Sem vítima";"41,000";"BR-101/RS";"Decrescente";"Colisão lateral no mesmo sentido";0;0;0;0;0;0;0;0;0;0;0;0;0;0;0
"24/02/2024";"04:57:25";"68";"Sem vítima";"95,266";"BR-290/RS";"Crescente";"Queda de moto";0;0;0;0;0;0;0;0;0;0;0;0;0;0;0
"24/02/2024";"05:43:04";"99";"Sem vítima";"4,000";"BR-101/RS";"Crescente";"Colisão lateral no mesmo sentido";0;0;0;0;0;0;0;0;0;0;0;0;0;0;0
"24/02/2024";"07:43:45";"146";"Com vítima";"96,000";"BR-290/RS";"Decrescente";"Colisão traseira";0;0;0;0;0;0;0;0;0;0;2;2;0;0;0
"25/02/2024";"09:33:18";"120";"Sem vítima";"35,000";"BR-101/RS";"Crescente";"Colisão traseira";0;0;0;0;0;0;0;0;0;0;0;0;0;0;0
"25/02/2024";"12:47:54";"166";"Com vítima";"8,150";"BR-101/RS";"Crescente";"Atropelamento de animal";0;0;0;0;0;0;0;0;0;0;5;0;0;0;0
"25/02/2024";"02:27:14";"194";"Sem vítima";"87,000";"BR-101/RS";"Crescente";"Engavetamento";0;0;0;0;0;0;0;0;0;0;9;0;0;0;0
"25/02/2024";"02:46:48";"202";"Com vítima";"245,000";"BR-386/RS";"Crescente";"Queda de moto";0;0;0;0;0;0;0;0;0;0;0;1;0;0;0
"25/02/2024";"02:49:01";"204";"Com vítima";"220,000";"BR-386/RS";"Decrescente";"Colisão traseira";0;0;0;0;0;0;0;0;0;0;2;0;4;0;0
"25/02/2024";"05:23:00";"250";"Com vítima";"407,000";"BR-386/RS";"Crescente";"Queda de moto";0;0;0;0;0;0;0;0;0;0;0;0;2;0;0
"26/02/2024";"04:32:16";"86";"Sem vítima";"37,000";"BR-101/RS";"Crescente";"Choque";0;0;0;0;0;0;0;0;0;0;0;0;0;0;0
"26/02/2024";"05:30:13";"117";"Sem vítima";"433,600";"BR-386/RS";"Crescente";"Colisão traseira";0;0;0;0;0;0;0;0;0;0;0;0;0;0;0
"26/02/2024";"08:27:00";"175";"Sem vítima";"218,000";"BR-386/RS";"Decrescente";"Colisão traseira";0;0;0;0;0;0;0;0;0;0;0;0;0;0;0
"26/02/2024";"12:23:32";"225";"Sem vítima";"333,400";"BR-386/RS";"Crescente";"Colisão traseira";0;0;0;0;0;0;0;0;0;0;0;0;0;0;0
"26/02/2024";"12:29:37";"228";"Sem vítima";"429,000";"BR-386/RS";"Decrescente";"Choque";0;0;0;0;0;0;0;0;0;0;0;0;0;0;0
"26/02/2024";"04:38:11";"262";"Sem vítima";"45,000";"BR-290/RS";"Decrescente";"Acidentes de outra natureza";0;0;0;0;0;0;0;0;0;0;0;0;0;0;0
"26/02/2024";"09:31:36";"7";"Sem vítima";"94,000";"BR-290/RS";"Crescente";"Choque";0;0;0;0;0;0;0;0;0;0;1;0;0;0;0
"27/02/2024";"04:02:00";"54";"Com vítima";"87,600";"BR-290/RS";"Decrescente";"Queda de moto";0;0;0;0;0;0;0;0;0;0;0;0;0;0;0
"27/02/2024";"09:09:37";"171";"Sem vítima";"356,000";"BR-386/RS";"Decrescente";"Colisão lateral no mesmo sentido";0;0;0;0;0;0;0;0;0;0;0;0;0;0;0
"27/02/2024";"01:43:56";"232";"Sem vítima";"65,000";"BR-290/RS";"Decrescente";"Acidentes de outra natureza";0;0;0;0;0;0;0;0;0;0;0;0;0;0;0
"27/02/2024";"01:47:00";"233";"Sem vítima";"77,000";"BR-290/RS";"Decrescente";"Colisão lateral no mesmo sentido";0;0;0;0;0;0;0;0;0;0;0;0;0;0;0
"28/02/2024";"01:21:54";"16";"Sem vítima";"79,000";"BR-290/RS";"Crescente";"Colisão traseira";0;0;0;0;0;0;0;0;0;0;0;0;0;0;0
"28/02/2024";"02:52:17";"28";"Com vítima";"336,760";"BR-386/RS";"Crescente";"Capotamento";0;0;0;0;0;0;0;0;0;0;0;0;0;0;0
"28/02/2024";"08:47:57";"203";"Sem vítima";"86,000";"BR-290/RS";"Crescente";"Colisão traseira";0;0;0;0;0;0;0;0;0;0;4;0;0;0;0
"28/02/2024";"11:32:39";"261";"Sem vítima";"49,000";"BR-101/RS";"Decrescente";"Colisão traseira";0;0;0;0;0;0;0;0;0;0;1;0;0;0;0
"28/02/2024";"10:01:00";"24";"Sem vítima";"395,400";"BR-386/RS";"Crescente";"Acidentes de outra natureza";0;0;0;0;0;0;0;0;0;0;0;0;0;0;0
"29/02/2024";"04:12:50";"84";"Com vítima";"92,000";"BR-290/RS";"Crescente";"Queda de moto";0;0;0;0;0;0;0;0;0;0;0;0;0;0;0
"29/02/2024";"04:28:00";"100";"Sem vítima";"440,000";"BR-386/RS";"Crescente";"Engavetamento";0;0;0;0;0;0;0;0;0;0;0;0;0;0;0
"29/02/2024";"05:56:59";"181";"Sem vítima";"435,800";"BR-386/RS";"Crescente";"Colisão traseira";0;0;0;0;0;0;0;0;0;0;0;0;0;0;0
"29/02/2024";"06:14:14";"189";"Sem vítima";"338,000";"BR-386/RS";"Crescente";"Colisão traseira";0;0;0;0;0;0;0;0;0;0;0;0;0;0;0
"29/02/2024";"08:44:03";"238";"Sem vítima";"356,120";"BR-386/RS";"Decrescente";"Colisão traseira";0;0;0;0;0;0;0;0;0;0;0;0;0;0;0
"29/02/2024";"01:54:24";"334";"Sem vítima";"442,000";"BR-386/RS";"Decrescente";"Engavetamento";0;0;0;0;0;0;0;0;0;0;3;0;0;0;0
"29/02/2024";"05:23:01";"374";"Com vítima";"251,000";"BR-386/RS";"Decrescente";"Colisão transversal";0;0;0;0;0;0;0;0;0;0;1;1;0;0;0
"01/03/2024";"05:19:50";"125";"Sem vítima";"356,600";"BR-386/RS";"Crescente";"Colisão lateral no mesmo sentido";0;0;0;0;0;0;0;0;0;0;0;0;0;0;0
"01/03/2024";"05:23:00";"131";"Com vítima";"83,000";"BR-290/RS";"Crescente";"Queda de moto";0;0;0;0;0;0;0;0;0;0;0;0;0;0;0
"01/03/2024";"05:30:23";"134";"Sem vítima";"83,000";"BR-290/RS";"Crescente";"Engavetamento";0;0;0;0;0;0;0;0;0;0;0;0;0;0;0
"01/03/2024";"08:54:00";"188";"Sem vítima";"52,000";"BR-290/RS";"Decrescente";"Capotamento";0;0;0;0;0;0;0;0;0;0;0;0;0;0;0
"01/03/2024";"11:04:00";"206";"Sem vítima";"36,000";"BR-290/RS";"Decrescente";"Capotamento";0;0;0;0;0;0;0;0;0;0;0;0;0;0;0
"01/03/2024";"03:25:38";"264";"Sem vítima";"342,000";"BR-386/RS";"Decrescente";"Acidentes de outra natureza";0;0;0;0;0;0;0;0;0;0;2;0;0;0;0
"01/03/2024";"04:03:00";"268";"Com vítima";"74,000";"BR-290/RS";"Decrescente";"Queda de moto";0;0;0;0;0;0;0;0;0;0;0;0;0;0;0
"01/03/2024";"05:40:18";"289";"Sem vítima";"19,515";"BR-290/RS";"Decrescente";"Engavetamento";0;0;0;0;0;0;0;0;0;0;0;0;0;0;0
"02/03/2024";"08:15:20";"166";"Sem vítima";"426,000";"BR-386/RS";"Decrescente";"Colisão lateral no mesmo sentido";0;0;0;0;0;0;0;0;0;0;0;0;0;0;0
"02/03/2024";"03:41:58";"247";"Com vítima";"85,300";"BR-290/RS";"Crescente";"Atropelamento de pedestre";0;0;0;0;0;0;0;0;0;0;1;0;0;0;0
"03/03/2024";"08:44:11";"118";"Com vítima";"31,000";"BR-290/RS";"Decrescente";"Acidentes de outra natureza";0;0;0;0;0;0;0;0;0;0;0;0;0;0;0
"03/03/2024";"02:51:00";"187";"Sem vítima";"366,000";"BR-386/RS";"Decrescente";"Choque";0;0;0;0;0;0;0;0;0;0;0;0;0;0;0
"03/03/2024";"04:12:00";"213";"Sem vítima";"8,000";"BR-290/RS";"Crescente";"Colisão traseira";0;0;0;0;0;0;0;0;0;0;0;0;0;0;0
"03/03/2024";"04:34:33";"217";"Com vítima";"435,000";"BR-386/RS";"Decrescente";"Colisão transversal";0;0;0;0;0;0;0;0;0;0;0;0;0;0;0
"03/03/2024";"05:09:00";"233";"Sem vítima";"271,000";"BR-386/RS";"Crescente";"Atropelamento de animal";0;0;0;0;0;0;0;0;0;0;0;0;0;0;0
"03/03/2024";"05:46:13";"247";"Sem vítima";"436,000";"BR-386/RS";"Crescente";"Colisão traseira";0;0;0;0;0;0;0;0;0;0;0;0;0;0;0
"03/03/2024";"09:58:26";"20";"Sem vítima";"16,000";"BR-290/RS";"Crescente";"Acidentes de outra natureza";0;0;0;0;0;0;0;0;0;0;0;0;0;0;0
"04/03/2024";"03:11:39";"59";"Sem vítima";"334,000";"BR-386/RS";"Decrescente";"Tombamento";0;0;0;0;0;0;0;0;0;0;1;0;0;0;0
"04/03/2024";"03:18:25";"60";"Sem vítima";"307,000";"BR-386/RS";"Decrescente";"Acidentes de outra natureza";0;0;0;0;0;0;0;0;0;0;0;0;0;0;0
"04/03/2024";"06:09:48";"151";"Sem vítima";"353,000";"BR-386/RS";"Crescente";"Colisão traseira";0;0;0;0;0;0;0;0;0;0;0;0;0;0;0
"04/03/2024";"07:14:07";"178";"Sem vítima";"35,000";"BR-101/RS";"Decrescente";"Colisão traseira";0;0;0;0;0;0;0;0;0;0;4;0;0;0;0
"04/03/2024";"09:52:00";"220";"Com vítima";"284,000";"BR-386/RS";"Crescente";"Colisão frontal";0;0;0;0;0;0;0;0;0;0;0;0;0;0;0
"04/03/2024";"10:58:48";"231";"Com vítima";"377,000";"BR-386/RS";"Decrescente";"Colisão lateral no mesmo sentido";0;0;0;0;0;0;0;0;0;0;0;0;0;0;0
"04/03/2024";"11:10:19";"234";"Sem vítima";"187,000";"BR-386/RS";"Decrescente";"Colisão transversal";0;0;0;0;0;0;0;0;0;0;0;0;0;0;0
"04/03/2024";"11:27:00";"237";"Com vítima";"10,000";"BR-448/RS";"Crescente";"Acidentes de outra natureza";0;0;0;0;0;0;0;0;0;0;0;0;0;0;0
"04/03/2024";"12:53:56";"250";"Sem vítima";"19,000";"BR-290/RS";"Crescente";"Acidentes de outra natureza";0;0;0;0;0;0;0;0;0;0;1;0;0;0;0