data;horario;n_da_ocorrencia;tipo_de_ocorrencia;km;trecho;sentido;tipo_de_acidente;automovel;bicicleta;caminhao;moto;onibus;outros;tracao_animal;transporte_de_cargas_especiais;trator_maquinas;utilitarios;ilesos;levemente_feridos;moderadamente_feridos;gravemente_feridos;mortos
"27/05/2024";"07:52:59";"122";"Sem vítima";"77,132";"BR-290/RS";"Decrescente";"Choque";1;0;0;0;0;0;0;0;0;0;2;0;0;0;0
"27/05/2024";"10:29:16";"146";"Sem vítima";"433,000";"BR-386/RS";"Decrescente";"Choque";1;0;0;0;0;0;0;0;0;0;3;0;0;0;0
"27/05/2024";"10:44:02";"148";"Sem vítima";"57,000";"BR-101/RS";"Decrescente";"Saída de pista";1;0;0;0;0;0;0;0;0;0;1;0;0;0;0
"27/05/2024";"12:22:35";"162";"Sem vítima";"410,000";"BR-386/RS";"Crescente";"Saída de pista";1;0;0;0;0;0;0;0;0;0;1;0;0;0;0
"27/05/2024";"02:08:27";"190";"Sem vítima";"57,769";"BR-290/RS";"Crescente";"Colisão lateral no mesmo sentido";2;0;0;0;0;0;0;0;0;0;2;0;0;0;0
"27/05/2024";"02:37:09";"194";"Sem vítima";"443,000";"BR-386/RS";"Decrescente";"Colisão traseira";2;0;0;0;0;0;0;0;0;0;3;0;0;0;0
"27/05/2024";"03:55:16";"205";"Sem vítima";"427,000";"BR-386/RS";"Decrescente";"Choque";0;0;1;0;0;0;0;0;0;0;1;0;0;0;0
"28/05/2024";"12:07:37";"29";"Sem vítima";"42,000";"BR-290/RS";"Crescente";"Queda de moto";0;0;0;1;0;0;0;0;0;0;2;0;0;0;0
"28/05/2024";"05:04:56";"111";"Sem vítima";"262,000";"BR-386/RS";"Decrescente";"Choque";1;0;0;0;0;0;0;0;0;0;2;0;0;0;0
"28/05/2024";"03:41:00";"299";"Sem vítima";"346,000";"BR-386/RS";"Decrescente";"Colisão lateral no mesmo sentido";3;0;1;0;0;0;0;0;0;0;6;0;0;0;0
"28/05/2024";"05:18:52";"318";"Sem vítima";"13,000";"BR-448/RS";"Decrescente";"Choque";1;0;0;0;0;0;0;0;0;0;1;0;0;0;0
"28/05/2024";"05:56:32";"325";"Sem vítima";"270,000";"BR-386/RS";"Crescente";"Acidentes de outra natureza";1;0;0;0;0;0;0;0;0;0;1;0;0;0;0
"28/05/2024";"09:17:52";"3";"Sem vítima";"59,000";"BR-290/RS";"Crescente";"Choque";1;0;0;0;0;0;0;0;0;0;1;0;0;0;0
"29/05/2024";"01:24:49";"34";"Sem vítima";"249,000";"BR-386/RS";"Decrescente";"Saída de pista";1;0;0;0;0;0;0;0;0;0;1;0;0;0;0
"29/05/2024";"04:44:36";"90";"Com vítima";"435,000";"BR-386/RS";"Crescente";"Colisão traseira";1;0;0;1;0;0;0;0;0;0;1;1;0;0;0
"29/05/2024";"05:41:09";"113";"Sem vítima";"348,000";"BR-386/RS";"Crescente";"Colisão lateral no mesmo sentido";1;0;1;0;0;0;0;0;0;0;2;0;0;0;0
"29/05/2024";"06:12:00";"129";"Sem vítima";"294,000";"BR-386/RS";"Crescente";"Colisão traseira";1;0;1;0;0;0;0;0;0;0;4;0;0;0;0
"29/05/2024";"06:41:35";"139";"Com vítima";"348,000";"BR-386/RS";"Crescente";"Colisão lateral no mesmo sentido";1;0;1;0;0;0;0;0;0;0;2;1;0;0;0
"29/05/2024";"09:11:13";"168";"Sem vítima";"30,000";"BR-101/RS";"Crescente";"Choque";1;0;0;0;0;0;0;0;0;0;2;0;0;0;0
"29/05/2024";"09:24:00";"169";"Sem vítima";"247,000";"BR-386/RS";"Crescente";"Colisão traseira";2;0;0;0;0;0;0;0;0;0;2;0;0;0;0
"29/05/2024";"10:01:49";"180";"Com vítima";"88,000";"BR-290/RS";"Crescente";"Queda de moto";0;0;0;1;0;0;0;0;0;0;0;2;0;0;0
"29/05/2024";"03:12:01";"244";"Sem vítima";"89,000";"BR-290/RS";"Decrescente";"Colisão lateral no mesmo sentido";1;0;1;0;0;0;0;0;0;0;2;0;0;0;0
"29/05/2024";"03:28:00";"250";"Com vítima";"435,000";"BR-386/RS";"Decrescente";"Colisão transversal";2;0;0;0;0;0;0;0;0;0;3;2;0;0;0
"29/05/2024";"03:45:13";"254";"Com vítima";"93,000";"BR-290/RS";"Crescente";"Colisão traseira";1;0;0;1;0;0;0;0;0;0;1;1;0;0;0
"29/05/2024";"04:53:11";"264";"Sem vítima";"371,000";"BR-386/RS";"Crescente";"Colisão traseira";2;0;0;0;0;0;0;0;0;0;2;0;0;0;0
"29/05/2024";"05:00:00";"265";"Sem vítima";"361,000";"BR-386/RS";"Decrescente";"Saída de pista";1;0;0;0;0;0;0;0;0;0;1;0;0;0;0
"29/05/2024";"06:06:53";"275";"Sem vítima";"220,000";"BR-386/RS";"Decrescente";"Colisão traseira";2;0;0;0;0;0;0;0;0;0;4;0;0;0;0
"30/05/2024";"03:31:07";"46";"Sem vítima";"204,000";"BR-386/RS";"Crescente";"Saída de pista";3;0;0;0;0;0;0;0;0;0;2;0;0;0;0
"30/05/2024";"03:43:15";"49";"Sem vítima";"435,000";"BR-386/RS";"Crescente";"Colisão lateral no mesmo sentido";2;0;0;0;0;0;0;0;0;0;7;0;0;0;0
"30/05/2024";"06:32:00";"109";"Sem vítima";"392,700";"BR-386/RS";"Crescente";"Saída de pista";1;0;0;0;0;0;0;0;0;0;1;0;0;0;0
"30/05/2024";"07:53:04";"133";"Com vítima";"375,000";"BR-386/RS";"Crescente";"Choque";0;0;1;0;0;0;0;0;0;0;1;1;0;0;0
"30/05/2024";"09:23:59";"158";"Sem vítima";"221,000";"BR-386/RS";"Crescente";"Colisão traseira";2;0;0;0;0;0;0;0;0;0;5;0;0;0;0
"30/05/2024";"11:12:00";"183";"Sem vítima";"294,000";"BR-386/RS";"Crescente";"Colisão traseira";2;0;0;0;0;0;0;0;0;0;3;0;0;0;0
"30/05/2024";"02:11:08";"219";"Sem vítima";"400,000";"BR-386/RS";"Decrescente";"Choque";1;0;0;0;0;0;0;0;0;0;1;0;0;0;0
"30/05/2024";"03:35:34";"233";"Sem vítima";"427,000";"BR-386/RS";"Crescente";"Colisão traseira";2;0;0;0;0;0;0;0;0;0;3;0;0;0;0
"30/05/2024";"04:37:29";"240";"Sem vítima";"379,000";"BR-386/RS";"Crescente";"Colisão transversal";2;0;0;0;0;0;0;0;0;0;3;0;0;0;0
"31/05/2024";"03:23:41";"32";"Sem vítima";"80,000";"BR-290/RS";"Crescente";"Saída de pista";1;0;0;0;0;0;0;0;0;0;2;0;0;0;0
"31/05/2024";"03:24:42";"34";"Sem vítima";"297,000";"BR-386/RS";"Crescente";"Colisão traseira";0;0;2;0;0;0;0;0;0;0;3;0;0;0;0
"31/05/2024";"05:05:00";"76";"Sem vítima";"327,000";"BR-386/RS";"Crescente";"Colisão traseira";1;0;1;0;0;0;0;0;0;0;5;0;0;0;0
"31/05/2024";"12:43:04";"195";"Com vítima";"429,000";"BR-386/RS";"Decrescente";"Colisão traseira";1;0;0;1;0;0;0;0;0;0;1;0;1;0;0
"31/05/2024";"01:08:01";"199";"Sem vítima";"308,000";"BR-386/RS";"Decrescente";"Colisão traseira";0;0;2;0;0;0;0;0;0;0;2;0;0;0;0
"31/05/2024";"01:34:12";"206";"Sem vítima";"64,726";"BR-290/RS";"Decrescente";"Queda de moto";0;0;0;1;0;0;0;0;0;0;2;0;0;0;0
"31/05/2024";"01:49:22";"208";"Com vítima";"350,000";"BR-386/RS";"Decrescente";"Colisão traseira";1;0;0;1;0;0;0;0;0;0;1;1;0;0;0
"31/05/2024";"05:31:23";"250";"Sem vítima";"430,000";"BR-386/RS";"Crescente";"Saída de pista";1;0;0;0;0;0;0;0;0;0;1;0;0;0;0
"31/05/2024";"06:00:56";"259";"Sem vítima";"431,000";"BR-386/RS";"Decrescente";"Colisão lateral no mesmo sentido";1;0;0;0;0;0;0;0;0;0;1;0;0;0;0
"31/05/2024";"10:21:00";"4";"Sem vítima";"12,000";"BR-290/RS";"Crescente";"Atropelamento de animal";1;0;0;0;0;0;0;0;0;0;2;0;0;0;0
"31/05/2024";"11:28:00";"19";"Sem vítima";"69,000";"BR-101/RS";"Crescente";"Choque";1;0;0;0;0;0;0;0;0;0;4;0;0;0;0
"01/06/2024";"01:05:00";"24";"Sem vítima";"79,000";"BR-101/RS";"Decrescente";"Choque";1;0;0;0;0;0;0;0;0;0;1;0;0;0;0
"01/06/2024";"06:50:00";"112";"Sem vítima";"309,000";"BR-386/RS";"Crescente";"Colisão traseira";1;0;0;0;0;0;0;0;0;0;4;0;0;0;0
"01/06/2024";"07:31:13";"117";"Sem vítima";"446,000";"BR-386/RS";"Crescente";"Engavetamento";2;0;0;0;0;0;0;0;0;0;6;0;0;0;0
"01/06/2024";"02:56:00";"183";"Sem vítima";"234,000";"BR-386/RS";"Decrescente";"Saída de pista";1;0;0;0;0;0;0;0;0;0;1;0;0;0;0
"01/06/2024";"07:04:58";"231";"Sem vítima";"344,000";"BR-386/RS";"Crescente";"Choque";1;0;0;0;0;0;0;0;0;0;2;0;0;0;0
"01/06/2024";"11:08:00";"25";"Sem vítima";"246,000";"BR-386/RS";"Decrescente";"Atropelamento de animal";1;0;0;0;0;0;0;0;0;0;3;0;0;0;0
"02/06/2024";"12:42:10";"31";"Sem vítima";"4,000";"BR-101/RS";"Crescente";"Tombamento";0;0;1;0;0;0;0;0;0;0;1;0;0;0;0
"02/06/2024";"03:13:01";"41";"Sem vítima";"80,000";"BR-101/RS";"Decrescente";"Saída de pista";1;0;0;0;0;0;0;0;0;0;1;0;0;0;0
"02/06/2024";"05:45:01";"71";"Com vítima";"94,000";"BR-290/RS";"Decrescente";"Colisão traseira";0;0;0;2;0;0;0;0;0;0;1;2;0;0;0
"02/06/2024";"10:37:16";"136";"Sem vítima";"334,000";"BR-386/RS";"Crescente";"Colisão lateral no mesmo sentido";1;0;1;0;0;0;0;0;0;0;2;0;0;0;0
"02/06/2024";"12:49:00";"162";"Sem vítima";"435,000";"BR-386/RS";"Crescente";"Colisão transversal";0;0;1;1;0;0;0;0;0;0;5;0;0;0;0
"02/06/2024";"01:05:00";"164";"Sem vítima";"239,000";"BR-386/RS";"Crescente";"Colisão traseira";2;0;0;0;0;0;0;0;0;0;7;0;0;0;0
"02/06/2024";"01:57:46";"176";"Sem vítima";"351,000";"BR-386/RS";"Decrescente";"Colisão lateral no mesmo sentido";1;0;1;0;0;0;0;0;0;0;3;0;0;0;0
"02/06/2024";"02:00:01";"179";"Com vítima";"436,000";"BR-386/RS";"Decrescente";"Colisão traseira";2;0;0;0;0;0;0;0;0;0;2;2;0;0;0
"02/06/2024";"03:15:00";"201";"Com vítima";"245,200";"BR-386/RS";"Crescente";"Colisão lateral no mesmo sentido";2;0;0;0;0;0;0;0;0;0;5;1;0;0;0
"02/06/2024";"03:21:37";"203";"Com vítima";"12,000";"BR-448/RS";"Decrescente";"Colisão traseira";4;0;0;0;0;0;0;0;0;0;2;2;0;0;0
"02/06/2024";"03:45:16";"208";"Sem vítima";"19,000";"BR-290/RS";"Decrescente";"Colisão lateral no mesmo sentido";1;0;1;0;0;0;0;0;0;0;2;0;0;0;0
"02/06/2024";"06:26:38";"233";"Sem vítima";"91,000";"BR-290/RS";"Decrescente";"Colisão traseira";2;0;0;0;0;0;0;0;0;0;3;0;0;0;0
"03/06/2024";"12:23:29";"24";"Sem vítima";"17,000";"BR-290/RS";"Crescente";"Saída de pista";1;0;0;0;0;0;0;0;0;0;3;0;0;0;0
"03/06/2024";"05:31:00";"76";"Sem vítima";"242,000";"BR-386/RS";"Decrescente";"Colisão lateral no mesmo sentido";1;0;1;0;0;0;0;0;0;0;2;0;0;0;0
"03/06/2024";"06:26:22";"89";"Sem vítima";"80,000";"BR-290/RS";"Crescente";"Choque";1;0;0;0;0;0;0;0;0;0;1;0;0;0;0
"03/06/2024";"06:56:00";"100";"Sem vítima";"10,000";"BR-290/RS";"Decrescente";"Capotamento";1;0;0;0;0;0;0;0;0;0;1;0;0;0;0
"03/06/2024";"10:51:35";"140";"Sem vítima";"14,000";"BR-101/RS";"Crescente";"Colisão traseira";2;0;0;0;0;0;0;0;0;0;2;0;0;0;0
"04/06/2024";"02:57:39";"28";"Com vítima";"343,000";"BR-386/RS";"Decrescente";"Colisão traseira";2;0;0;0;0;0;0;0;0;0;0;5;0;0;0
"04/06/2024";"03:07:58";"30";"Com vítima";"351,000";"BR-386/RS";"Decrescente";"Colisão frontal";1;0;0;0;0;0;0;0;0;0;2;1;0;0;0
"04/06/2024";"05:18:31";"98";"Sem vítima";"46,000";"BR-290/RS";"Crescente";"Choque";1;0;0;0;0;0;0;0;0;0;1;0;0;0;0
"04/06/2024";"05:21:47";"104";"Sem vítima";"433,000";"BR-386/RS";"Crescente";"Colisão traseira";2;0;0;0;0;0;0;0;0;0;6;0;0;0;0
"04/06/2024";"05:48:42";"116";"Sem vítima";"20,000";"BR-448/RS";"Decrescente";"Colisão lateral no mesmo sentido";1;0;0;1;0;0;0;0;0;0;2;0;0;0;0
"04/06/2024";"07:18:32";"146";"Sem vítima";"262,000";"BR-386/RS";"Decrescente";"Colisão traseira";1;0;1;0;0;0;0;0;0;0;3;0;0;0;0
"04/06/2024";"10:03:00";"183";"Com vítima";"228,000";"BR-386/RS";"Crescente";"Colisão lateral no mesmo sentido";2;0;0;0;0;0;0;0;0;0;2;1;0;0;0
"04/06/2024";"11:20:27";"204";"Sem vítima";"335,000";"BR-386/RS";"Crescente";"Colisão lateral no mesmo sentido";1;0;1;0;0;0;0;0;0;0;3;0;0;0;0
"04/06/2024";"12:03:00";"215";"Sem vítima";"44,000";"BR-101/RS";"Crescente";"Engavetamento";1;0;0;0;1;0;0;1;0;0;33;0;0;0;0
"04/06/2024";"12:16:00";"217";"Sem vítima";"294,000";"BR-386/RS";"Crescente";"Colisão lateral no mesmo sentido";1;0;1;0;0;0;0;0;0;0;2;0;0;0;0
"04/06/2024";"01:10:00";"223";"Com vítima";"71,000";"BR-290/RS";"Decrescente";"Colisão traseira";2;0;0;0;0;0;0;0;0;0;1;0;2;0;1
"04/06/2024";"10:28:56";"20";"Sem vítima";"13,785";"BR-101/RS";"Decrescente";"Saída de pista";0;0;1;0;0;0;0;0;0;0;1;0;0;0;0
"05/06/2024";"01:28:00";"34";"Sem vítima";"46,858";"BR-290/RS";"Crescente";"Saída de pista";0;0;1;0;0;0;0;0;0;0;1;0;0;0;0
"05/06/2024";"03:32:12";"45";"Sem vítima";"249,000";"BR-386/RS";"Decrescente";"Saída de pista";1;0;0;0;0;0;0;0;0;0;2;0;0;0;0
"05/06/2024";"06:30:43";"153";"Sem vítima";"356,600";"BR-386/RS";"Decrescente";"Choque";1;0;0;0;0;0;0;0;0;0;1;0;0;0;0
"05/06/2024";"01:41:40";"244";"Sem vítima";"19,000";"BR-290/RS";"Decrescente";"Saída de pista";1;0;0;0;0;0;0;0;0;0;1;0;0;0;0
"05/06/2024";"01:56:30";"249";"Sem vítima";"350,150";"BR-386/RS";"Decrescente";"Colisão traseira";1;0;1;0;0;0;0;0;0;0;3;0;0;0;0
"05/06/2024";"02:06:30";"251";"Sem vítima";"350,200";"BR-386/RS";"Decrescente";"Colisão traseira";1;0;1;0;0;0;0;0;0;0;2;0;0;0;0
"05/06/2024";"02:07:16";"252";"Sem vítima";"19,000";"BR-290/RS";"Decrescente";"Choque";0;0;1;0;0;0;0;0;0;0;1;0;0;0;0
"05/06/2024";"02:41:25";"258";"Sem vítima";"351,100";"BR-386/RS";"Decrescente";"Colisão traseira";1;0;1;0;0;0;0;0;0;0;2;0;0;0;0
"05/06/2024";"04:22:42";"276";"Sem vítima";"349,000";"BR-386/RS";"Crescente";"Colisão lateral no mesmo sentido";1;0;1;0;0;0;0;0;0;0;3;0;0;0;0
"06/06/2024";"06:11:32";"164";"Com vítima";"389,100";"BR-386/RS";"Decrescente";"Colisão traseira";0;0;2;0;0;0;0;0;0;0;2;1;0;0;0
"06/06/2024";"07:59:14";"199";"Sem vítima";"13,000";"BR-101/RS";"Crescente";"Colisão transversal";2;0;0;0;0;0;0;0;0;0;2;0;0;0;0
"06/06/2024";"02:40:02";"291";"Sem vítima";"219,000";"BR-386/RS";"Crescente";"Engavetamento";4;0;0;0;0;0;0;0;0;0;7;0;0;0;0
"06/06/2024";"04:13:09";"308";"Com vítima";"436,000";"BR-386/RS";"Decrescente";"Colisão traseira";0;0;0;1;0;0;0;0;0;0;1;1;0;0;0
"06/06/2024";"04:21:00";"310";"Sem vítima";"360,400";"BR-386/RS";"Crescente";"Saída de pista";1;0;0;0;0;0;0;0;0;0;3;0;0;0;0
"06/06/2024";"07:12:00";"343";"Sem vítima";"400,000";"BR-386/RS";"Crescente";"Saída de pista";0;0;1;0;0;0;0;0;0;0;1;0;0;0;0
"07/06/2024";"02:56:00";"35";"Sem vítima";"80,000";"BR-290/RS";"Crescente";"Colisão traseira";0;0;0;0;0;0;0;0;0;1;1;0;0;0;0
"07/06/2024";"07:14:00";"137";"Sem vítima";"348,000";"BR-386/RS";"Decrescente";"Colisão lateral no mesmo sentido";1;0;0;0;0;0;0;0;0;0;1;0;0;0;0
"07/06/2024";"08:06:43";"150";"Sem vítima";"349,000";"BR-386/RS";"Crescente";"Colisão lateral no mesmo sentido";1;0;1;0;0;0;0;0;0;0;2;0;0;0;0
"07/06/2024";"12:56:00";"200";"Sem vítima";"312,000";"BR-386/RS";"Crescente";"Colisão traseira";0;0;2;0;0;0;0;0;0;0;2;0;0;0;0
"07/06/2024";"02:26:57";"227";"Com vítima";"16,000";"BR-101/RS";"Crescente";"Choque";1;0;0;0;0;0;0;0;0;0;0;0;0;2;0
"07/06/2024";"04:17:00";"253";"Sem vítima";"92,000";"BR-290/RS";"Decrescente";"Colisão lateral no mesmo sentido";1;0;1;0;0;0;0;0;0;0;2;0;0;0;0
"07/06/2024";"08:13:00";"306";"Sem vítima";"6,000";"BR-101/RS";"Decrescente";"Colisão traseira";1;0;0;0;0;0;0;0;0;0;3;0;0;0;0
"08/06/2024";"01:08:00";"33";"Sem vítima";"55,186";"BR-101/RS";"Crescente";"Atropelamento de animal";1;0;0;0;0;0;0;0;0;0;2;0;0;0;0
"08/06/2024";"03:18:58";"43";"Sem vítima";"60,300";"BR-290/RS";"Decrescente";"Choque";1;0;0;0;0;0;0;0;0;0;1;0;0;0;0
"08/06/2024";"04:45:00";"62";"Sem vítima";"440,000";"BR-386/RS";"Crescente";"Saída de pista";1;0;0;0;0;0;0;0;0;0;1;0;0;0;0
"08/06/2024";"06:34:05";"89";"Sem vítima";"337,000";"BR-386/RS";"Decrescente";"Saída de pista";0;0;1;0;0;0;0;0;0;0;2;0;0;0;0
"08/06/2024";"07:57:05";"107";"Sem vítima";"350,000";"BR-386/RS";"Decrescente";"Colisão traseira";1;0;1;0;0;0;0;0;0;0;4;0;0;0;0
"08/06/2024";"11:03:50";"148";"Sem vítima";"351,000";"BR-386/RS";"Decrescente";"Colisão traseira";1;0;0;0;0;0;0;0;0;0;2;0;0;0;0
"08/06/2024";"02:59:57";"203";"Com vítima";"435,000";"BR-386/RS";"Decrescente";"Colisão transversal";1;0;0;1;0;0;0;0;0;0;3;1;0;0;0
"08/06/2024";"04:45:00";"213";"Sem vítima";"72,500";"BR-290/RS";"Crescente";"Colisão traseira";1;0;0;0;0;0;0;0;0;0;1;0;0;0;0
"08/06/2024";"04:52:00";"215";"Sem vítima";"351,000";"BR-386/RS";"Crescente";"Saída de pista";1;0;0;0;0;0;0;0;0;0;1;0;0;0;0
"09/06/2024";"01:10:00";"32";"Sem vítima";"52,652";"BR-101/RS";"Crescente";"Saída de pista";1;0;0;0;0;0;0;0;0;0;1;0;0;0;0
"09/06/2024";"01:34:23";"33";"Sem vítima";"13,693";"BR-101/RS";"Crescente";"Saída de pista";1;0;0;0;0;0;0;0;0;0;1;0;0;0;0
"09/06/2024";"04:10:14";"56";"Com vítima";"14,000";"BR-101/RS";"Crescente";"Capotamento";1;0;0;0;0;0;0;0;0;0;2;1;1;0;0
"09/06/2024";"05:06:15";"64";"Com vítima";"357,000";"BR-386/RS";"Decrescente";"Saída de pista";1;0;0;0;0;0;0;0;0;0;0;1;0;0;0
"09/06/2024";"12:17:40";"135";"Sem vítima";"60,000";"BR-290/RS";"Crescente";"Colisão lateral no mesmo sentido";1;0;1;0;0;0;0;0;0;0;2;0;0;0;0
"09/06/2024";"12:50:33";"147";"Sem vítima";"349,000";"BR-386/RS";"Crescente";"Colisão lateral no mesmo sentido";1;0;0;1;0;0;0;0;0;0;2;0;0;0;0
"09/06/2024";"02:42:00";"183";"Sem vítima";"29,326";"BR-290/RS";"Crescente";"Saída de pista";1;0;0;0;0;0;0;0;0;0;5;0;0;0;0
"09/06/2024";"03:06:48";"193";"Sem vítima";"420,000";"BR-386/RS";"Decrescente";"Atropelamento de animal";1;0;0;0;0;0;0;0;0;0;2;0;0;0;0
"09/06/2024";"04:13:00";"214";"Com vítima";"83,000";"BR-290/RS";"Crescente";"Queda de moto";0;0;0;1;0;0;0;0;0;0;0;0;2;0;0
"09/06/2024";"06:46:24";"237";"Sem vítima";"52,880";"BR-290/RS";"Decrescente";"Acidentes de outra natureza";2;0;0;0;0;0;0;0;0;0;2;0;0;0;0
"09/06/2024";"07:46:00";"247";"Com vítima";"333,000";"BR-386/RS";"Crescente";"Colisão lateral no mesmo sentido";1;0;0;0;0;0;0;0;0;0;1;1;0;0;0
"10/06/2024";"03:42:44";"50";"Sem vítima";"308,000";"BR-386/RS";"Decrescente";"Colisão traseira";2;0;0;0;0;0;0;0;0;0;6;0;0;0;0
"10/06/2024";"07:30:33";"199";"Sem vítima";"43,000";"BR-290/RS";"Crescente";"Saída de pista";1;0;0;0;0;0;0;0;0;0;1;0;0;0;0
"10/06/2024";"09:46:09";"233";"Sem vítima";"1,000";"BR-290/RS";"Crescente";"Saída de pista";1;0;0;0;0;0;0;0;0;0;4;0;0;0;0
"10/06/2024";"10:58:48";"248";"Sem vítima";"93,000";"BR-290/RS";"Crescente";"Colisão traseira";2;0;0;0;0;0;0;0;0;0;2;0;0;0;0
"10/06/2024";"02:48:44";"306";"Com vítima";"22,000";"BR-448/RS";"Decrescente";"Colisão lateral no mesmo sentido";2;0;0;1;0;0;0;0;0;0;8;1;0;0;0
"11/06/2024";"02:19:54";"37";"Com vítima";"345,000";"BR-386/RS";"Crescente";"Tombamento";0;0;1;0;0;0;0;0;0;0;1;2;0;0;0
"11/06/2024";"03:33:06";"51";"Sem vítima";"303,999";"BR-386/RS";"Decrescente";"Saída de pista";0;0;1;0;0;0;0;0;0;0;1;0;0;0;0
"11/06/2024";"04:56:00";"124";"Sem vítima";"82,000";"BR-290/RS";"Crescente";"Queda de moto";0;0;0;1;0;0;0;0;0;0;2;0;0;0;0
"11/06/2024";"09:15:57";"207";"Sem vítima";"352,000";"BR-386/RS";"Crescente";"Colisão lateral no mesmo sentido";0;0;1;0;0;0;0;0;0;0;1;0;0;0;0
"11/06/2024";"09:49:17";"213";"Sem vítima";"22,000";"BR-101/RS";"Decrescente";"Colisão traseira";1;0;1;0;0;0;0;0;0;0;2;0;0;0;0
"11/06/2024";"03:06:25";"273";"Sem vítima";"348,800";"BR-386/RS";"Crescente";"Colisão lateral no mesmo sentido";0;0;2;0;0;0;0;0;0;0;2;0;0;0;0
"11/06/2024";"03:11:43";"274";"Com vítima";"438,000";"BR-386/RS";"Decrescente";"Colisão transversal";1;0;0;1;0;0;0;0;0;0;1;0;0;1;0
"11/06/2024";"03:38:21";"279";"Sem vítima";"342,000";"BR-386/RS";"Decrescente";"Colisão transversal";2;0;0;0;0;0;0;0;0;0;2;0;0;0;0
"11/06/2024";"03:49:00";"281";"Sem vítima";"80,000";"BR-290/RS";"Crescente";"Choque";1;0;1;0;0;0;0;0;0;0;2;0;0;0;0
"11/06/2024";"07:18:27";"305";"Sem vítima";"73,000";"BR-290/RS";"Decrescente";"Capotamento";1;0;0;0;0;0;0;0;0;0;1;0;0;0;0
"11/06/2024";"07:20:06";"306";"Com vítima";"8,000";"BR-101/RS";"Decrescente";"Queda de moto";0;0;1;1;0;0;0;0;0;0;1;1;0;0;1
"12/06/2024";"05:05:34";"93";"Sem vítima";"14,150";"BR-290/RS";"Decrescente";"Choque";1;0;0;0;0;0;0;0;0;0;1;0;0;0;0
"12/06/2024";"06:46:19";"139";"Sem vítima";"39,000";"BR-290/RS";"Crescente";"Queda de carga";0;0;1;0;0;0;0;0;0;0;1;0;0;0;0
"12/06/2024";"07:38:02";"150";"Sem vítima";"354,000";"BR-386/RS";"Crescente";"Colisão lateral no mesmo sentido";3;0;0;0;0;0;0;0;0;0;3;0;0;0;0
"12/06/2024";"11:02:19";"196";"Sem vítima";"350,000";"BR-386/RS";"Crescente";"Colisão traseira";2;0;0;0;0;0;0;0;0;0;3;0;0;0;0
"12/06/2024";"11:12:24";"198";"Sem vítima";"306,300";"BR-386/RS";"Decrescente";"Queda de moto";1;0;0;0;0;0;0;0;0;0;2;0;0;0;0
"12/06/2024";"11:55:24";"212";"Sem vítima";"350,000";"BR-386/RS";"Crescente";"Colisão lateral no mesmo sentido";1;0;1;0;0;0;0;0;0;0;2;0;0;0;0
"12/06/2024";"12:26:00";"226";"Sem vítima";"89,000";"BR-290/RS";"Decrescente";"Colisão lateral no mesmo sentido";2;0;0;0;0;0;0;0;0;0;2;0;0;0;0
"12/06/2024";"12:26:31";"225";"Sem vítima";"346,000";"BR-386/RS";"Decrescente";"Colisão traseira";1;0;1;0;0;0;0;0;0;0;2;0;0;0;0
"12/06/2024";"02:20:42";"245";"Sem vítima";"389,000";"BR-386/RS";"Crescente";"Colisão traseira";1;0;1;0;0;0;0;0;0;0;2;0;0;0;0
"12/06/2024";"02:26:22";"247";"Sem vítima";"349,000";"BR-386/RS";"Crescente";"Saída de pista";0;0;1;0;0;0;0;0;0;0;1;0;0;0;0
"12/06/2024";"02:27:37";"248";"Com vítima";"392,000";"BR-386/RS";"Decrescente";"Colisão frontal";2;0;0;0;0;0;0;0;0;0;7;0;1;0;0
"12/06/2024";"03:41:00";"256";"Sem vítima";"358,000";"BR-386/RS";"Crescente";"Tombamento";1;0;0;0;0;0;0;0;0;0;1;0;0;0;0
"13/06/2024";"05:58:41";"118";"Sem vítima";"432,000";"BR-386/RS";"Decrescente";"Saída de pista";1;0;0;0;0;0;0;0;0;0;1;0;0;0;0
"13/06/2024";"07:13:00";"153";"Sem vítima";"23,000";"BR-101/RS";"Crescente";"Acidentes de outra natureza";1;0;0;0;0;0;0;0;0;0;3;0;1;0;0
"13/06/2024";"07:30:13";"154";"Sem vítima";"357,000";"BR-386/RS";"Decrescente";"Choque";0;0;1;0;0;0;0;0;0;0;1;0;0;0;0