data;horario;n_da_ocorrencia;tipo_de_ocorrencia;km;trecho;sentido;tipo_de_acidente;automovel;bicicleta;caminhao;moto;onibus;outros;tracao_animal;transporte_de_cargas_especiais;trator_maquinas;utilitarios;ilesos;levemente_feridos;moderadamente_feridos;gravemente_feridos;mortos
"29/06/2024";"01:05:26";"238";"Sem vítima";"307,000";"BR-386/RS";"Decrescente";"Saída de pista";0;0;1;0;0;0;0;0;0;0;1;0;0;0;0
"29/06/2024";"04:01:02";"258";"Com vítima";"19,000";"BR-290/RS";"Decrescente";"Colisão traseira";1;0;1;0;0;0;0;0;0;0;1;0;1;0;0
"29/06/2024";"06:51:41";"278";"Com vítima";"246,000";"BR-386/RS";"Crescente";"Capotamento";1;0;0;0;0;0;0;0;0;0;0;1;0;0;0
"29/06/2024";"11:59:12";"19";"Sem vítima";"51,000";"BR-290/RS";"Crescente";"Acidentes de outra natureza";1;0;0;0;0;0;0;0;0;0;2;0;0;0;0
"30/06/2024";"09:38:26";"121";"Com vítima";"57,000";"BR-290/RS";"Crescente";"Colisão lateral no mesmo sentido";2;0;0;0;0;0;0;0;0;0;4;1;3;0;0
"30/06/2024";"10:22:54";"129";"Sem vítima";"400,000";"BR-386/RS";"Crescente";"Saída de pista";1;0;0;0;0;0;0;0;0;0;1;0;0;0;0
"30/06/2024";"01:11:42";"162";"Com vítima";"440,000";"BR-386/RS";"Crescente";"Colisão traseira";1;0;0;1;0;0;0;0;0;0;1;1;0;0;0
"30/06/2024";"01:33:42";"166";"Com vítima";"434,000";"BR-386/RS";"Decrescente";"Colisão transversal";1;0;0;1;0;0;0;0;0;0;1;1;0;0;0
"30/06/2024";"02:42:36";"181";"Sem vítima";"92,000";"BR-290/RS";"Decrescente";"Choque";2;0;0;0;0;0;0;0;0;0;3;0;0;0;0
"30/06/2024";"07:08:26";"228";"Sem vítima";"435,000";"BR-386/RS";"Decrescente";"Saída de pista";1;0;0;0;0;0;0;0;0;0;1;0;0;0;0
"01/07/2024";"04:21:27";"55";"Com vítima";"1,000";"BR-290/RS";"Decrescente";"Saída de pista";0;0;1;0;0;0;0;0;0;0;0;0;2;0;0
"01/07/2024";"07:00:05";"137";"Sem vítima";"262,200";"BR-386/RS";"Crescente";"Colisão lateral no mesmo sentido";2;0;0;0;0;0;0;0;0;0;4;0;0;0;0
"01/07/2024";"07:14:45";"142";"Sem vítima";"245,800";"BR-386/RS";"Crescente";"Colisão traseira";2;0;0;0;0;0;0;0;0;0;3;0;0;0;0
"01/07/2024";"07:59:00";"154";"Com vítima";"48,000";"BR-290/RS";"Decrescente";"Queda de moto";0;0;0;1;0;0;0;0;0;0;0;1;0;0;0
"01/07/2024";"10:56:00";"195";"Com vítima";"306,800";"BR-386/RS";"Crescente";"Engavetamento";1;0;1;1;0;0;0;0;0;0;2;0;1;0;0
"01/07/2024";"11:24:59";"207";"Sem vítima";"414,200";"BR-386/RS";"Decrescente";"Colisão traseira";2;0;0;0;0;0;0;0;0;0;6;0;0;0;0
"01/07/2024";"12:45:00";"224";"Sem vítima";"96,000";"BR-290/RS";"Crescente";"Engavetamento";3;0;0;0;0;0;0;0;0;0;8;0;0;0;0
"01/07/2024";"03:06:38";"255";"Sem vítima";"35,000";"BR-101/RS";"Decrescente";"Colisão traseira";2;0;0;0;0;0;0;0;0;0;5;0;0;0;0
"01/07/2024";"07:38:48";"294";"Sem vítima";"262,000";"BR-386/RS";"Decrescente";"Choque";0;0;1;0;0;0;0;0;0;0;1;0;0;0;0
"01/07/2024";"08:27:27";"298";"Sem vítima";"96,000";"BR-290/RS";"Crescente";"Saída de pista";0;0;1;0;0;0;0;0;0;0;1;0;0;0;0
"02/07/2024";"03:26:40";"21";"Com vítima";"230,300";"BR-386/RS";"Decrescente";"Colisão frontal";1;0;0;0;0;0;0;1;0;0;1;1;0;0;1
"02/07/2024";"08:19:00";"133";"Sem vítima";"284,000";"BR-386/RS";"Decrescente";"Colisão traseira";2;0;0;0;0;0;0;0;0;0;7;0;0;0;0
"02/07/2024";"11:55:22";"165";"Sem vítima";"262,000";"BR-386/RS";"Crescente";"Colisão lateral no mesmo sentido";1;0;1;0;0;0;0;0;0;0;2;0;0;0;0
"02/07/2024";"12:34:00";"172";"Com vítima";"335,000";"BR-386/RS";"Decrescente";"Colisão transversal";1;0;1;0;0;0;0;0;0;0;0;0;1;0;0
"02/07/2024";"03:14:16";"197";"Sem vítima";"96,000";"BR-290/RS";"Decrescente";"Engavetamento";2;0;0;0;0;0;0;0;0;0;4;0;0;0;0
"02/07/2024";"05:03:00";"214";"Com vítima";"8,150";"BR-101/RS";"Decrescente";"Acidentes de outra natureza";1;0;0;0;0;0;0;0;0;0;3;0;0;0;1
"02/07/2024";"05:57:31";"221";"Sem vítima";"14,000";"BR-290/RS";"Decrescente";"Atropelamento de animal";1;0;0;0;0;0;0;0;0;0;1;0;0;0;0
"02/07/2024";"11:23:09";"12";"Sem vítima";"246,000";"BR-386/RS";"Decrescente";"Atropelamento de animal";0;0;1;0;0;0;0;0;0;0;1;0;0;0;0
"03/07/2024";"12:10:00";"14";"Sem vítima";"31,210";"BR-290/RS";"Decrescente";"Tombamento";0;0;1;0;0;0;0;0;0;0;1;0;0;0;0
"03/07/2024";"03:48:00";"28";"Sem vítima";"86,000";"BR-290/RS";"Decrescente";"Capotamento";1;0;0;0;0;0;0;0;0;0;1;0;0;0;0
"03/07/2024";"04:33:00";"50";"Sem vítima";"356,000";"BR-386/RS";"Decrescente";"Queda de moto";0;0;0;1;0;0;0;0;0;0;1;0;0;0;0
"03/07/2024";"06:03:39";"117";"Com vítima";"336,000";"BR-386/RS";"Decrescente";"Colisão lateral no mesmo sentido";1;0;0;1;0;0;0;0;0;0;1;0;1;0;0
"03/07/2024";"06:19:14";"123";"Sem vítima";"80,000";"BR-290/RS";"Decrescente";"Capotamento";1;0;0;0;0;0;0;0;0;0;1;0;0;0;0
"03/07/2024";"06:24:15";"125";"Sem vítima";"336,000";"BR-386/RS";"Crescente";"Tombamento";0;0;1;0;0;0;0;0;0;0;1;0;0;0;0
"03/07/2024";"07:21:55";"138";"Sem vítima";"333,000";"BR-386/RS";"Crescente";"Colisão traseira";2;0;0;0;0;0;0;0;0;0;3;0;0;0;0
"03/07/2024";"12:34:29";"198";"Sem vítima";"351,000";"BR-386/RS";"Crescente";"Colisão traseira";1;0;1;0;0;0;0;0;0;0;3;0;0;0;0
"03/07/2024";"02:41:31";"236";"Com vítima";"428,000";"BR-386/RS";"Crescente";"Colisão frontal";2;0;0;0;0;0;0;0;0;0;0;0;1;1;0
"03/07/2024";"09:09:09";"5";"Sem vítima";"303,000";"BR-386/RS";"Decrescente";"Colisão lateral no mesmo sentido";0;0;2;0;0;0;0;0;0;0;1;0;0;0;0
"03/07/2024";"10:21:00";"14";"Com vítima";"364,000";"BR-386/RS";"Crescente";"Choque";1;0;0;0;0;0;0;0;0;0;0;1;0;0;0
"04/07/2024";"04:43:04";"67";"Sem vítima";"91,000";"BR-290/RS";"Crescente";"Colisão lateral no mesmo sentido";1;0;1;0;0;0;0;0;0;0;4;0;0;0;0
"04/07/2024";"05:34:44";"91";"Sem vítima";"350,000";"BR-386/RS";"Crescente";"Colisão traseira";1;0;2;0;0;0;0;0;0;0;3;0;0;0;0
"04/07/2024";"05:36:00";"96";"Sem vítima";"72,000";"BR-101/RS";"Decrescente";"Saída de pista";1;0;0;0;0;0;0;0;0;0;1;0;0;0;0
"04/07/2024";"06:40:00";"118";"Sem vítima";"354,000";"BR-386/RS";"Decrescente";"Colisão transversal";2;0;0;0;0;0;0;0;0;0;3;0;0;0;0
"04/07/2024";"12:44:06";"203";"Sem vítima";"92,000";"BR-290/RS";"Crescente";"Colisão lateral no mesmo sentido";1;0;1;0;0;0;0;0;0;0;3;0;0;0;0
"04/07/2024";"01:32:00";"210";"Sem vítima";"333,000";"BR-386/RS";"Decrescente";"Queda de carga";3;0;2;0;0;0;0;0;0;0;14;0;0;0;0
"04/07/2024";"02:43:31";"220";"Sem vítima";"83,276";"BR-290/RS";"Crescente";"Queda de moto";0;0;0;1;0;0;0;0;0;0;1;0;0;0;0
"04/07/2024";"02:54:06";"226";"Sem vítima";"85,774";"BR-290/RS";"Decrescente";"Colisão lateral no mesmo sentido";0;0;2;0;0;0;0;0;0;0;2;0;0;0;0
"04/07/2024";"03:41:37";"232";"Sem vítima";"342,800";"BR-386/RS";"Decrescente";"Engavetamento";3;0;0;0;0;0;0;0;0;1;5;0;0;0;0
"04/07/2024";"04:14:06";"237";"Sem vítima";"93,700";"BR-290/RS";"Decrescente";"Colisão lateral no mesmo sentido";1;0;1;0;0;0;0;0;0;0;3;0;0;0;0
"04/07/2024";"04:30:12";"241";"Sem vítima";"440,000";"BR-386/RS";"Crescente";"Colisão traseira";1;0;1;0;0;0;0;0;0;0;2;0;0;0;0
"04/07/2024";"11:50:50";"20";"Sem vítima";"244,000";"BR-386/RS";"Decrescente";"Atropelamento de animal";0;0;1;0;0;0;0;0;0;0;1;0;0;0;0
"05/07/2024";"01:31:57";"27";"Sem vítima";"302,600";"BR-386/RS";"Crescente";"Saída de pista";1;0;0;0;0;0;0;0;0;0;1;0;0;0;0
"05/07/2024";"05:02:00";"71";"Sem vítima";"28,000";"BR-101/RS";"Decrescente";"Saída de pista";1;0;0;0;0;0;0;0;0;0;1;0;0;0;0
"05/07/2024";"05:47:00";"91";"Com vítima";"235,600";"BR-386/RS";"Crescente";"Engavetamento";4;0;1;0;0;0;0;0;0;0;6;3;0;0;0
"05/07/2024";"08:21:08";"144";"Sem vítima";"239,000";"BR-386/RS";"Crescente";"Colisão traseira";1;0;1;0;0;0;0;0;0;0;6;0;0;0;0
"05/07/2024";"09:52:21";"160";"Com vítima";"423,000";"BR-386/RS";"Crescente";"Choque";1;0;0;0;0;0;0;0;0;0;0;0;1;0;0
"05/07/2024";"10:20:00";"163";"Com vítima";"10,000";"BR-290/RS";"Decrescente";"Saída de pista";1;0;0;0;0;0;0;0;0;0;0;0;1;0;0
"05/07/2024";"12:35:00";"190";"Sem vítima";"22,000";"BR-101/RS";"Decrescente";"Saída de pista";0;0;1;0;0;0;0;0;0;0;1;0;0;0;0
"05/07/2024";"03:59:36";"238";"Sem vítima";"304,000";"BR-386/RS";"Decrescente";"Saída de pista";0;0;1;0;0;0;0;0;0;0;1;0;0;0;0
"05/07/2024";"04:02:56";"240";"Sem vítima";"440,000";"BR-386/RS";"Decrescente";"Saída de pista";1;0;0;0;0;0;0;0;0;0;1;0;0;0;0
"05/07/2024";"04:40:00";"245";"Sem vítima";"60,000";"BR-290/RS";"Decrescente";"Colisão traseira";2;0;0;0;0;0;0;0;0;0;4;0;0;0;0
"05/07/2024";"04:50:00";"247";"Sem vítima";"40,904";"BR-290/RS";"Crescente";"Choque";0;0;1;0;0;0;0;0;0;0;2;0;0;0;0
"05/07/2024";"04:54:17";"248";"Sem vítima";"420,000";"BR-386/RS";"Decrescente";"Colisão lateral no mesmo sentido";1;0;1;0;0;0;0;0;0;0;5;0;0;0;0
"05/07/2024";"06:39:00";"258";"Sem vítima";"11,847";"BR-290/RS";"Decrescente";"Saída de pista";1;0;0;0;0;0;0;0;0;0;2;0;0;0;0
"05/07/2024";"07:37:38";"262";"Sem vítima";"426,000";"BR-386/RS";"Decrescente";"Colisão traseira";1;0;1;0;0;0;0;0;0;0;3;0;0;0;0
"06/07/2024";"12:29:00";"22";"Sem vítima";"413,800";"BR-386/RS";"Decrescente";"Saída de pista";1;0;0;0;0;0;0;0;0;0;3;0;0;0;0
"06/07/2024";"12:29:00";"23";"Sem vítima";"379,000";"BR-386/RS";"Crescente";"Saída de pista";0;0;1;0;0;0;0;0;0;0;1;0;0;0;0
"06/07/2024";"01:59:14";"31";"Com vítima";"432,000";"BR-386/RS";"Crescente";"Tombamento";0;0;2;0;0;0;0;0;0;0;1;0;1;0;0
"06/07/2024";"03:23:26";"37";"Sem vítima";"264,000";"BR-386/RS";"Decrescente";"Colisão traseira";2;0;0;0;0;0;0;0;0;0;2;0;0;0;0
"06/07/2024";"03:51:24";"46";"Com vítima";"81,000";"BR-290/RS";"Decrescente";"Colisão traseira";1;0;0;1;0;0;0;0;0;0;1;0;0;1;0
"06/07/2024";"05:01:19";"65";"Sem vítima";"18,000";"BR-290/RS";"Decrescente";"Colisão traseira";1;0;1;0;0;0;0;0;0;0;4;0;0;0;0
"06/07/2024";"12:03:48";"145";"Com vítima";"389,000";"BR-386/RS";"Crescente";"Colisão lateral no mesmo sentido";1;0;0;0;0;0;0;0;0;0;0;2;0;0;0
"06/07/2024";"12:41:33";"153";"Sem vítima";"22,000";"BR-448/RS";"Crescente";"Choque";1;0;0;0;0;0;0;0;0;0;1;0;0;0;0
"06/07/2024";"01:06:39";"157";"Sem vítima";"84,000";"BR-101/RS";"Decrescente";"Atropelamento de pedestre";0;0;1;0;0;0;0;0;0;0;1;0;1;0;0
"06/07/2024";"02:40:55";"173";"Com vítima";"346,000";"BR-386/RS";"Crescente";"Colisão traseira";2;0;0;0;0;0;0;0;0;0;1;1;0;0;0
"06/07/2024";"10:04:00";"7";"Sem vítima";"14,000";"BR-290/RS";"Decrescente";"Atropelamento de animal";1;0;0;0;0;0;0;0;0;0;2;0;0;0;0
"06/07/2024";"11:17:00";"12";"Sem vítima";"439,000";"BR-386/RS";"Decrescente";"Choque";1;0;0;0;0;0;0;0;0;0;2;0;0;0;0
"06/07/2024";"11:35:35";"14";"Sem vítima";"70,000";"BR-290/RS";"Decrescente";"Queda de moto";0;0;0;1;0;0;0;0;0;0;2;0;0;0;0
"07/07/2024";"04:12:27";"27";"Sem vítima";"267,000";"BR-386/RS";"Decrescente";"Acidentes de outra natureza";1;0;0;0;0;0;0;0;0;0;4;0;0;0;0
"07/07/2024";"04:28:31";"29";"Sem vítima";"47,000";"BR-290/RS";"Crescente";"Saída de pista";1;0;0;0;0;0;0;0;0;0;1;0;0;0;0
"07/07/2024";"11:51:55";"83";"Sem vítima";"209,000";"BR-386/RS";"Crescente";"Saída de pista";1;0;0;0;0;0;0;0;0;0;5;0;0;0;0
"07/07/2024";"12:42:14";"95";"Sem vítima";"406,000";"BR-386/RS";"Decrescente";"Colisão lateral no mesmo sentido";2;0;0;0;0;0;0;0;0;0;3;0;0;0;0
"07/07/2024";"02:41:19";"115";"Sem vítima";"306,000";"BR-386/RS";"Decrescente";"Saída de pista";1;0;0;0;0;0;0;0;0;0;4;0;0;0;0
"07/07/2024";"04:28:00";"139";"Sem vítima";"291,000";"BR-386/RS";"Crescente";"Colisão lateral no mesmo sentido";1;0;1;0;0;0;0;0;0;0;2;0;0;0;0
"07/07/2024";"06:34:10";"150";"Sem vítima";"52,652";"BR-101/RS";"Decrescente";"Saída de pista";1;0;0;0;0;0;0;0;0;0;1;0;0;0;0
"07/07/2024";"08:53:22";"161";"Sem vítima";"10,000";"BR-448/RS";"Crescente";"Colisão traseira";1;0;1;0;0;0;0;0;0;0;5;0;0;0;0
"07/07/2024";"11:29:00";"7";"Sem vítima";"271,000";"BR-386/RS";"Decrescente";"Tombamento";0;0;1;0;0;0;0;0;0;0;1;0;0;0;0
"08/07/2024";"06:11:16";"101";"Sem vítima";"426,000";"BR-386/RS";"Decrescente";"Colisão lateral no mesmo sentido";1;0;1;0;0;0;0;0;0;0;4;0;0;0;0
"08/07/2024";"06:39:00";"108";"Com vítima";"281,000";"BR-386/RS";"Crescente";"Saída de pista";1;0;0;0;0;0;0;0;0;0;0;0;1;1;0
"08/07/2024";"11:43:19";"179";"Sem vítima";"338,000";"BR-386/RS";"Crescente";"Colisão traseira";1;0;0;0;0;0;0;0;0;0;1;0;0;0;0
"08/07/2024";"12:29:45";"184";"Sem vítima";"306,000";"BR-386/RS";"Decrescente";"Saída de pista";1;0;0;0;0;0;0;0;0;0;1;0;0;0;0
"08/07/2024";"01:33:33";"197";"Com vítima";"92,000";"BR-290/RS";"Decrescente";"Colisão traseira";1;0;0;1;0;0;0;0;0;0;1;1;0;0;0
"08/07/2024";"02:04:38";"205";"Sem vítima";"14,000";"BR-448/RS";"Crescente";"Saída de pista";1;0;0;0;0;0;0;0;0;0;1;0;0;0;0
"08/07/2024";"04:32:02";"233";"Com vítima";"91,452";"BR-290/RS";"Crescente";"Acidentes de outra natureza";2;0;0;0;0;0;0;0;0;0;3;0;0;0;1
"08/07/2024";"04:50:06";"236";"Sem vítima";"254,000";"BR-386/RS";"Decrescente";"Acidentes de outra natureza";1;0;0;0;0;0;0;0;0;0;2;0;0;0;0
"08/07/2024";"04:57:06";"239";"Com vítima";"260,000";"BR-386/RS";"Decrescente";"Saída de pista";2;0;0;0;0;0;0;0;0;0;0;3;0;0;0
"09/07/2024";"04:05:45";"32";"Sem vítima";"81,000";"BR-290/RS";"Decrescente";"Colisão lateral no mesmo sentido";2;0;0;0;0;0;0;0;0;0;6;0;0;0;0
"09/07/2024";"04:20:36";"42";"Com vítima";"284,000";"BR-386/RS";"Decrescente";"Colisão lateral no mesmo sentido";1;0;0;0;0;0;0;0;0;0;1;1;0;0;0
"09/07/2024";"05:01:00";"64";"Com vítima";"82,100";"BR-101/RS";"Crescente";"Saída de pista";1;0;0;0;0;0;0;0;0;0;0;0;1;0;0
"09/07/2024";"10:30:00";"164";"Sem vítima";"13,000";"BR-290/RS";"Crescente";"Saída de pista";1;0;0;0;0;0;0;0;0;0;1;0;0;0;0
"09/07/2024";"12:49:58";"193";"Com vítima";"226,000";"BR-386/RS";"Decrescente";"Colisão traseira";0;0;3;0;0;0;0;0;0;0;2;0;0;0;1
"09/07/2024";"04:40:46";"244";"Sem vítima";"80,318";"BR-290/RS";"Decrescente";"Saída de pista";1;0;0;0;0;0;0;0;0;0;4;0;0;0;0
"09/07/2024";"06:49:59";"258";"Sem vítima";"10,981";"BR-290/RS";"Decrescente";"Saída de pista";1;0;0;0;0;0;0;0;0;0;5;0;0;0;0
"09/07/2024";"07:32:36";"265";"Sem vítima";"370,000";"BR-386/RS";"Crescente";"Atropelamento de animal";1;0;0;0;0;0;0;0;0;0;1;0;0;0;0
"09/07/2024";"11:10:50";"13";"Sem vítima";"419,000";"BR-386/RS";"Crescente";"Choque";1;0;0;0;0;0;0;0;0;0;1;0;0;0;0
"10/07/2024";"04:43:00";"48";"Com vítima";"21,000";"BR-101/RS";"Decrescente";"Colisão traseira";1;0;0;0;0;0;0;1;0;0;2;3;0;0;0
"10/07/2024";"05:42:00";"69";"Sem vítima";"393,000";"BR-386/RS";"Decrescente";"Acidentes de outra natureza";0;0;1;0;0;0;0;0;0;0;1;0;0;0;0
"10/07/2024";"06:19:41";"83";"Com vítima";"65,000";"BR-290/RS";"Decrescente";"Capotamento";1;0;0;0;0;0;0;0;0;0;0;1;0;0;0
"10/07/2024";"06:32:00";"87";"Sem vítima";"411,000";"BR-386/RS";"Decrescente";"Acidentes de outra natureza";1;0;0;0;0;0;0;0;0;0;1;0;0;0;0
"10/07/2024";"09:07:00";"128";"Com vítima";"428,000";"BR-386/RS";"Decrescente";"Saída de pista";1;0;0;0;0;0;0;0;0;0;0;1;0;0;0
"10/07/2024";"04:05:00";"199";"Sem vítima";"3,000";"BR-448/RS";"Decrescente";"Colisão traseira";1;0;0;0;0;0;0;0;0;0;1;0;0;0;0
"11/07/2024";"05:02:36";"66";"Com vítima";"15,000";"BR-448/RS";"Crescente";"Colisão lateral no mesmo sentido";2;0;0;0;0;0;0;0;0;0;1;1;0;0;0
"11/07/2024";"05:20:03";"78";"Sem vítima";"93,000";"BR-290/RS";"Crescente";"Colisão lateral no mesmo sentido";1;0;1;0;0;0;0;0;0;0;2;0;0;0;0
"11/07/2024";"01:25:00";"206";"Sem vítima";"260,000";"BR-386/RS";"Crescente";"Saída de pista";0;0;1;0;0;0;0;0;0;0;1;0;0;0;0
"11/07/2024";"05:02:02";"246";"Sem vítima";"345,500";"BR-386/RS";"Crescente";"Choque";1;0;0;0;0;0;0;0;0;0;1;0;0;0;0
"11/07/2024";"06:19:00";"263";"Com vítima";"21,293";"BR-101/RS";"Decrescente";"Acidentes de outra natureza";0;0;1;0;0;0;0;0;0;0;2;0;0;0;1
"12/07/2024";"04:15:57";"28";"Com vítima";"342,000";"BR-386/RS";"Decrescente";"Colisão lateral no mesmo sentido";1;0;0;1;0;0;0;0;0;0;2;1;0;0;0
"12/07/2024";"07:51:54";"141";"Sem vítima";"92,000";"BR-290/RS";"Decrescente";"Colisão lateral no mesmo sentido";1;0;0;1;0;0;0;0;0;0;2;0;0;0;0
"12/07/2024";"08:31:00";"156";"Sem vítima";"245,000";"BR-386/RS";"Decrescente";"Colisão lateral no mesmo sentido";2;0;0;0;0;0;0;0;0;0;2;0;0;0;0
"12/07/2024";"11:07:00";"188";"Sem vítima";"88,000";"BR-290/RS";"Decrescente";"Colisão traseira";2;0;1;0;0;0;0;0;0;0;7;0;0;0;0
"12/07/2024";"11:20:57";"197";"Sem vítima";"60,000";"BR-290/RS";"Decrescente";"Colisão traseira";1;0;1;0;0;0;0;0;0;0;2;0;0;0;0
"12/07/2024";"12:44:07";"214";"Sem vítima";"266,000";"BR-386/RS";"Crescente";"Colisão lateral no mesmo sentido";1;0;1;0;0;0;0;0;0;0;3;0;0;0;0
"12/07/2024";"01:56:00";"236";"Sem vítima";"234,000";"BR-386/RS";"Decrescente";"Choque";1;0;0;0;0;0;0;0;0;0;3;0;0;0;0
"12/07/2024";"04:40:02";"270";"Sem vítima";"35,150";"BR-290/RS";"Crescente";"Choque";2;0;0;0;0;0;0;0;0;0;6;0;0;0;0
"12/07/2024";"05:39:40";"289";"Sem vítima";"86,980";"BR-101/RS";"Decrescente";"Colisão lateral no mesmo sentido";0;0;2;0;0;0;0;0;0;0;2;0;0;0;0
"13/07/2024";"12:41:25";"22";"Sem vítima";"67,000";"BR-290/RS";"Decrescente";"Choque";1;0;0;0;0;0;0;0;0;0;1;0;0;0;0
"13/07/2024";"02:47:26";"25";"Sem vítima";"26,000";"BR-290/RS";"Decrescente";"Saída de pista";1;0;0;0;0;0;0;0;0;0;1;0;0;0;0
"13/07/2024";"09:29:00";"107";"Sem vítima";"237,000";"BR-386/RS";"Decrescente";"Colisão traseira";1;0;1;0;0;0;0;0;0;0;5;0;0;0;0
"13/07/2024";"10:46:46";"121";"Com vítima";"86,000";"BR-290/RS";"Crescente";"Queda de moto";0;0;0;1;0;0;0;0;0;0;0;1;0;0;0
"13/07/2024";"11:27:26";"130";"Sem vítima";"303,000";"BR-386/RS";"Decrescente";"Saída de pista";0;0;1;0;0;0;0;0;0;0;1;0;0;0;0
"13/07/2024";"02:18:28";"152";"Sem vítima";"432,000";"BR-386/RS";"Decrescente";"Colisão lateral no mesmo sentido";2;0;0;0;0;0;0;0;0;0;2;0;0;0;0
"13/07/2024";"03:26:08";"166";"Sem vítima";"428,000";"BR-386/RS";"Decrescente";"Choque";1;0;0;0;0;0;0;0;0;0;1;0;0;0;0
"13/07/2024";"11:30:47";"11";"Sem vítima";"369,000";"BR-386/RS";"Decrescente";"Choque";1;0;0;0;0;0;0;0;0;0;1;0;0;0;0
"14/07/2024";"01:34:00";"15";"Sem vítima";"13,693";"BR-101/RS";"Crescente";"Saída de pista";1;0;0;0;0;0;0;0;0;0;1;0;0;0;0
"14/07/2024";"02:10:00";"16";"Sem vítima";"342,000";"BR-386/RS";"Decrescente";"Saída de pista";1;0;0;0;0;0;0;0;0;0;3;0;0;0;0
"14/07/2024";"04:53:34";"24";"Sem vítima";"335,000";"BR-386/RS";"Decrescente";"Saída de pista";1;0;0;0;0;0;0;0;0;0;2;0;0;0;0
"14/07/2024";"08:47:40";"57";"Sem vítima";"96,000";"BR-290/RS";"Decrescente";"Colisão lateral no mesmo sentido";2;0;0;0;0;0;0;0;0;0;3;0;0;0;0
"14/07/2024";"09:11:00";"61";"Sem vítima";"75,000";"BR-290/RS";"Decrescente";"Choque";1;0;0;0;0;0;0;0;0;0;1;0;0;0;0
"14/07/2024";"12:21:00";"83";"Sem vítima";"34,000";"BR-290/RS";"Crescente";"Saída de pista";1;0;0;0;0;0;0;0;0;0;2;0;0;0;0
"14/07/2024";"01:03:39";"88";"Sem vítima";"250,000";"BR-386/RS";"Crescente";"Colisão transversal";2;0;0;0;0;0;0;0;0;0;2;0;0;0;0
"14/07/2024";"02:42:51";"114";"Com vítima";"442,000";"BR-386/RS";"Decrescente";"Colisão frontal";2;0;0;0;0;0;0;0;0;0;1;2;1;0;0
"14/07/2024";"06:20:46";"156";"Sem vítima";"92,900";"BR-290/RS";"Decrescente";"Colisão traseira";2;0;0;0;0;0;0;0;0;0;4;0;0;0;0
"14/07/2024";"11:46:45";"21";"Sem vítima";"19,000";"BR-448/RS";"Decrescente";"Atropelamento de animal";1;0;0;0;0;0;0;0;0;0;1;0;0;0;0
"15/07/2024";"04:04:29";"51";"Sem vítima";"353,000";"BR-386/RS";"Crescente";"Capotamento";1;0;0;0;0;0;0;0;0;0;1;0;0;0;0
"15/07/2024";"05:13:51";"84";"Com vítima";"19,000";"BR-448/RS";"Crescente";"Engavetamento";4;0;0;0;0;0;0;0;0;0;5;0;2;0;0
"15/07/2024";"06:16:14";"122";"Sem vítima";"92,000";"BR-290/RS";"Decrescente";"Colisão lateral no mesmo sentido";2;0;0;0;0;0;0;0;0;0;2;0;0;0;0
"15/07/2024";"07:04:24";"139";"Com vítima";"16,400";"BR-101/RS";"Crescente";"Colisão traseira";1;0;1;0;0;0;0;0;0;0;1;0;1;0;0
"15/07/2024";"01:20:33";"216";"Com vítima";"317,000";"BR-386/RS";"Decrescente";"Colisão traseira";2;0;0;0;0;0;0;0;0;0;3;0;2;0;0
"15/07/2024";"01:21:00";"217";"Sem vítima";"75,000";"BR-101/RS";"Crescente";"Saída de pista";2;0;0;0;0;0;0;0;0;0;2;0;0;0;0
"15/07/2024";"01:51:59";"222";"Com vítima";"86,000";"BR-290/RS";"Decrescente";"Queda de moto";0;0;0;1;0;0;0;0;0;0;0;2;0;0;0
"15/07/2024";"08:35:44";"269";"Sem vítima";"186,000";"BR-386/RS";"Decrescente";"Atropelamento de animal";1;0;0;0;0;0;0;0;0;0;4;0;0;0;0
"16/07/2024";"05:20:05";"95";"Sem vítima";"19,000";"BR-448/RS";"Crescente";"Colisão traseira";2;0;0;0;0;0;0;0;0;0;2;0;0;0;0
"16/07/2024";"06:07:01";"123";"Com vítima";"437,050";"BR-386/RS";"Crescente";"Engavetamento";2;0;2;0;0;0;0;0;0;0;4;2;0;0;0
"16/07/2024";"08:15:00";"166";"Com vítima";"96,000";"BR-290/RS";"Crescente";"Colisão traseira";0;0;2;0;0;0;0;0;0;0;0;8;7;2;0