data;horario;n_da_ocorrencia;tipo_de_ocorrencia;km;trecho;sentido;tipo_de_acidente;automovel;bicicleta;caminhao;moto;onibus;outros;tracao_animal;transporte_de_cargas_especiais;trator_maquinas;utilitarios;ilesos;levemente_feridos;moderadamente_feridos;gravemente_feridos;mortos
"06/09/2024";"07:35:32";"154";"Sem vítima";"435,000";"BR-386/RS";"Decrescente";"Saída de pista";1;0;0;0;0;0;0;0;0;0;1;0;0;0;0
"06/09/2024";"02:57:44";"264";"Sem vítima";"362,000";"BR-386/RS";"Crescente";"Acidentes de outra natureza";0;0;1;0;0;0;0;0;0;0;1;0;0;0;0
"06/09/2024";"09:29:00";"2";"Sem vítima";"249,000";"BR-386/RS";"Crescente";"Saída de pista";1;0;0;0;0;0;0;0;0;0;1;0;0;0;0
"07/09/2024";"11:51:11";"128";"Sem vítima";"92,000";"BR-290/RS";"Decrescente";"Colisão traseira";1;0;0;0;0;0;0;0;0;0;1;0;0;0;0
"08/09/2024";"03:09:43";"20";"Sem vítima";"414,000";"BR-386/RS";"Decrescente";"Capotamento";1;0;0;0;0;0;0;0;0;0;1;0;0;0;0
"09/09/2024";"10:02:52";"153";"Com vítima";"354,000";"BR-386/RS";"Crescente";"Choque";0;0;1;0;0;0;0;0;0;0;0;1;0;0;0
"10/09/2024";"11:48:00";"184";"Sem vítima";"387,000";"BR-386/RS";"Decrescente";"Colisão lateral no mesmo sentido";1;0;0;0;0;0;0;0;0;0;1;0;0;0;0
"10/09/2024";"12:01:28";"187";"Sem vítima";"346,000";"BR-386/RS";"Decrescente";"Colisão traseira";1;0;0;0;0;0;0;0;0;0;1;0;0;0;0
"10/09/2024";"01:21:59";"203";"Sem vítima";"441,000";"BR-386/RS";"Decrescente";"Colisão lateral no mesmo sentido";1;0;0;0;0;0;0;0;0;0;1;0;0;0;0
"10/09/2024";"02:39:00";"218";"Sem vítima";"392,000";"BR-386/RS";"Decrescente";"Tombamento";0;0;1;0;0;0;0;0;0;0;1;0;0;0;0
"11/09/2024";"06:31:54";"140";"Com vítima";"362,000";"BR-386/RS";"Decrescente";"Saída de pista";1;0;0;0;0;0;0;0;0;0;0;1;0;0;0
"11/09/2024";"01:33:01";"246";"Sem vítima";"346,000";"BR-386/RS";"Crescente";"Colisão traseira";1;0;0;0;0;0;0;0;0;0;1;0;0;0;0
"11/09/2024";"09:00:30";"1";"Sem vítima";"440,000";"BR-386/RS";"Crescente";"Choque";1;0;0;0;0;0;0;0;0;0;1;0;0;0;0
"12/09/2024";"03:36:45";"220";"Com vítima";"86,000";"BR-290/RS";"Decrescente";"Colisão lateral no mesmo sentido";0;0;0;1;0;0;0;0;0;0;0;1;0;0;0
"12/09/2024";"08:45:04";"249";"Sem vítima";"28,000";"BR-290/RS";"Decrescente";"Tombamento";0;0;1;0;0;0;0;0;0;0;0;0;0;0;0
"13/09/2024";"12:55:38";"16";"Sem vítima";"75,000";"BR-101/RS";"Crescente";"Saída de pista";1;0;0;0;0;0;0;0;0;0;1;0;0;0;0
"13/09/2024";"02:20:14";"26";"Sem vítima";"32,000";"BR-290/RS";"Crescente";"Saída de pista";0;0;1;0;0;0;0;0;0;0;1;0;0;0;0
"13/09/2024";"09:53:09";"171";"Sem vítima";"399,000";"BR-386/RS";"Decrescente";"Choque";1;0;0;0;0;0;0;0;0;0;1;0;0;0;0
"13/09/2024";"11:38:21";"190";"Sem vítima";"19,000";"BR-290/RS";"Crescente";"Saída de pista";1;0;0;0;0;0;0;0;0;0;1;0;0;0;0
"13/09/2024";"02:07:00";"206";"Sem vítima";"411,000";"BR-386/RS";"Decrescente";"Saída de pista";1;0;0;0;0;0;0;0;0;0;1;0;0;0;0
"13/09/2024";"03:56:00";"236";"Sem vítima";"27,000";"BR-290/RS";"Crescente";"Colisão traseira";1;0;0;0;0;0;0;0;0;0;1;0;0;0;0
"13/09/2024";"05:41:19";"260";"Sem vítima";"9,000";"BR-448/RS";"Crescente";"Saída de pista";1;0;0;0;0;0;0;0;0;0;1;0;0;0;0
"14/09/2024";"07:32:00";"106";"Com vítima";"389,000";"BR-386/RS";"Crescente";"Colisão lateral no mesmo sentido";1;0;0;0;0;0;0;0;0;0;0;1;0;0;0
"14/09/2024";"07:54:42";"109";"Sem vítima";"92,200";"BR-290/RS";"Decrescente";"Colisão lateral no mesmo sentido";0;0;1;0;0;0;0;0;0;0;1;0;0;0;0
"14/09/2024";"01:29:59";"151";"Sem vítima";"62,400";"BR-101/RS";"Crescente";"Colisão traseira";1;0;0;0;0;0;0;0;0;0;1;0;0;0;0
"15/09/2024";"01:25:49";"102";"Sem vítima";"83,000";"BR-290/RS";"Decrescente";"Colisão lateral no mesmo sentido";1;0;0;0;0;0;0;0;0;0;1;0;0;0;0
"15/09/2024";"04:22:53";"143";"Sem vítima";"389,000";"BR-386/RS";"Crescente";"Colisão traseira";1;0;0;0;0;0;0;0;0;0;1;0;0;0;0
"16/09/2024";"12:46:00";"19";"Sem vítima";"33,000";"BR-101/RS";"Decrescente";"Atropelamento de animal";1;0;0;0;0;0;0;0;0;0;1;0;0;0;0
"16/09/2024";"12:41:43";"211";"Sem vítima";"248,000";"BR-386/RS";"Decrescente";"Colisão frontal";1;0;0;0;0;0;0;0;0;0;1;0;0;0;0
"16/09/2024";"02:16:22";"230";"Sem vítima";"71,200";"BR-290/RS";"Crescente";"Colisão lateral no mesmo sentido";1;0;0;0;0;0;0;0;0;0;1;0;0;0;0
"16/09/2024";"04:14:00";"246";"Sem vítima";"75,000";"BR-290/RS";"Decrescente";"Saída de pista";1;0;0;0;0;0;0;0;0;0;1;0;0;0;0
"17/09/2024";"05:16:50";"112";"Sem vítima";"432,000";"BR-386/RS";"Decrescente";"Colisão lateral no mesmo sentido";1;0;0;0;0;0;0;0;0;0;1;0;0;0;0
"17/09/2024";"05:49:38";"129";"Sem vítima";"250,000";"BR-386/RS";"Decrescente";"Engavetamento";1;0;0;0;0;0;0;0;0;0;1;0;0;0;0
"17/09/2024";"12:02:39";"206";"Sem vítima";"15,000";"BR-448/RS";"Crescente";"Colisão lateral no mesmo sentido";0;0;1;0;0;0;0;0;0;0;1;0;0;0;0
"17/09/2024";"06:09:57";"283";"Sem vítima";"349,000";"BR-386/RS";"Decrescente";"Colisão lateral no mesmo sentido";0;0;1;0;0;0;0;0;0;0;1;0;0;0;0
"18/09/2024";"05:59:00";"127";"Sem vítima";"385,000";"BR-386/RS";"Crescente";"Colisão traseira";1;0;0;0;0;0;0;0;0;0;1;0;0;0;0
"18/09/2024";"04:16:57";"237";"Sem vítima";"92,000";"BR-290/RS";"Crescente";"Colisão traseira";0;0;0;1;0;0;0;0;0;0;1;0;0;0;0
"19/09/2024";"05:27:35";"99";"Sem vítima";"329,000";"BR-386/RS";"Decrescente";"Colisão traseira";1;0;0;0;0;0;0;0;0;0;1;0;0;0;0
"19/09/2024";"11:41:09";"184";"Sem vítima";"230,000";"BR-386/RS";"Decrescente";"Colisão traseira";1;0;0;0;0;0;0;0;0;0;1;0;0;0;0
"19/09/2024";"02:38:50";"222";"Sem vítima";"349,000";"BR-386/RS";"Decrescente";"Colisão transversal";1;0;0;0;0;0;0;0;0;0;1;0;0;0;0
"19/09/2024";"07:06:00";"276";"Sem vítima";"351,000";"BR-386/RS";"Decrescente";"Colisão traseira";1;0;0;0;0;0;0;0;0;0;1;0;0;0;0
"19/09/2024";"10:09:34";"15";"Sem vítima";"386,000";"BR-386/RS";"Crescente";"Atropelamento de animal";1;0;0;0;0;0;0;0;0;0;1;0;0;0;0
"20/09/2024";"02:01:00";"35";"Sem vítima";"383,000";"BR-386/RS";"Decrescente";"Choque";1;0;0;0;0;0;0;0;0;0;1;0;0;0;0
"20/09/2024";"07:59:35";"122";"Sem vítima";"80,600";"BR-101/RS";"Crescente";"Engavetamento";1;0;0;0;0;0;0;0;0;0;1;0;0;0;0
"20/09/2024";"02:20:02";"197";"Sem vítima";"43,000";"BR-290/RS";"Crescente";"Colisão lateral no mesmo sentido";1;0;0;0;0;0;0;0;0;0;1;0;0;0;0
"20/09/2024";"04:36:00";"219";"Sem vítima";"246,000";"BR-386/RS";"Crescente";"Saída de pista";1;0;0;0;0;0;0;0;0;0;1;0;0;0;0
"21/09/2024";"11:08:43";"114";"Sem vítima";"339,000";"BR-386/RS";"Decrescente";"Colisão lateral no mesmo sentido";0;0;1;0;0;0;0;0;0;0;1;0;0;0;0
"22/09/2024";"05:27:03";"38";"Com vítima";"67,000";"BR-290/RS";"Crescente";"Colisão traseira";1;0;0;0;0;0;0;0;0;0;0;1;0;0;0
"22/09/2024";"04:44:00";"221";"Sem vítima";"38,000";"BR-290/RS";"Crescente";"Saída de pista";1;0;0;0;0;0;0;0;0;0;1;0;0;0;0
"23/09/2024";"06:34:06";"141";"Sem vítima";"372,000";"BR-386/RS";"Decrescente";"Colisão lateral no mesmo sentido";1;0;0;0;0;0;0;0;0;0;1;0;0;0;0
"23/09/2024";"02:32:00";"242";"Com vítima";"22,000";"BR-448/RS";"Crescente";"Capotamento";1;0;0;0;0;0;0;0;0;0;0;1;0;0;0
"23/09/2024";"04:51:00";"261";"Sem vítima";"350,000";"BR-386/RS";"Crescente";"Colisão lateral no mesmo sentido";1;0;0;0;0;0;0;0;0;0;1;0;0;0;0
"24/09/2024";"07:51:35";"146";"Sem vítima";"251,000";"BR-386/RS";"Decrescente";"Colisão traseira";1;0;0;0;0;0;0;0;0;0;1;0;0;0;0
"24/09/2024";"03:53:00";"226";"Sem vítima";"79,400";"BR-101/RS";"Decrescente";"Saída de pista";1;0;0;0;0;0;0;0;0;0;1;0;0;0;0
"24/09/2024";"05:14:00";"234";"Sem vítima";"79,400";"BR-101/RS";"Decrescente";"Saída de pista";1;0;0;0;0;0;0;0;0;0;1;0;0;0;0
"24/09/2024";"06:38:00";"246";"Sem vítima";"79,400";"BR-101/RS";"Decrescente";"Saída de pista";0;0;1;0;0;0;0;0;0;0;1;0;0;0;0
"13/10/2024";"01:22:30";"112";"Sem vítima";"346,000";"BR-386/RS";"Crescente";"Colisão traseira";1;0;0;0;0;0;0;0;0;0;1;0;0;0;0
"13/10/2024";"01:43:42";"123";"Sem vítima";"60,000";"BR-290/RS";"Crescente";"Colisão traseira";1;0;0;0;0;0;0;0;0;0;1;0;0;0;0
"13/10/2024";"02:02:17";"127";"Sem vítima";"74,000";"BR-101/RS";"Decrescente";"Saída de pista";1;0;0;0;0;0;0;0;0;0;1;0;0;0;0
"13/10/2024";"05:40:36";"176";"Sem vítima";"2,000";"BR-290/RS";"Crescente";"Saída de pista";1;0;0;0;0;0;0;0;0;0;1;0;0;0;0
"14/10/2024";"07:06:57";"174";"Sem vítima";"299,000";"BR-386/RS";"Decrescente";"Colisão traseira";1;0;0;0;0;0;0;0;0;0;1;0;0;0;0
"14/10/2024";"07:43:19";"182";"Com vítima";"45,000";"BR-290/RS";"Decrescente";"Choque";0;0;0;1;0;0;0;0;0;0;0;0;0;1;0
"14/10/2024";"08:07:20";"191";"Sem vítima";"275,000";"BR-386/RS";"Decrescente";"Engavetamento";1;0;0;0;0;0;0;0;0;0;1;0;0;0;0
"14/10/2024";"01:13:54";"266";"Sem vítima";"351,000";"BR-386/RS";"Decrescente";"Colisão lateral no mesmo sentido";1;0;0;0;0;0;0;0;0;0;1;0;0;0;0
"14/10/2024";"10:22:09";"10";"Sem vítima";"307,000";"BR-386/RS";"Decrescente";"Tombamento";0;0;1;0;0;0;0;0;0;0;1;0;0;0;0
"15/10/2024";"08:37:03";"178";"Sem vítima";"350,000";"BR-386/RS";"Decrescente";"Colisão traseira";1;0;0;0;0;0;0;0;0;0;1;0;0;0;0
"15/10/2024";"10:18:54";"195";"Sem vítima";"350,000";"BR-386/RS";"Decrescente";"Engavetamento";0;0;1;0;0;0;0;0;0;0;1;0;0;0;0
"15/10/2024";"07:47:00";"282";"Sem vítima";"238,000";"BR-386/RS";"Crescente";"Choque";1;0;0;0;0;0;0;0;0;0;1;0;0;0;0
"16/10/2024";"05:34:55";"130";"Sem vítima";"350,000";"BR-386/RS";"Decrescente";"Colisão traseira";1;0;0;0;0;0;0;0;0;0;1;0;0;0;0
"16/10/2024";"04:08:28";"266";"Sem vítima";"60,000";"BR-290/RS";"Decrescente";"Colisão traseira";1;0;0;0;0;0;0;0;0;0;1;0;0;0;0
"16/10/2024";"05:31:47";"277";"Sem vítima";"294,500";"BR-386/RS";"Crescente";"Colisão traseira";0;0;1;0;0;0;0;0;0;0;1;0;0;0;0
"17/10/2024";"01:53:02";"17";"Sem vítima";"57,000";"BR-101/RS";"Decrescente";"Saída de pista";0;0;1;0;0;0;0;0;0;0;1;0;0;0;0
"18/10/2024";"06:22:56";"146";"Sem vítima";"440,000";"BR-386/RS";"Crescente";"Choque";1;0;0;0;0;0;0;0;0;0;1;0;0;0;0
"18/10/2024";"04:46:01";"253";"Sem vítima";"84,000";"BR-290/RS";"Decrescente";"Colisão lateral no mesmo sentido";1;0;0;0;0;0;0;0;0;0;1;0;0;0;0
"18/10/2024";"05:45:29";"270";"Sem vítima";"80,000";"BR-101/RS";"Decrescente";"Colisão traseira";1;0;0;0;0;0;0;0;0;0;1;0;0;0;0
"19/10/2024";"03:09:18";"49";"Sem vítima";"345,000";"BR-386/RS";"Crescente";"Saída de pista";1;0;0;0;0;0;0;0;0;0;1;0;0;0;0
"19/10/2024";"06:13:26";"132";"Sem vítima";"215,000";"BR-386/RS";"Crescente";"Colisão lateral no mesmo sentido";1;0;0;0;0;0;0;0;0;0;1;0;0;0;0
"21/10/2024";"06:00:18";"140";"Sem vítima";"91,200";"BR-290/RS";"Crescente";"Colisão traseira";1;0;0;0;0;0;0;0;0;0;1;0;0;0;0
"21/10/2024";"10:13:43";"201";"Sem vítima";"90,000";"BR-290/RS";"Decrescente";"Colisão lateral no mesmo sentido";1;0;0;0;0;0;0;0;0;0;1;0;0;0;0
"21/10/2024";"11:31:45";"215";"Com vítima";"93,000";"BR-290/RS";"Decrescente";"Colisão lateral no mesmo sentido";1;0;0;0;0;0;0;0;0;0;0;1;0;0;0
"21/10/2024";"11:30:24";"22";"Sem vítima";"67,000";"BR-101/RS";"Crescente";"Choque";0;0;1;0;0;0;0;0;0;0;1;0;0;0;0
"22/10/2024";"06:38:30";"164";"Sem vítima";"76,000";"BR-290/RS";"Crescente";"Saída de pista";1;0;0;0;0;0;0;0;0;0;1;0;0;0;0
"22/10/2024";"06:50:10";"166";"Sem vítima";"434,000";"BR-386/RS";"Crescente";"Colisão lateral no mesmo sentido";1;0;0;0;0;0;0;0;0;0;1;0;0;0;0
"22/10/2024";"02:11:25";"255";"Sem vítima";"60,000";"BR-290/RS";"Crescente";"Colisão traseira";1;0;0;0;0;0;0;0;0;0;1;0;0;0;0
"22/10/2024";"06:17:59";"292";"Sem vítima";"18,000";"BR-448/RS";"Decrescente";"Colisão frontal";1;0;0;0;0;0;0;0;0;0;1;0;0;0;0
"22/10/2024";"07:23:05";"299";"Sem vítima";"365,000";"BR-386/RS";"Crescente";"Choque";1;0;0;0;0;0;0;0;0;0;1;0;0;0;0
"23/10/2024";"03:45:40";"44";"Sem vítima";"244,000";"BR-386/RS";"Decrescente";"Saída de pista";1;0;0;0;0;0;0;0;0;0;1;0;0;0;0
"23/10/2024";"03:03:39";"297";"Sem vítima";"75,000";"BR-290/RS";"Decrescente";"Colisão traseira";1;0;0;0;0;0;0;0;0;0;1;0;0;0;0
"23/10/2024";"10:08:57";"6";"Sem vítima";"75,000";"BR-290/RS";"Crescente";"Saída de pista";1;0;0;0;0;0;0;0;0;0;1;0;0;0;0
"24/10/2024";"12:05:40";"233";"Sem vítima";"424,600";"BR-386/RS";"Crescente";"Colisão traseira";1;0;0;0;0;0;0;0;0;0;1;0;0;0;0
"24/10/2024";"02:25:47";"264";"Com vítima";"80,000";"BR-290/RS";"Decrescente";"Queda de moto";0;0;0;1;0;0;0;0;0;0;0;0;1;0;0
"24/10/2024";"03:42:49";"284";"Sem vítima";"349,000";"BR-386/RS";"Crescente";"Colisão lateral no mesmo sentido";1;0;0;0;0;0;0;0;0;0;1;0;0;0;0
"24/10/2024";"05:53:35";"304";"Sem vítima";"423,000";"BR-386/RS";"Crescente";"Colisão traseira";0;0;1;0;0;0;0;0;0;0;1;0;0;0;0
"24/10/2024";"06:30:08";"309";"Sem vítima";"445,000";"BR-386/RS";"Crescente";"Colisão lateral no mesmo sentido";1;0;0;0;0;0;0;0;0;0;1;0;0;0;0
"25/10/2024";"07:58:18";"184";"Sem vítima";"302,000";"BR-386/RS";"Decrescente";"Colisão lateral no mesmo sentido";1;0;0;0;0;0;0;0;0;0;1;0;0;0;0
"25/10/2024";"11:24:42";"242";"Sem vítima";"204,000";"BR-386/RS";"Decrescente";"Acidentes de outra natureza";1;0;0;0;0;0;0;0;0;0;1;0;0;0;0
"25/10/2024";"03:39:47";"293";"Com vítima";"27,400";"BR-290/RS";"Decrescente";"Queda de moto";1;0;0;0;0;0;0;0;0;0;0;1;0;0;0
"25/10/2024";"04:45:17";"308";"Sem vítima";"304,000";"BR-386/RS";"Crescente";"Saída de pista";1;0;0;0;0;0;0;0;0;0;1;0;0;0;0
"25/10/2024";"05:01:38";"310";"Sem vítima";"42,200";"BR-290/RS";"Crescente";"Colisão lateral no mesmo sentido";1;0;0;0;0;0;0;0;0;0;1;0;0;0;0
"25/10/2024";"05:55:50";"320";"Sem vítima";"21,800";"BR-290/RS";"Crescente";"Colisão traseira";1;0;0;0;0;0;0;0;0;0;1;0;0;0;0
"26/10/2024";"04:09:59";"80";"Sem vítima";"93,000";"BR-290/RS";"Crescente";"Colisão traseira";1;0;0;0;0;0;0;0;0;0;1;0;0;0;0
"26/10/2024";"05:59:03";"117";"Sem vítima";"32,000";"BR-290/RS";"Decrescente";"Saída de pista";1;0;0;0;0;0;0;0;0;0;1;0;0;0;0
"27/10/2024";"06:06:44";"48";"Sem vítima";"302,000";"BR-386/RS";"Decrescente";"Colisão traseira";1;0;0;0;0;0;0;0;0;0;1;0;0;0;0
"27/10/2024";"04:19:20";"131";"Sem vítima";"389,000";"BR-386/RS";"Crescente";"Colisão transversal";1;0;0;0;0;0;0;0;0;0;1;0;0;0;0
"28/10/2024";"03:52:53";"52";"Sem vítima";"86,000";"BR-101/RS";"Decrescente";"Choque";1;0;0;0;0;0;0;0;0;0;1;0;0;0;0
"28/10/2024";"03:12:51";"303";"Sem vítima";"60,000";"BR-290/RS";"Crescente";"Colisão lateral no mesmo sentido";1;0;0;0;0;0;0;0;0;0;1;0;0;0;0
"29/10/2024";"05:48:13";"170";"Sem vítima";"444,000";"BR-386/RS";"Crescente";"Choque";1;0;0;0;0;0;0;0;0;0;1;0;0;0;0
"29/10/2024";"09:13:01";"268";"Sem vítima";"219,000";"BR-386/RS";"Crescente";"Colisão lateral no mesmo sentido";1;0;0;0;0;0;0;0;0;0;1;0;0;0;0
"29/10/2024";"12:32:09";"327";"Sem vítima";"436,000";"BR-386/RS";"Crescente";"Colisão traseira";1;0;0;0;0;0;0;0;0;0;1;0;0;0;0
"30/10/2024";"12:16:35";"13";"Com vítima";"65,000";"BR-290/RS";"Decrescente";"Saída de pista";0;0;1;0;0;0;0;0;0;0;0;1;0;0;0
"30/10/2024";"04:18:23";"90";"Sem vítima";"92,000";"BR-290/RS";"Decrescente";"Capotamento";1;0;0;0;0;0;0;0;0;0;1;0;0;0;0
"30/10/2024";"06:47:01";"156";"Sem vítima";"94,000";"BR-290/RS";"Decrescente";"Colisão lateral no mesmo sentido";1;0;0;0;0;0;0;0;0;0;1;0;0;0;0
"30/10/2024";"11:26:24";"237";"Sem vítima";"435,000";"BR-386/RS";"Crescente";"Colisão lateral no mesmo sentido";1;0;0;0;0;0;0;0;0;0;1;0;0;0;0
"30/10/2024";"04:58:55";"315";"Com vítima";"31,000";"BR-290/RS";"Crescente";"Tombamento";1;0;0;0;0;0;0;0;0;0;0;1;0;0;0
"31/10/2024";"01:42:33";"21";"Sem vítima";"60,000";"BR-290/RS";"Crescente";"Choque";0;0;1;0;0;0;0;0;0;0;1;0;0;0;0
"31/10/2024";"07:59:22";"196";"Sem vítima";"80,000";"BR-101/RS";"Crescente";"Tombamento";0;0;1;0;0;0;0;0;0;0;1;0;0;0;0
"31/10/2024";"09:29:30";"215";"Com vítima";"92,000";"BR-290/RS";"Crescente";"Colisão traseira";0;0;0;1;0;0;0;0;0;0;0;0;1;0;0
"31/10/2024";"12:38:46";"266";"Sem vítima";"343,000";"BR-386/RS";"Decrescente";"Colisão lateral no mesmo sentido";1;0;0;0;0;0;0;0;0;0;1;0;0;0;0
"01/11/2024";"03:13:59";"25";"Sem vítima";"317,000";"BR-386/RS";"Crescente";"Colisão lateral no mesmo sentido";0;0;1;0;0;0;0;0;0;0;1;0;0;0;0
"01/11/2024";"06:52:40";"161";"Sem vítima";"254,000";"BR-386/RS";"Crescente";"Colisão traseira";1;0;0;0;0;0;0;0;0;0;1;0;0;0;0
"01/11/2024";"09:41:50";"210";"Sem vítima";"43,750";"BR-101/RS";"Decrescente";"Choque";1;0;0;0;0;0;0;0;0;0;1;0;0;0;0
"01/11/2024";"11:14:05";"240";"Sem vítima";"255,000";"BR-386/RS";"Crescente";"Colisão lateral no mesmo sentido";1;0;0;0;0;0;0;0;0;0;1;0;0;0;0
"02/11/2024";"05:35:28";"92";"Sem vítima";"296,000";"BR-386/RS";"Decrescente";"Choque";1;0;0;0;0;0;0;0;0;0;1;0;0;0;0
"03/11/2024";"01:41:56";"8";"Sem vítima";"17,000";"BR-101/RS";"Decrescente";"Choque";1;0;0;0;0;0;0;0;0;0;1;0;0;0;0
"03/11/2024";"12:02:24";"93";"Sem vítima";"334,000";"BR-386/RS";"Decrescente";"Colisão traseira";1;0;0;0;0;0;0;0;0;0;1;0;0;0;0
"04/11/2024";"10:28:18";"215";"Sem vítima";"390,000";"BR-386/RS";"Crescente";"Colisão lateral no mesmo sentido";1;0;0;0;0;0;0;0;0;0;1;0;0;0;0
"05/11/2024";"08:04:42";"298";"Sem vítima";"74,200";"BR-290/RS";"Decrescente";"Capotamento";1;0;0;0;0;0;0;0;0;0;1;0;0;0;0
"06/11/2024";"03:14:42";"264";"Com vítima";"24,000";"BR-290/RS";"Crescente";"Saída de pista";1;0;0;0;0;0;0;0;0;0;0;1;0;0;0
"08/11/2024";"02:08:30";"26";"Sem vítima";"349,000";"BR-386/RS";"Decrescente";"Colisão traseira";1;0;0;0;0;0;0;0;0;0;1;0;0;0;0
"08/11/2024";"05:01:08";"106";"Sem vítima";"435,000";"BR-386/RS";"Crescente";"Colisão lateral no mesmo sentido";1;0;0;0;0;0;0;0;0;0;1;0;0;0;0
"08/11/2024";"09:59:32";"201";"Sem vítima";"426,000";"BR-386/RS";"Crescente";"Colisão traseira";1;0;0;0;0;0;0;0;0;0;1;0;0;0;0
"08/11/2024";"05:56:23";"292";"Sem vítima";"435,000";"BR-386/RS";"Crescente";"Choque";1;0;0;0;0;0;0;0;0;0;1;0;0;0;0
"08/11/2024";"06:22:37";"297";"Sem vítima";"350,000";"BR-386/RS";"Decrescente";"Colisão lateral no mesmo sentido";1;0;0;0;0;0;0;0;0;0;1;0;0;0;0
"08/11/2024";"07:34:40";"308";"Com vítima";"85,000";"BR-290/RS";"Decrescente";"Choque";0;0;1;0;0;0;0;0;0;0;0;1;0;0;0
"09/11/2024";"05:01:04";"212";"Com vítima";"76,000";"BR-101/RS";"Crescente";"Choque";0;0;0;1;0;0;0;0;0;0;0;1;0;0;0
"09/11/2024";"06:48:31";"223";"Sem vítima";"39,000";"BR-101/RS";"Decrescente";"Saída de pista";1;0;0;0;0;0;0;0;0;0;1;0;0;0;0
"09/11/2024";"10:54:04";"9";"Com vítima";"60,000";"BR-290/RS";"Crescente";"Colisão traseira";0;0;0;1;0;0;0;0;0;0;0;1;0;0;0
"10/11/2024";"08:36:25";"68";"Sem vítima";"329,000";"BR-386/RS";"Decrescente";"Choque";1;0;0;0;0;0;0;0;0;0;1;0;0;0;0
"10/11/2024";"02:42:34";"140";"Sem vítima";"1,000";"BR-101/RS";"Decrescente";"Colisão traseira";1;0;0;0;0;0;0;0;0;0;1;0;0;0;0
"10/11/2024";"05:48:28";"183";"Sem vítima";"91,000";"BR-290/RS";"Decrescente";"Colisão lateral no mesmo sentido";1;0;0;0;0;0;0;0;0;0;1;0;0;0;0
"11/11/2024";"05:45:16";"124";"Sem vítima";"437,000";"BR-386/RS";"Crescente";"Colisão traseira";1;0;0;0;0;0;0;0;0;0;1;0;0;0;0
"11/11/2024";"08:45:49";"186";"Sem vítima";"243,000";"BR-386/RS";"Decrescente";"Colisão lateral no mesmo sentido";1;0;0;0;0;0;0;0;0;0;1;0;0;0;0
"11/11/2024";"12:17:56";"239";"Sem vítima";"431,000";"BR-386/RS";"Crescente";"Colisão lateral no mesmo sentido";0;0;0;1;0;0;0;0;0;0;1;0;0;0;0
"12/11/2024";"09:49:38";"209";"Sem vítima";"432,000";"BR-386/RS";"Decrescente";"Colisão lateral no mesmo sentido";0;0;1;0;0;0;0;0;0;0;1;0;0;0;0
"13/11/2024";"04:25:31";"72";"Sem vítima";"351,000";"BR-386/RS";"Decrescente";"Colisão lateral no mesmo sentido";1;0;0;0;0;0;0;0;0;0;1;0;0;0;0
"13/11/2024";"04:52:59";"99";"Sem vítima";"343,000";"BR-386/RS";"Crescente";"Colisão lateral no mesmo sentido";0;0;0;1;0;0;0;0;0;0;1;0;0;0;0
"14/11/2024";"12:22:15";"185";"Com vítima";"8,000";"BR-290/RS";"Decrescente";"Capotamento";1;0;0;0;0;0;0;0;0;0;0;0;1;0;0
"14/11/2024";"01:01:23";"196";"Sem vítima";"73,000";"BR-290/RS";"Decrescente";"Colisão traseira";1;0;0;0;0;0;0;0;0;0;1;0;0;0;0
"14/11/2024";"05:11:24";"263";"Sem vítima";"86,000";"BR-290/RS";"Decrescente";"Engavetamento";1;0;0;0;0;0;0;0;0;0;1;0;0;0;0
"14/11/2024";"09:44:23";"8";"Sem vítima";"383,000";"BR-386/RS";"Decrescente";"Saída de pista";1;0;0;0;0;0;0;0;0;0;1;0;0;0;0
"16/11/2024";"06:07:17";"99";"Sem vítima";"352,000";"BR-386/RS";"Crescente";"Colisão traseira";0;0;0;1;0;0;0;0;0;0;1;0;0;0;0
"16/11/2024";"11:57:16";"8";"Sem vítima";"379,000";"BR-386/RS";"Decrescente";"Choque";1;0;0;0;0;0;0;0;0;0;1;0;0;0;0
"17/11/2024";"02:08:08";"230";"Sem vítima";"204,000";"BR-386/RS";"Decrescente";"Engavetamento";1;0;0;0;0;0;0;0;0;0;1;0;0;0;0